{
  "xle_low": 0.09484582394361496,
  "usd_index_low": 0.06105123832821846,
  "xlk_close": 0.05878133326768875,
  "ema_200": 0.05426592752337456,
  "sma_200": 0.034219931811094284,
  "volume_sma_20": 0.028422603383660316,
  "xle_close": 0.02821408025920391,
  "ema_10": 0.02705807238817215,
  "usd_index_high": 0.024788130074739456,
  "ema_50": 0.023434137925505638,
  "vix_sma_10": 0.023083118721842766,
  "macd": 0.022745391353964806,
  "treasury_10y_close": 0.02174949273467064,
  "treasury_10y_open": 0.021427346393465996,
  "treasury_10y_low": 0.020981863141059875,
  "usd_index_close": 0.019363222643733025,
  "xlk_high": 0.019241906702518463,
  "ema_20": 0.019038651138544083,
  "xlf_close": 0.018977893516421318,
  "treasury_10y_high": 0.017302770167589188
}