{
  "bb_upper": 0.03154304251074791,
  "vix_high": 0.03081897459924221,
  "xlk_open": 0.027409974485635757,
  "treasury_10y_low": 0.026974478736519814,
  "yield_change": 0.023628896102309227,
  "volume_ratio": 0.023012323305010796,
  "sma_200": 0.022864514961838722,
  "vix_close": 0.022831782698631287,
  "xlk_high": 0.02092299424111843,
  "xle_high": 0.020709598436951637,
  "return_1d": 0.020456861704587936,
  "sma_10": 0.020395027473568916,
  "volatility_5": 0.019389968365430832,
  "xlk_close": 0.01903819851577282,
  "usd_index_low": 0.019032280892133713,
  "xlf_high": 0.018505925312638283,
  "ema_10": 0.0184469074010849,
  "bb_pct": 0.018053380772471428,
  "ema_200": 0.017323758453130722,
  "macd_signal": 0.01722566969692707
}