{
  "ema_50": 0.05430265888571739,
  "sma_200": 0.0389053076505661,
  "xle_open": 0.034786004573106766,
  "volatility_5": 0.03445380926132202,
  "ema_200": 0.034185539931058884,
  "xlf_high": 0.03295106068253517,
  "ema_10": 0.03158034011721611,
  "bb_upper": 0.027699870988726616,
  "macd_signal": 0.02625495381653309,
  "vix_sma_10": 0.026055583730340004,
  "sma_50": 0.024400722235441208,
  "usd_index_low": 0.023015473037958145,
  "usd_index_high": 0.020762605592608452,
  "xlk_high": 0.018510714173316956,
  "usd_index_open": 0.017893079668283463,
  "xlk_low": 0.017850397154688835,
  "volume_sma_20": 0.016967691481113434,
  "volume_ratio": 0.016720104962587357,
  "xlf_rel_strength": 0.016125481575727463,
  "rsi_14": 0.016047244891524315
}