{
  "bb_upper": 0.03994351252913475,
  "vix_high": 0.027926236391067505,
  "sma_200": 0.024814384058117867,
  "vix_low": 0.02451072447001934,
  "yield_change": 0.023475030437111855,
  "usd_index_low": 0.02311263047158718,
  "ema_200": 0.022609662264585495,
  "bb_pct": 0.022479839622974396,
  "treasury_10y_low": 0.02103831060230732,
  "vix_close": 0.020832842215895653,
  "xlk_high": 0.02000577375292778,
  "return_1d": 0.019555779173970222,
  "rsi_14": 0.01950755901634693,
  "stoch_d": 0.019097065553069115,
  "xle_volume": 0.01893341913819313,
  "xlf_open": 0.018743282184004784,
  "volume_ratio": 0.018247919157147408,
  "xlk_low": 0.01795908622443676,
  "xlf_rel_strength": 0.017781654372811317,
  "macd_signal": 0.01743987947702408
}