{
  "xle_low": 0.08769281953573227,
  "ema_200": 0.05673639103770256,
  "ema_10": 0.048700109124183655,
  "usd_index_low": 0.042005497962236404,
  "sma_200": 0.039063747972249985,
  "vix_sma_10": 0.03506669029593468,
  "xle_open": 0.033604852855205536,
  "xlk_close": 0.03030896745622158,
  "xlk_high": 0.02762930653989315,
  "volume_sma_20": 0.02648126520216465,
  "usd_index_open": 0.02645168825984001,
  "sma_50": 0.0232502780854702,
  "sma_20": 0.021839911118149757,
  "ema_20": 0.021733460947871208,
  "xlf_high": 0.021408764645457268,
  "macd_diff": 0.021170014515519142,
  "macd": 0.020601874217391014,
  "ema_50": 0.018839484080672264,
  "usd_index_high": 0.01882535219192505,
  "bb_lower": 0.018330596387386322
}