{
  "sma_200": 0.03385613113641739,
  "vix_high": 0.03278638422489166,
  "vix_open": 0.025687796995043755,
  "volume_ratio": 0.02528439648449421,
  "yield_change": 0.022686684504151344,
  "rsi_14": 0.022069238126277924,
  "xle_high": 0.021724503487348557,
  "bb_lower": 0.021600306034088135,
  "vix_close": 0.021041322499513626,
  "return_1d": 0.02087218128144741,
  "treasury_10y_low": 0.020701110363006592,
  "ema_200": 0.020029911771416664,
  "xlk_open": 0.01965167187154293,
  "xlf_rel_strength": 0.019121307879686356,
  "usd_index_high": 0.019068356603384018,
  "xle_open": 0.01859603449702263,
  "volatility_5": 0.018489057198166847,
  "macd_signal": 0.01810455322265625,
  "vix_change": 0.018092747777700424,
  "sma_10": 0.01781410351395607
}