{
  "xle_low": 0.08805236220359802,
  "ema_200": 0.05698184669017792,
  "ema_10": 0.046845484524965286,
  "usd_index_low": 0.03991321101784706,
  "xle_close": 0.038467887789011,
  "vix_sma_10": 0.03698418289422989,
  "xlk_close": 0.03231443837285042,
  "sma_200": 0.03199389949440956,
  "usd_index_close": 0.028442688286304474,
  "usd_index_open": 0.027781955897808075,
  "volume_sma_20": 0.0269157811999321,
  "ema_50": 0.024276917800307274,
  "macd": 0.020776139572262764,
  "sma_50": 0.020524222403764725,
  "macd_diff": 0.019138062372803688,
  "xlf_low": 0.017792344093322754,
  "treasury_10y_low": 0.017548708245158195,
  "macd_signal": 0.017374150454998016,
  "xlk_low": 0.01697468012571335,
  "bb_lower": 0.015990961343050003
}