{
  "bb_upper": 0.03155258670449257,
  "vix_high": 0.030828308314085007,
  "xlk_open": 0.027418268844485283,
  "treasury_10y_low": 0.02698247879743576,
  "yield_change": 0.02363603562116623,
  "volume_ratio": 0.023019282147288322,
  "sma_200": 0.022871436551213264,
  "vix_close": 0.022838685661554337,
  "xlk_high": 0.020929325371980667,
  "xle_high": 0.020715879276394844,
  "return_1d": 0.02046307548880577,
  "sma_10": 0.020401161164045334,
  "volatility_5": 0.019395951181650162,
  "xlk_close": 0.01904395967721939,
  "usd_index_low": 0.019037993624806404,
  "xlf_high": 0.0185115784406662,
  "ema_10": 0.018452489748597145,
  "bb_pct": 0.018058842048048973,
  "ema_200": 0.017328990623354912,
  "macd_signal": 0.017230873927474022
}