{
  "vix_high": 0.0369390994310379,
  "vix_low": 0.030963575467467308,
  "bb_lower": 0.025906730443239212,
  "xle_open": 0.025146817788481712,
  "bb_upper": 0.023293310776352882,
  "yield_change": 0.023037845268845558,
  "treasury_10y_low": 0.02285175211727619,
  "return_1d": 0.021435581147670746,
  "vix_close": 0.020899154245853424,
  "ema_200": 0.01957426778972149,
  "volatility_5": 0.01955525018274784,
  "rsi_14": 0.019539644941687584,
  "bb_pct": 0.019292965531349182,
  "volume_ratio": 0.01871551014482975,
  "vix_open": 0.018648462370038033,
  "treasury_10y_open": 0.017775047570466995,
  "vix_change": 0.0177658312022686,
  "usd_index_low": 0.017609456554055214,
  "sma_200": 0.017372939735651016,
  "xlk_low": 0.017014235258102417
}