{
  "treasury_10y_low": 0.03158487752079964,
  "vix_high": 0.029448531568050385,
  "bb_upper": 0.025899535045027733,
  "sma_200": 0.024548394605517387,
  "yield_change": 0.024492736905813217,
  "xlk_low": 0.023412402719259262,
  "bb_lower": 0.023010604083538055,
  "volume_ratio": 0.02284138835966587,
  "rsi_14": 0.02180849015712738,
  "usd_index_high": 0.021095626056194305,
  "vix_open": 0.021054213866591454,
  "return_1d": 0.020996883511543274,
  "xlk_open": 0.020444637164473534,
  "vix_close": 0.020083392038941383,
  "xle_high": 0.0189119391143322,
  "macd_diff": 0.01872354745864868,
  "xlf_open": 0.01822645217180252,
  "macd_signal": 0.01724543236196041,
  "xlf_high": 0.01714858040213585,
  "stoch_d": 0.016684532165527344
}