{
  "xle_low": 0.08259805291891098,
  "usd_index_low": 0.07284092903137207,
  "ema_10": 0.05002869665622711,
  "ema_200": 0.04609822481870651,
  "xle_open": 0.044653140008449554,
  "sma_200": 0.03634131699800491,
  "vix_sma_10": 0.03563106060028076,
  "usd_index_open": 0.03248713165521622,
  "sma_10": 0.024040445685386658,
  "volume_sma_20": 0.02387356013059616,
  "xlk_high": 0.02178201638162136,
  "xlk_close": 0.021768033504486084,
  "macd": 0.021321581676602364,
  "usd_index_high": 0.020550696179270744,
  "ema_50": 0.019013147801160812,
  "rsi_14": 0.018231678754091263,
  "sma_20": 0.018097301945090294,
  "macd_diff": 0.017747195437550545,
  "bb_upper": 0.01724013313651085,
  "ema_20": 0.016880949959158897
}