{
  "sma_10": 0.034798916429281235,
  "bb_upper": 0.02892529033124447,
  "vix_high": 0.027133077383041382,
  "sma_200": 0.025968873873353004,
  "vix_low": 0.024002550169825554,
  "treasury_10y_low": 0.022897988557815552,
  "yield_change": 0.022294368594884872,
  "vix_open": 0.022212723270058632,
  "bb_pct": 0.020911559462547302,
  "return_1d": 0.020323002710938454,
  "volatility_5": 0.019756464287638664,
  "rsi_14": 0.019725224003195763,
  "vix_close": 0.019678810611367226,
  "xlk_high": 0.019367320463061333,
  "ema_200": 0.018888918682932854,
  "treasury_10y_open": 0.018363913521170616,
  "volume_ratio": 0.018266795203089714,
  "volatility_20": 0.017734097316861153,
  "xlf_open": 0.0177129078656435,
  "vix_change": 0.017459651455283165
}