{
  "xle_low": 0.06901483982801437,
  "xlk_close": 0.06295143067836761,
  "ema_10": 0.05872684717178345,
  "ema_200": 0.046866510063409805,
  "sma_200": 0.041483573615550995,
  "usd_index_low": 0.03297910839319229,
  "sma_50": 0.030558470636606216,
  "usd_index_close": 0.029941298067569733,
  "vix_sma_10": 0.026542866602540016,
  "usd_index_open": 0.026387646794319153,
  "volume_sma_20": 0.02475696988403797,
  "sma_20": 0.022649917751550674,
  "xlf_close": 0.021460244432091713,
  "volatility_20": 0.021377017721533775,
  "macd": 0.02136225998401642,
  "sma_10": 0.0208685714751482,
  "ema_20": 0.020354652777314186,
  "xlf_high": 0.019878923892974854,
  "xle_close": 0.0192249808460474,
  "macd_diff": 0.019035039469599724
}