{
  "xle_low": 0.09509124606847763,
  "ema_10": 0.04969215765595436,
  "ema_200": 0.04764023423194885,
  "usd_index_open": 0.03649016469717026,
  "xlk_close": 0.0328848734498024,
  "vix_sma_10": 0.03207661956548691,
  "xle_open": 0.03182661533355713,
  "sma_200": 0.030589058995246887,
  "usd_index_high": 0.026314612478017807,
  "volume_sma_20": 0.025692444294691086,
  "atr_14": 0.02493605576455593,
  "macd": 0.02295747771859169,
  "usd_index_low": 0.021653037518262863,
  "sma_50": 0.020655687898397446,
  "macd_diff": 0.020319540053606033,
  "sma_20": 0.020281963050365448,
  "sma_10": 0.019376862794160843,
  "treasury_10y_open": 0.018913509324193,
  "ema_50": 0.017196083441376686,
  "xle_high": 0.01708134263753891
}