{
  "xle_low": 0.06214815750718117,
  "ema_10": 0.05839027464389801,
  "ema_200": 0.047145046293735504,
  "ema_20": 0.041549406945705414,
  "usd_index_low": 0.04137739911675453,
  "sma_200": 0.03507346287369728,
  "vix_sma_10": 0.034099746495485306,
  "sma_50": 0.0324917696416378,
  "usd_index_open": 0.031549885869026184,
  "xle_close": 0.030891025438904762,
  "xlf_high": 0.030098147690296173,
  "macd": 0.029624292626976967,
  "volume_sma_20": 0.028167514130473137,
  "volatility_20": 0.021894074976444244,
  "sma_20": 0.02142461948096752,
  "xlk_close": 0.020199041813611984,
  "xlf_low": 0.019989799708127975,
  "xlk_low": 0.018772345036268234,
  "usd_index_close": 0.018480950966477394,
  "xle_high": 0.01821449212729931
}