{
  "xle_low": 0.09352429956197739,
  "ema_200": 0.0572274886071682,
  "xlk_close": 0.043054353445768356,
  "sma_200": 0.03840940445661545,
  "volume_sma_20": 0.03499804809689522,
  "usd_index_open": 0.034748610109090805,
  "vix_sma_10": 0.034520722925662994,
  "ema_10": 0.03177334740757942,
  "usd_index_low": 0.02997664548456669,
  "usd_index_close": 0.028043430298566818,
  "ema_20": 0.02521602064371109,
  "xlf_high": 0.022735342383384705,
  "bb_upper": 0.02117994613945484,
  "xle_close": 0.01976386457681656,
  "xlk_low": 0.018990274518728256,
  "sma_20": 0.018504548817873,
  "macd": 0.018465381115674973,
  "macd_diff": 0.017989087849855423,
  "xlk_high": 0.017603890970349312,
  "bb_lower": 0.017585083842277527
}