{
  "xle_high": 0.04528205841779709,
  "sma_10": 0.04087519273161888,
  "sma_200": 0.03931932896375656,
  "volatility_5": 0.036543309688568115,
  "xle_open": 0.03288854658603668,
  "bb_upper": 0.03081447072327137,
  "ema_200": 0.0301936287432909,
  "sma_50": 0.03005545772612095,
  "usd_index_high": 0.02510369010269642,
  "macd_signal": 0.023893538862466812,
  "xlk_high": 0.02291836030781269,
  "xlf_high": 0.021333681419491768,
  "usd_index_low": 0.021088140085339546,
  "xlk_low": 0.019718006253242493,
  "ema_20": 0.019697152078151703,
  "vix_sma_10": 0.019073503091931343,
  "treasury_10y_open": 0.018826782703399658,
  "ema_50": 0.017874570563435555,
  "macd_diff": 0.017531445249915123,
  "volume_sma_20": 0.016882285475730896
}