{
  "xle_low": 0.07003350555896759,
  "usd_index_low": 0.06272147595882416,
  "ema_200": 0.047687698155641556,
  "ema_10": 0.04047355055809021,
  "sma_200": 0.03380415961146355,
  "xle_close": 0.03241584450006485,
  "xlk_close": 0.029145514592528343,
  "usd_index_close": 0.025603866204619408,
  "volume_sma_20": 0.025079481303691864,
  "vix_sma_10": 0.024757621809840202,
  "bb_lower": 0.023630330339074135,
  "sma_50": 0.023536862805485725,
  "sma_10": 0.021574845537543297,
  "xlf_high": 0.02069680579006672,
  "ema_50": 0.02062758058309555,
  "macd": 0.020358487963676453,
  "bb_upper": 0.0200057253241539,
  "sma_20": 0.019892703741788864,
  "macd_signal": 0.01921754889190197,
  "usd_index_high": 0.018058616667985916
}