{
  "sma_200": 0.03171304985880852,
  "treasury_10y_low": 0.02895156480371952,
  "vix_low": 0.026916876435279846,
  "usd_index_low": 0.02668048068881035,
  "vix_high": 0.026656705886125565,
  "return_1d": 0.022866712883114815,
  "rsi_14": 0.022472230717539787,
  "bb_upper": 0.022101635113358498,
  "vix_close": 0.021653471514582634,
  "vix_open": 0.021437911316752434,
  "yield_change": 0.02111542597413063,
  "bb_pct": 0.021066121757030487,
  "xlf_open": 0.019645771011710167,
  "bb_lower": 0.019497565925121307,
  "vix_change": 0.018362512812018394,
  "usd_index_close": 0.01722857728600502,
  "return_5d": 0.016452709212899208,
  "volume_ratio": 0.01644621603190899,
  "bb_width": 0.016204217448830605,
  "xlk_open": 0.016139212995767593
}