{
  "vix_high": 0.031628891825675964,
  "xlf_high": 0.03161147981882095,
  "treasury_10y_low": 0.026612961664795876,
  "bb_upper": 0.02407156117260456,
  "vix_close": 0.0234335009008646,
  "xlf_low": 0.02210387773811817,
  "return_1d": 0.022015677765011787,
  "ema_200": 0.02162628062069416,
  "xlk_high": 0.02156638726592064,
  "usd_index_open": 0.020928502082824707,
  "usd_index_low": 0.020890865474939346,
  "yield_change": 0.020467609167099,
  "volume_ratio": 0.020114321261644363,
  "rsi_14": 0.020096156746149063,
  "volatility_5": 0.018871691077947617,
  "sma_50": 0.018542131409049034,
  "bb_lower": 0.017797324806451797,
  "stoch_d": 0.017599953338503838,
  "bb_pct": 0.017568886280059814,
  "xlf_rel_strength": 0.017361482605338097
}