{
  "sma_50": 0.05163788050413132,
  "xle_open": 0.040779173374176025,
  "sma_200": 0.03923262655735016,
  "ema_200": 0.03420761972665787,
  "usd_index_low": 0.03404352068901062,
  "volatility_5": 0.03384418040513992,
  "xlf_high": 0.032502543181180954,
  "vix_sma_10": 0.025344770401716232,
  "ema_50": 0.024903032928705215,
  "xlk_low": 0.02480960264801979,
  "bb_upper": 0.02435215935111046,
  "sma_10": 0.021528402343392372,
  "usd_index_high": 0.02094641514122486,
  "macd_signal": 0.02034316025674343,
  "xlf_open": 0.01762465573847294,
  "xle_low": 0.017182035371661186,
  "atr_14": 0.01638382486999035,
  "xlk_high": 0.01628975383937359,
  "xle_close": 0.015895746648311615,
  "treasury_10y_low": 0.015672363340854645
}