{
  "xle_low": 0.07058483362197876,
  "usd_index_low": 0.05493122339248657,
  "ema_200": 0.048054274171590805,
  "sma_200": 0.044828519225120544,
  "ema_10": 0.03288384899497032,
  "xle_close": 0.03209162876009941,
  "sma_50": 0.03126651048660278,
  "vix_sma_10": 0.030174413695931435,
  "ema_20": 0.029477449133992195,
  "sma_10": 0.029399016872048378,
  "volume_sma_20": 0.027694666758179665,
  "volatility_20": 0.025992130860686302,
  "xlf_high": 0.025681879371404648,
  "ema_50": 0.023746361956000328,
  "sma_20": 0.021939465776085854,
  "macd": 0.021107567474246025,
  "usd_index_close": 0.02011801116168499,
  "macd_diff": 0.019762080162763596,
  "atr_14": 0.01853037253022194,
  "usd_index_high": 0.018391402438282967
}