{
  "xle_low": 0.07529032230377197,
  "ema_200": 0.06649737060070038,
  "sma_200": 0.047454025596380234,
  "usd_index_low": 0.0411062091588974,
  "ema_10": 0.037158869206905365,
  "vix_sma_10": 0.03648478910326958,
  "xle_close": 0.035466015338897705,
  "volume_sma_20": 0.030499832704663277,
  "xlk_close": 0.030313391238451004,
  "usd_index_open": 0.02944515272974968,
  "usd_index_high": 0.02194545976817608,
  "sma_50": 0.020744550973176956,
  "macd_diff": 0.02066662721335888,
  "macd": 0.02051163837313652,
  "ema_20": 0.01971769519150257,
  "volatility_20": 0.019277602434158325,
  "xlf_high": 0.018759265542030334,
  "vix_close": 0.01795164681971073,
  "bb_upper": 0.017751455307006836,
  "sma_20": 0.01736663654446602
}