{
  "sma_10": 0.04481281712651253,
  "volatility_5": 0.04156417399644852,
  "xle_high": 0.0409608893096447,
  "sma_50": 0.03946387395262718,
  "bb_upper": 0.03279538452625275,
  "xle_open": 0.031333375722169876,
  "ema_200": 0.030799325555562973,
  "usd_index_low": 0.028444351628422737,
  "sma_200": 0.025510383769869804,
  "macd_signal": 0.024976223707199097,
  "xlk_high": 0.02446162700653076,
  "usd_index_high": 0.023842327296733856,
  "xlk_open": 0.020618880167603493,
  "ema_20": 0.018760109320282936,
  "ema_50": 0.01824866607785225,
  "vix_sma_10": 0.017023351043462753,
  "rsi_14": 0.016852814704179764,
  "xle_low": 0.01671302691102028,
  "macd_diff": 0.016136454418301582,
  "atr_14": 0.016100842505693436
}