{
  "vix_high": 0.03739071637392044,
  "vix_open": 0.02685697376728058,
  "xlf_high": 0.025108549743890762,
  "yield_change": 0.024042023345828056,
  "bb_lower": 0.024007491767406464,
  "xlk_open": 0.023940399289131165,
  "volume_ratio": 0.02329784259200096,
  "return_1d": 0.021638041362166405,
  "treasury_10y_low": 0.02146909385919571,
  "macd_signal": 0.020919499918818474,
  "xle_high": 0.020640185102820396,
  "rsi_14": 0.020543906837701797,
  "sma_10": 0.02027766779065132,
  "usd_index_high": 0.020189160481095314,
  "xlf_open": 0.020056212320923805,
  "volatility_5": 0.01983742043375969,
  "sma_200": 0.0196208693087101,
  "xlk_low": 0.01922735944390297,
  "ema_200": 0.017942210659384727,
  "vix_close": 0.017844315618276596
}