{
  "vix_high": 0.030248193070292473,
  "xlf_high": 0.02739347144961357,
  "vix_close": 0.02332284115254879,
  "sma_10": 0.02325030229985714,
  "bb_upper": 0.022819502279162407,
  "yield_change": 0.022745633497834206,
  "volume_ratio": 0.022493723779916763,
  "xlk_close": 0.021430155262351036,
  "treasury_10y_low": 0.02104239910840988,
  "return_1d": 0.020600512623786926,
  "rsi_14": 0.02037237212061882,
  "xle_high": 0.02008938416838646,
  "sma_200": 0.020001905038952827,
  "ema_200": 0.019246824085712433,
  "vix_open": 0.01890706457197666,
  "volatility_5": 0.018670421093702316,
  "sma_20": 0.018441176041960716,
  "usd_index_high": 0.01824340596795082,
  "bb_lower": 0.018189536407589912,
  "xlk_low": 0.01744673028588295
}