{
  "xle_low": 0.07652479410171509,
  "ema_200": 0.0509810745716095,
  "usd_index_low": 0.050730105489492416,
  "vix_sma_10": 0.044489722698926926,
  "ema_10": 0.040188949555158615,
  "sma_200": 0.037485089153051376,
  "xle_close": 0.03425348177552223,
  "sma_50": 0.031152209267020226,
  "sma_10": 0.027389422059059143,
  "xlk_close": 0.026460256427526474,
  "usd_index_close": 0.026329124346375465,
  "xlf_low": 0.024447351694107056,
  "macd": 0.021567251533269882,
  "xlf_high": 0.020974725484848022,
  "xlf_open": 0.020903481170535088,
  "sma_20": 0.020661063492298126,
  "volatility_20": 0.02011660486459732,
  "bb_upper": 0.01955454982817173,
  "usd_index_high": 0.018849575892090797,
  "xle_open": 0.016882020980119705
}