{
  "xle_low": 0.06991486996412277,
  "ema_200": 0.052653566002845764,
  "sma_200": 0.0512557178735733,
  "usd_index_open": 0.035661328583955765,
  "ema_10": 0.035624127835035324,
  "xlk_close": 0.03387061133980751,
  "xle_close": 0.03364250808954239,
  "usd_index_low": 0.031475067138671875,
  "vix_sma_10": 0.028469763696193695,
  "volume_sma_20": 0.02831992506980896,
  "ema_50": 0.028084730729460716,
  "xlk_high": 0.02378457970917225,
  "macd": 0.023268863558769226,
  "macd_diff": 0.02289489284157753,
  "usd_index_high": 0.02039208449423313,
  "sma_10": 0.02008579857647419,
  "bb_lower": 0.02007545717060566,
  "volatility_20": 0.019808776676654816,
  "xlf_close": 0.0191650353372097,
  "ema_20": 0.01717381179332733
}