{
  "sma_200": 0.03206772357225418,
  "vix_high": 0.029383685439825058,
  "xlf_high": 0.025769995525479317,
  "bb_lower": 0.025745704770088196,
  "xle_high": 0.02550702914595604,
  "volume_ratio": 0.024605385959148407,
  "usd_index_high": 0.022348342463374138,
  "bb_upper": 0.022053172811865807,
  "xlf_low": 0.02203136309981346,
  "rsi_14": 0.02166486158967018,
  "vix_open": 0.02158142626285553,
  "treasury_10y_low": 0.02059144340455532,
  "return_1d": 0.020521042868494987,
  "yield_change": 0.020291509106755257,
  "xlf_rel_strength": 0.01860562525689602,
  "vix_close": 0.018024293705821037,
  "ema_20": 0.01793813519179821,
  "xlk_high": 0.017788657918572426,
  "xlk_open": 0.01767706498503685,
  "volatility_5": 0.0176711268723011
}