{
  "xle_open": 0.04621770605444908,
  "sma_50": 0.04331352189183235,
  "sma_200": 0.0406363345682621,
  "volatility_5": 0.03779396787285805,
  "usd_index_low": 0.0314224474132061,
  "ema_50": 0.03051663562655449,
  "xlf_high": 0.028877202421426773,
  "bb_upper": 0.027310000732541084,
  "ema_200": 0.02656952664256096,
  "sma_10": 0.024952370673418045,
  "macd_signal": 0.02424272894859314,
  "vix_sma_10": 0.023710723966360092,
  "ema_20": 0.021220697090029716,
  "volume_sma_20": 0.020923743024468422,
  "xlf_low": 0.020849602296948433,
  "usd_index_high": 0.019891802221536636,
  "volume_ratio": 0.017712807282805443,
  "xlk_low": 0.017486343160271645,
  "sma_20": 0.016959015280008316,
  "xlk_high": 0.01583651266992092
}