{
  "xle_low": 0.07801907509565353,
  "ema_200": 0.05881938338279724,
  "sma_200": 0.040006548166275024,
  "usd_index_low": 0.034167226403951645,
  "xlk_close": 0.0341377779841423,
  "ema_10": 0.03384988009929657,
  "xle_close": 0.03164016827940941,
  "usd_index_close": 0.029846813529729843,
  "vix_sma_10": 0.02956288494169712,
  "usd_index_open": 0.027419496327638626,
  "sma_50": 0.027413388714194298,
  "volume_sma_20": 0.024698473513126373,
  "bb_lower": 0.023069031536579132,
  "xlk_high": 0.022925978526473045,
  "macd_diff": 0.02199462801218033,
  "treasury_10y_high": 0.020947862416505814,
  "ema_20": 0.020638445392251015,
  "usd_index_high": 0.02006392739713192,
  "sma_10": 0.019895857200026512,
  "ema_50": 0.018801618367433548
}