{
  "xle_open": 0.05680256336927414,
  "volatility_5": 0.041016120463609695,
  "bb_upper": 0.03817359358072281,
  "ema_200": 0.03747048228979111,
  "xlf_high": 0.031424470245838165,
  "sma_50": 0.03014453873038292,
  "ema_20": 0.028023049235343933,
  "sma_200": 0.027880502864718437,
  "sma_10": 0.02702515386044979,
  "usd_index_high": 0.02609633468091488,
  "macd_signal": 0.022537821903824806,
  "vix_sma_10": 0.022336848080158234,
  "xlk_open": 0.020877426490187645,
  "volume_ratio": 0.020833086222410202,
  "ema_50": 0.020720861852169037,
  "usd_index_low": 0.020022548735141754,
  "xlf_rel_strength": 0.01709437370300293,
  "volume_sma_20": 0.016387810930609703,
  "rsi_14": 0.016372689977288246,
  "ema_10": 0.01534968800842762
}