{
  "xle_high": 0.04897567629814148,
  "sma_10": 0.04309564456343651,
  "ema_50": 0.0412440188229084,
  "volatility_5": 0.040246400982141495,
  "ema_200": 0.0304851196706295,
  "usd_index_high": 0.028861330822110176,
  "sma_200": 0.02738141268491745,
  "xlf_open": 0.025961661711335182,
  "bb_upper": 0.023820627480745316,
  "sma_50": 0.023697327822446823,
  "macd_signal": 0.02095699869096279,
  "xlf_high": 0.020868847146630287,
  "xle_open": 0.020824238657951355,
  "treasury_10y_open": 0.020313192158937454,
  "usd_index_low": 0.019080255180597305,
  "xlk_low": 0.018535491079092026,
  "vix_sma_10": 0.018501505255699158,
  "volatility_20": 0.01717323251068592,
  "ema_10": 0.01712210290133953,
  "atr_14": 0.017067575827240944
}