{
  "vix_high": 0.0264927688986063,
  "bb_upper": 0.025885215029120445,
  "xlk_low": 0.025128420442342758,
  "xle_open": 0.024518532678484917,
  "treasury_10y_low": 0.024207528680562973,
  "ema_200": 0.02187940664589405,
  "vix_low": 0.021664706990122795,
  "yield_change": 0.02155776135623455,
  "return_1d": 0.02099909819662571,
  "usd_index_low": 0.02070719748735428,
  "xlk_close": 0.020608602091670036,
  "bb_lower": 0.020240817219018936,
  "volume_ratio": 0.020130077376961708,
  "vix_close": 0.01932688057422638,
  "xle_high": 0.01918906159698963,
  "rsi_14": 0.01870209537446499,
  "bb_pct": 0.018538378179073334,
  "treasury_10y_open": 0.018423866480588913,
  "macd_signal": 0.01838378980755806,
  "return_20d": 0.017676977440714836
}