{
  "xle_low": 0.07194431126117706,
  "ema_10": 0.054345931857824326,
  "sma_50": 0.047366779297590256,
  "ema_200": 0.045913927257061005,
  "sma_200": 0.041671592742204666,
  "xle_close": 0.03463802859187126,
  "vix_sma_10": 0.03461459279060364,
  "usd_index_low": 0.03406032174825668,
  "xlf_low": 0.033348046243190765,
  "usd_index_open": 0.02685008943080902,
  "ema_50": 0.023571675643324852,
  "sma_20": 0.022550730034708977,
  "xlf_high": 0.02111128903925419,
  "macd": 0.02052123472094536,
  "volatility_20": 0.01999502256512642,
  "xlk_open": 0.018856646493077278,
  "usd_index_close": 0.0186244398355484,
  "vix_open": 0.01762351579964161,
  "ema_20": 0.017235388979315758,
  "macd_signal": 0.016988497227430344
}