{
  "xle_open": 0.05524368956685066,
  "ema_200": 0.037177760154008865,
  "volatility_5": 0.035104088485240936,
  "usd_index_high": 0.02962241694331169,
  "sma_200": 0.029249971732497215,
  "ema_10": 0.028328213840723038,
  "xlf_high": 0.027314726263284683,
  "bb_upper": 0.026999779045581818,
  "macd_signal": 0.026534399017691612,
  "ema_50": 0.024241166189312935,
  "sma_20": 0.02316519245505333,
  "vix_sma_10": 0.022433040663599968,
  "volume_ratio": 0.021265428513288498,
  "sma_50": 0.02099037915468216,
  "usd_index_low": 0.01944682002067566,
  "xle_low": 0.018140019848942757,
  "rsi_14": 0.018030093982815742,
  "sma_10": 0.01778952032327652,
  "volatility_20": 0.017570219933986664,
  "ema_20": 0.017153458669781685
}