{
  "xle_open": 0.05797075480222702,
  "volatility_5": 0.03559471294283867,
  "ema_200": 0.03555212542414665,
  "bb_upper": 0.03381888195872307,
  "sma_200": 0.03296200558543205,
  "xlf_high": 0.03177044540643692,
  "sma_50": 0.03145661577582359,
  "sma_10": 0.0297054685652256,
  "ema_50": 0.027536770328879356,
  "macd_signal": 0.026086268946528435,
  "usd_index_high": 0.024515334516763687,
  "vix_sma_10": 0.023942120373249054,
  "ema_20": 0.023003969341516495,
  "volume_ratio": 0.022231178358197212,
  "xlk_low": 0.02161787636578083,
  "usd_index_low": 0.02013721875846386,
  "atr_14": 0.01741831749677658,
  "xlf_rel_strength": 0.016472337767481804,
  "xlf_open": 0.016369778662919998,
  "xle_low": 0.015609953552484512
}