{
  "vix_high": 0.031129371374845505,
  "bb_upper": 0.02920370176434517,
  "xlf_high": 0.028247283771634102,
  "volume_ratio": 0.024497201666235924,
  "yield_change": 0.02435464970767498,
  "vix_close": 0.022813599556684494,
  "sma_200": 0.021208396181464195,
  "usd_index_low": 0.021171458065509796,
  "rsi_14": 0.02101774699985981,
  "macd_signal": 0.019850056618452072,
  "return_1d": 0.01973354071378708,
  "sma_50": 0.0192993376404047,
  "treasury_10y_low": 0.019100278615951538,
  "ema_200": 0.01908845826983452,
  "macd_diff": 0.01906345598399639,
  "stoch_d": 0.018956830725073814,
  "xlk_low": 0.0188465379178524,
  "return_10d": 0.018310584127902985,
  "bb_width": 0.01794476993381977,
  "vix_open": 0.01766636222600937
}