{
  "xle_high": 0.05913328751921654,
  "sma_10": 0.04134425148367882,
  "xlf_high": 0.03724587336182594,
  "ema_200": 0.03609780967235565,
  "volatility_5": 0.03517456725239754,
  "sma_50": 0.034592606127262115,
  "bb_upper": 0.03329484164714813,
  "usd_index_low": 0.027611099183559418,
  "sma_200": 0.027047069743275642,
  "macd_signal": 0.024269722402095795,
  "usd_index_high": 0.022747110575437546,
  "xle_open": 0.02067844197154045,
  "xle_low": 0.019330348819494247,
  "volume_sma_20": 0.01866123452782631,
  "ema_20": 0.01806032285094261,
  "vix_sma_10": 0.017546100541949272,
  "ema_50": 0.016708023846149445,
  "xlk_high": 0.015704726800322533,
  "ema_10": 0.015685515478253365,
  "treasury_10y_open": 0.015501375310122967
}