{
  "vix_high": 0.03361808881163597,
  "volume_ratio": 0.02724415250122547,
  "xlf_high": 0.02566497027873993,
  "bb_upper": 0.025139588862657547,
  "vix_close": 0.023557770997285843,
  "rsi_14": 0.023501798510551453,
  "yield_change": 0.023235486820340157,
  "ema_200": 0.02217480167746544,
  "return_1d": 0.02116224728524685,
  "volatility_5": 0.02071729488670826,
  "xlk_low": 0.020701298490166664,
  "treasury_10y_low": 0.020498011261224747,
  "xlk_high": 0.019905854016542435,
  "xlf_low": 0.019023843109607697,
  "sma_200": 0.018778156489133835,
  "usd_index_low": 0.017981750890612602,
  "macd_diff": 0.017818935215473175,
  "xle_high": 0.01773730479180813,
  "macd_signal": 0.017656050622463226,
  "xlf_rel_strength": 0.01737179420888424
}