{
  "vix_high": 0.034058861434459686,
  "sma_10": 0.032085221260786057,
  "vix_close": 0.02697747014462948,
  "bb_lower": 0.026686418801546097,
  "volume_ratio": 0.025237012654542923,
  "yield_change": 0.023328425362706184,
  "bb_upper": 0.022825000807642937,
  "usd_index_open": 0.0220298133790493,
  "xlf_low": 0.02136714942753315,
  "sma_200": 0.02126634120941162,
  "volatility_5": 0.021112242713570595,
  "xle_high": 0.02086646854877472,
  "return_1d": 0.020649513229727745,
  "rsi_14": 0.019403358921408653,
  "treasury_10y_low": 0.019054340198636055,
  "xlk_open": 0.018879322335124016,
  "stoch_d": 0.018687602132558823,
  "usd_index_low": 0.017562733963131905,
  "bb_pct": 0.01756107062101364,
  "macd_diff": 0.017405103892087936
}