{
  "ema_50": 0.0488160066306591,
  "xle_open": 0.03968561068177223,
  "ema_200": 0.03925174102187157,
  "volatility_5": 0.0359366349875927,
  "xlk_high": 0.03395388275384903,
  "sma_50": 0.03218161687254906,
  "sma_200": 0.03073379024863243,
  "usd_index_high": 0.030505595728754997,
  "bb_upper": 0.026962310075759888,
  "usd_index_low": 0.025930611416697502,
  "vix_sma_10": 0.022560693323612213,
  "macd_signal": 0.022282304242253304,
  "ema_20": 0.021155904978513718,
  "sma_10": 0.019503597170114517,
  "xlf_high": 0.019119951874017715,
  "sma_20": 0.01693880371749401,
  "xlf_rel_strength": 0.016476651653647423,
  "rsi_14": 0.01601088047027588,
  "xle_low": 0.015780389308929443,
  "volume_sma_20": 0.01573176681995392
}