{
  "sma_10": 0.04872302711009979,
  "xle_high": 0.04193204268813133,
  "volatility_5": 0.03459358587861061,
  "sma_200": 0.03066626563668251,
  "xle_open": 0.02870478853583336,
  "sma_20": 0.027559880167245865,
  "ema_200": 0.02701258473098278,
  "usd_index_high": 0.026445379480719566,
  "ema_10": 0.025004087015986443,
  "xlf_low": 0.022682450711727142,
  "bb_upper": 0.022225694730877876,
  "ema_20": 0.02109036035835743,
  "xlk_high": 0.02015014737844467,
  "sma_50": 0.020124223083257675,
  "xlk_open": 0.020112888887524605,
  "macd_signal": 0.019866224378347397,
  "treasury_10y_open": 0.01906614378094673,
  "vix_sma_10": 0.018929269164800644,
  "usd_index_low": 0.017254583537578583,
  "return_5d": 0.016723252832889557
}