{
  "bb_upper": 0.031111137941479683,
  "vix_high": 0.029340995475649834,
  "sma_200": 0.02561308443546295,
  "vix_low": 0.02419758401811123,
  "yield_change": 0.024061257019639015,
  "usd_index_low": 0.02335510216653347,
  "ema_10": 0.023174403235316277,
  "treasury_10y_open": 0.022129859775304794,
  "treasury_10y_low": 0.021932289004325867,
  "xle_high": 0.021086256951093674,
  "volatility_5": 0.020377371460199356,
  "return_1d": 0.019160300493240356,
  "xle_open": 0.0188666470348835,
  "atr_14": 0.018844498321413994,
  "vix_close": 0.018833879381418228,
  "vix_open": 0.018591441214084625,
  "bb_pct": 0.018496587872505188,
  "return_5d": 0.018260015174746513,
  "rsi_14": 0.017770463600754738,
  "return_20d": 0.017541272565722466
}