{
  "xle_open": 0.045390501618385315,
  "sma_50": 0.039212003350257874,
  "ema_200": 0.036536309868097305,
  "volatility_5": 0.03416017070412636,
  "sma_200": 0.03409168869256973,
  "ema_50": 0.033570338040590286,
  "xlf_high": 0.03281663358211517,
  "bb_upper": 0.028741983696818352,
  "usd_index_low": 0.02854427509009838,
  "macd_signal": 0.024624580517411232,
  "vix_sma_10": 0.022506551817059517,
  "xlk_high": 0.02222558483481407,
  "xlf_low": 0.021398285403847694,
  "sma_10": 0.021005140617489815,
  "ema_10": 0.01827803999185562,
  "usd_index_high": 0.018196826800704002,
  "ema_20": 0.01729128509759903,
  "xlf_rel_strength": 0.016651950776576996,
  "volume_sma_20": 0.015907971188426018,
  "vix_high": 0.015812816098332405
}