{
  "xle_high": 0.0445885956287384,
  "sma_10": 0.04159446060657501,
  "ema_10": 0.03819429874420166,
  "volatility_5": 0.036745619028806686,
  "xle_open": 0.03391250967979431,
  "usd_index_high": 0.030948419123888016,
  "sma_20": 0.029096730053424835,
  "sma_200": 0.026349764317274094,
  "ema_200": 0.025697724893689156,
  "ema_20": 0.02454208768904209,
  "macd_signal": 0.02227514423429966,
  "sma_50": 0.021568486467003822,
  "bb_upper": 0.021132007241249084,
  "treasury_10y_open": 0.018086807802319527,
  "vix_sma_10": 0.017851250246167183,
  "usd_index_low": 0.017272986471652985,
  "xlk_high": 0.0172592606395483,
  "vix_open": 0.01701030135154724,
  "xlk_open": 0.016952190548181534,
  "xlk_low": 0.01614943891763687
}