{
  "vix_high": 0.04132910817861557,
  "bb_upper": 0.032350920140743256,
  "treasury_10y_low": 0.024480892345309258,
  "vix_close": 0.022976653650403023,
  "bb_lower": 0.022680655121803284,
  "volume_ratio": 0.022494962438941002,
  "usd_index_high": 0.022087575867772102,
  "yield_change": 0.021994873881340027,
  "ema_200": 0.021716315299272537,
  "xlf_high": 0.021199561655521393,
  "sma_200": 0.02063351310789585,
  "rsi_14": 0.020497184246778488,
  "ema_50": 0.02044691890478134,
  "return_1d": 0.020317621529102325,
  "xle_high": 0.01926336996257305,
  "usd_index_low": 0.01905742473900318,
  "volatility_5": 0.018388181924819946,
  "xlk_open": 0.01825825683772564,
  "xlk_high": 0.017887262627482414,
  "stoch_d": 0.017276372760534286
}