{
  "vix_high": 0.03646908700466156,
  "volume_ratio": 0.025608452036976814,
  "rsi_14": 0.023942429572343826,
  "ema_50": 0.023663895204663277,
  "sma_10": 0.023270737379789352,
  "vix_close": 0.022852055728435516,
  "bb_lower": 0.022724706679582596,
  "yield_change": 0.02221764624118805,
  "treasury_10y_low": 0.021114923059940338,
  "ema_200": 0.020781204104423523,
  "return_1d": 0.020762024447321892,
  "xlk_open": 0.01966182142496109,
  "xlf_rel_strength": 0.019466759636998177,
  "sma_200": 0.019286418333649635,
  "vix_open": 0.018536990508437157,
  "volatility_5": 0.018250323832035065,
  "xlf_low": 0.01819412223994732,
  "xle_rel_strength": 0.01815439946949482,
  "usd_index_open": 0.018117545172572136,
  "xle_close": 0.01765073463320732
}