{
  "ema_50": 0.06018589437007904,
  "xle_open": 0.04131688177585602,
  "sma_200": 0.0390060655772686,
  "sma_50": 0.037943217903375626,
  "ema_200": 0.03617509454488754,
  "xlf_high": 0.03599606454372406,
  "volatility_5": 0.035686466842889786,
  "usd_index_low": 0.029345760121941566,
  "bb_upper": 0.02814401127398014,
  "macd_signal": 0.027028420940041542,
  "sma_10": 0.0264698788523674,
  "ema_10": 0.02614322490990162,
  "xlf_open": 0.022254599258303642,
  "vix_sma_10": 0.020493799820542336,
  "usd_index_high": 0.01690118946135044,
  "volume_ratio": 0.0159382876008749,
  "ema_20": 0.01593443937599659,
  "volume_sma_20": 0.014912736602127552,
  "vix_high": 0.014859525486826897,
  "macd_diff": 0.014531249180436134
}