{
  "xle_low": 0.06933660805225372,
  "ema_200": 0.05896328389644623,
  "xle_open": 0.04632361978292465,
  "usd_index_low": 0.041597384959459305,
  "xle_close": 0.03562791272997856,
  "vix_sma_10": 0.03506924957036972,
  "sma_200": 0.0336894616484642,
  "volume_sma_20": 0.033395811915397644,
  "ema_10": 0.02943599224090576,
  "sma_10": 0.026227623224258423,
  "usd_index_open": 0.025512617081403732,
  "sma_50": 0.023907894268631935,
  "sma_20": 0.02323956787586212,
  "usd_index_close": 0.02242245525121689,
  "macd": 0.021669071167707443,
  "xlk_close": 0.020954802632331848,
  "macd_diff": 0.020888956263661385,
  "xlk_high": 0.020161254331469536,
  "macd_signal": 0.01984657347202301,
  "usd_index_high": 0.018438931554555893
}