{
  "volatility_5": 0.03764626383781433,
  "xle_open": 0.03601893410086632,
  "sma_200": 0.035281550139188766,
  "ema_50": 0.029668884351849556,
  "ema_200": 0.029519883915781975,
  "usd_index_high": 0.02942342311143875,
  "xle_high": 0.029116470366716385,
  "xlk_high": 0.028963996097445488,
  "bb_upper": 0.02804611623287201,
  "volume_ratio": 0.026824168860912323,
  "macd_signal": 0.025656020268797874,
  "sma_50": 0.025360099971294403,
  "ema_10": 0.02183801494538784,
  "vix_sma_10": 0.020833570510149002,
  "ema_20": 0.01991027034819126,
  "xle_low": 0.019056186079978943,
  "sma_10": 0.018475087359547615,
  "usd_index_low": 0.017973102629184723,
  "treasury_10y_open": 0.017707398161292076,
  "xlk_low": 0.016998790204524994
}