{
  "xle_high": 0.04510214179754257,
  "volatility_5": 0.039845023304224014,
  "sma_10": 0.03707912564277649,
  "ema_200": 0.033429104834795,
  "xlf_high": 0.032458145171403885,
  "sma_200": 0.028905056416988373,
  "bb_upper": 0.02843824028968811,
  "sma_50": 0.027955548837780952,
  "usd_index_low": 0.02657828852534294,
  "usd_index_high": 0.02580919861793518,
  "macd_signal": 0.024338368326425552,
  "xle_low": 0.02285682037472725,
  "xle_open": 0.022486617788672447,
  "ema_50": 0.022210419178009033,
  "treasury_10y_open": 0.021054740995168686,
  "vix_sma_10": 0.02047554962337017,
  "xlk_low": 0.018219903111457825,
  "ema_10": 0.017470600083470345,
  "sma_20": 0.017442531883716583,
  "macd": 0.017150668427348137
}