{
  "xle_low": 0.08900991827249527,
  "ema_200": 0.06529181450605392,
  "ema_10": 0.05292832851409912,
  "sma_200": 0.043564409017562866,
  "volume_sma_20": 0.03477822244167328,
  "ema_20": 0.03347160294651985,
  "usd_index_open": 0.03237234055995941,
  "usd_index_close": 0.029443614184856415,
  "xle_close": 0.02882647141814232,
  "vix_sma_10": 0.02821485884487629,
  "usd_index_low": 0.027918297797441483,
  "macd": 0.02496880665421486,
  "sma_20": 0.021739445626735687,
  "volatility_20": 0.021565860137343407,
  "atr_14": 0.021355798467993736,
  "usd_index_high": 0.020316774025559425,
  "macd_diff": 0.01793365553021431,
  "sma_10": 0.017517980188131332,
  "xlk_low": 0.01676987111568451,
  "xlk_high": 0.016673563048243523
}