{
  "xle_low": 0.11503621935844421,
  "ema_10": 0.05546072870492935,
  "ema_200": 0.046916574239730835,
  "usd_index_low": 0.04659773036837578,
  "sma_200": 0.03790886700153351,
  "sma_50": 0.031176891177892685,
  "volume_sma_20": 0.0276507455855608,
  "treasury_10y_high": 0.02546052262187004,
  "xlk_close": 0.02528616413474083,
  "usd_index_open": 0.024229640141129494,
  "xle_close": 0.024075500667095184,
  "vix_sma_10": 0.02251659519970417,
  "macd": 0.019894931465387344,
  "sma_10": 0.019851310178637505,
  "ema_50": 0.019821109250187874,
  "macd_diff": 0.01835453510284424,
  "usd_index_high": 0.018063705414533615,
  "sma_20": 0.0175765547901392,
  "xlf_low": 0.01739756390452385,
  "xlf_high": 0.01694451831281185
}