{
  "vix_high": 0.0330391526222229,
  "bb_lower": 0.02643984742462635,
  "bb_upper": 0.025823377072811127,
  "vix_close": 0.02506052516400814,
  "treasury_10y_low": 0.02491808868944645,
  "volume_ratio": 0.02420460805296898,
  "usd_index_high": 0.023651089519262314,
  "vix_open": 0.02303553745150566,
  "yield_change": 0.022009527310729027,
  "xlf_open": 0.021076371893286705,
  "ema_200": 0.020162107422947884,
  "sma_200": 0.02014864981174469,
  "return_1d": 0.020056480541825294,
  "sma_10": 0.019820207729935646,
  "return_10d": 0.01966049335896969,
  "xle_high": 0.019036395475268364,
  "xlf_low": 0.018608007580041885,
  "usd_index_open": 0.01843462698161602,
  "vix_change": 0.018292749300599098,
  "xlk_close": 0.01818021945655346
}