{
  "xle_open": 0.047079846262931824,
  "xlf_high": 0.03992416709661484,
  "volatility_5": 0.038420479744672775,
  "sma_50": 0.035103123635053635,
  "ema_50": 0.03148527815937996,
  "ema_200": 0.03010661154985428,
  "usd_index_low": 0.02922796458005905,
  "usd_index_high": 0.028957277536392212,
  "bb_upper": 0.027759021148085594,
  "ema_20": 0.027725081890821457,
  "sma_200": 0.025731578469276428,
  "vix_sma_10": 0.025500861927866936,
  "sma_10": 0.02545488253235817,
  "macd_signal": 0.023016629740595818,
  "volume_ratio": 0.017506912350654602,
  "xlf_rel_strength": 0.017022443935275078,
  "sma_20": 0.01701187901198864,
  "xlf_open": 0.01674460433423519,
  "ema_10": 0.016254089772701263,
  "xlk_high": 0.01619081012904644
}