{
  "xle_high": 0.050337448716163635,
  "sma_10": 0.04534834623336792,
  "volatility_5": 0.032214678823947906,
  "ema_200": 0.029338710010051727,
  "usd_index_high": 0.02802182361483574,
  "xle_open": 0.027124224230647087,
  "sma_200": 0.026704346761107445,
  "sma_50": 0.025624271482229233,
  "bb_upper": 0.02433774061501026,
  "ema_20": 0.0220795851200819,
  "ema_10": 0.021874230355024338,
  "ema_50": 0.021781466901302338,
  "xlf_open": 0.02163371443748474,
  "macd_signal": 0.021527517586946487,
  "treasury_10y_open": 0.020944925025105476,
  "vix_sma_10": 0.020823899656534195,
  "sma_20": 0.02057279832661152,
  "xlf_low": 0.019112443551421165,
  "usd_index_low": 0.01721213571727276,
  "volume_sma_20": 0.01698101870715618
}