{
  "xle_high": 0.048678118735551834,
  "sma_10": 0.046526454389095306,
  "volatility_5": 0.04171399027109146,
  "sma_50": 0.031239541247487068,
  "ema_50": 0.03086836077272892,
  "ema_200": 0.0307009257376194,
  "sma_200": 0.029316827654838562,
  "ema_20": 0.02662588842213154,
  "xlk_high": 0.02442285232245922,
  "xle_open": 0.024360062554478645,
  "vix_sma_10": 0.022221922874450684,
  "macd_signal": 0.022069046273827553,
  "usd_index_high": 0.022028205916285515,
  "bb_upper": 0.02160840481519699,
  "usd_index_low": 0.02152540534734726,
  "bb_pct": 0.01675090752542019,
  "xle_low": 0.015921778976917267,
  "volume_sma_20": 0.015874726697802544,
  "xlf_high": 0.01539336796849966,
  "rsi_14": 0.015054959803819656
}