{
  "xle_low": 0.0675707682967186,
  "ema_200": 0.0654803216457367,
  "usd_index_low": 0.04938545450568199,
  "vix_sma_10": 0.04392778128385544,
  "sma_200": 0.04202945530414581,
  "xle_open": 0.03619079664349556,
  "ema_10": 0.027843531221151352,
  "usd_index_close": 0.025822095572948456,
  "macd": 0.025299666449427605,
  "volume_sma_20": 0.022934304550290108,
  "treasury_10y_close": 0.022330280393362045,
  "sma_20": 0.02120000496506691,
  "usd_index_high": 0.02115875855088234,
  "usd_index_open": 0.020995749160647392,
  "xle_high": 0.020009677857160568,
  "sma_50": 0.018883362412452698,
  "macd_diff": 0.018868213519454002,
  "ema_50": 0.0181865431368351,
  "xlf_low": 0.018138613551855087,
  "sma_10": 0.018076693639159203
}