{
  "sma_10": 0.042060866951942444,
  "xle_high": 0.038874007761478424,
  "ema_50": 0.03886791691184044,
  "volatility_5": 0.03679698333144188,
  "sma_200": 0.03341875225305557,
  "xle_open": 0.033177364617586136,
  "usd_index_high": 0.02911699377000332,
  "ema_200": 0.028651626780629158,
  "macd_signal": 0.025553682819008827,
  "bb_upper": 0.025375643745064735,
  "xlk_high": 0.025307415053248405,
  "vix_sma_10": 0.022232674062252045,
  "sma_50": 0.019735241308808327,
  "ema_20": 0.018986308947205544,
  "xlk_low": 0.018602166324853897,
  "xle_low": 0.016928279772400856,
  "xlk_open": 0.016660746186971664,
  "return_20d": 0.016000675037503242,
  "sma_20": 0.015919294208288193,
  "volume_sma_20": 0.015864172950387
}