{
  "xle_open": 0.051410090178251266,
  "volatility_5": 0.044798899441957474,
  "sma_200": 0.037202075123786926,
  "ema_50": 0.03651117533445358,
  "xlf_high": 0.030479365959763527,
  "usd_index_high": 0.029958268627524376,
  "bb_upper": 0.026842016726732254,
  "ema_200": 0.026793846860527992,
  "sma_10": 0.025494279339909554,
  "usd_index_low": 0.024705417454242706,
  "volume_ratio": 0.021568255499005318,
  "vix_sma_10": 0.0211974885314703,
  "macd_signal": 0.02118656598031521,
  "sma_50": 0.019866345450282097,
  "xlk_low": 0.018211787566542625,
  "usd_index_open": 0.017786946147680283,
  "volatility_20": 0.017120080068707466,
  "ema_20": 0.016663851216435432,
  "xlf_rel_strength": 0.015912014991044998,
  "xlk_volume": 0.01553627010434866
}