{
  "sma_200": 0.039946120232343674,
  "volatility_5": 0.03727410361170769,
  "xle_open": 0.03648511320352554,
  "sma_50": 0.03335784375667572,
  "usd_index_high": 0.028661224991083145,
  "ema_50": 0.02825874462723732,
  "sma_10": 0.027220522984862328,
  "xle_high": 0.026091838255524635,
  "ema_200": 0.024958424270153046,
  "bb_upper": 0.023887543007731438,
  "xlk_high": 0.023601599037647247,
  "macd_signal": 0.0229120384901762,
  "vix_sma_10": 0.022694850340485573,
  "volume_ratio": 0.020827680826187134,
  "volume_sma_20": 0.020670123398303986,
  "ema_20": 0.020075101405382156,
  "usd_index_low": 0.019701598212122917,
  "xlf_high": 0.01884005218744278,
  "macd": 0.017509451135993004,
  "atr_14": 0.01640886440873146
}