{
  "vix_high": 0.031485091894865036,
  "bb_upper": 0.028499411419034004,
  "vix_close": 0.024905076250433922,
  "yield_change": 0.02489205077290535,
  "volume_ratio": 0.024796534329652786,
  "xlf_low": 0.02328532375395298,
  "sma_200": 0.02306520938873291,
  "bb_lower": 0.022402694448828697,
  "vix_open": 0.021264102309942245,
  "return_1d": 0.021259214729070663,
  "rsi_14": 0.020784204825758934,
  "treasury_10y_low": 0.020728133618831635,
  "xle_high": 0.01983228512108326,
  "volatility_5": 0.019800620153546333,
  "bb_pct": 0.01830930821597576,
  "bb_width": 0.017901422455906868,
  "xlk_high": 0.017800532281398773,
  "xlf_rel_strength": 0.017654413357377052,
  "ema_200": 0.01722298562526703,
  "usd_index_open": 0.01697366312146187
}