{
  "xle_high": 0.05012109875679016,
  "sma_10": 0.043903134763240814,
  "volatility_5": 0.04192572459578514,
  "ema_200": 0.030784454196691513,
  "ema_20": 0.030042586848139763,
  "sma_50": 0.026191510260105133,
  "sma_200": 0.025978416204452515,
  "usd_index_high": 0.02584238164126873,
  "usd_index_low": 0.025540189817547798,
  "sma_20": 0.024208204820752144,
  "vix_sma_10": 0.023184683173894882,
  "macd_signal": 0.02238881215453148,
  "xlk_high": 0.021838968619704247,
  "xle_open": 0.02088206075131893,
  "ema_50": 0.020857898518443108,
  "volume_sma_20": 0.017443163320422173,
  "bb_upper": 0.017277739942073822,
  "xlk_low": 0.01688523404300213,
  "rsi_14": 0.016380533576011658,
  "xle_low": 0.01637793704867363
}