{
  "vix_high": 0.033370546996593475,
  "treasury_10y_low": 0.028348829597234726,
  "bb_lower": 0.027335580438375473,
  "bb_upper": 0.026895346119999886,
  "vix_close": 0.02551812119781971,
  "volume_ratio": 0.024677356705069542,
  "rsi_14": 0.023757223039865494,
  "yield_change": 0.023233724758028984,
  "return_1d": 0.022871127352118492,
  "usd_index_low": 0.020801229402422905,
  "ema_200": 0.019380614161491394,
  "macd_signal": 0.019013850018382072,
  "ema_20": 0.018924908712506294,
  "bb_pct": 0.01841401681303978,
  "volatility_5": 0.018156949430704117,
  "usd_index_open": 0.01790766790509224,
  "vix_open": 0.017872948199510574,
  "xle_high": 0.017850374802947044,
  "sma_50": 0.01776372268795967,
  "volatility_20": 0.017678266391158104
}