{
  "xle_open": 0.060604289174079895,
  "ema_200": 0.03795205429196358,
  "volatility_5": 0.03301960974931717,
  "xlf_high": 0.030693696811795235,
  "sma_200": 0.03053257241845131,
  "ema_50": 0.030435536056756973,
  "sma_50": 0.030028143897652626,
  "ema_10": 0.02728533186018467,
  "bb_upper": 0.02595500648021698,
  "usd_index_high": 0.02342618629336357,
  "vix_sma_10": 0.02176281437277794,
  "sma_10": 0.021293679252266884,
  "usd_index_low": 0.020562946796417236,
  "macd_signal": 0.01934969052672386,
  "xlf_open": 0.01858045905828476,
  "volume_ratio": 0.017869148403406143,
  "xlf_low": 0.01736871711909771,
  "treasury_10y_open": 0.017277486622333527,
  "xlk_high": 0.016874391585588455,
  "ema_20": 0.015599600039422512
}