{
  "xle_open": 0.04820839688181877,
  "volatility_5": 0.04082007333636284,
  "xlf_high": 0.039585601538419724,
  "ema_200": 0.03576246276497841,
  "bb_upper": 0.035014808177948,
  "sma_10": 0.034204501658678055,
  "sma_200": 0.03241058439016342,
  "usd_index_low": 0.028274323791265488,
  "ema_50": 0.027796752750873566,
  "sma_50": 0.026003215461969376,
  "macd_signal": 0.023266781121492386,
  "usd_index_high": 0.023105734959244728,
  "volume_ratio": 0.02133362740278244,
  "vix_sma_10": 0.019798245280981064,
  "ema_10": 0.018703199923038483,
  "xlf_rel_strength": 0.018133053556084633,
  "atr_14": 0.017367074266076088,
  "xlk_open": 0.017192605882883072,
  "vix_open": 0.016528496518731117,
  "ema_20": 0.016445055603981018
}