{
  "xle_open": 0.038387008011341095,
  "sma_200": 0.03705274686217308,
  "volatility_5": 0.03472574055194855,
  "usd_index_high": 0.030540095642209053,
  "sma_50": 0.028876136988401413,
  "volume_ratio": 0.027599144726991653,
  "ema_50": 0.026958905160427094,
  "ema_200": 0.026873348280787468,
  "xle_high": 0.02586054429411888,
  "bb_upper": 0.025382915511727333,
  "vix_sma_10": 0.024873754009604454,
  "macd_signal": 0.02457178570330143,
  "sma_10": 0.02388639748096466,
  "xlk_high": 0.023298095911741257,
  "atr_14": 0.02248516120016575,
  "usd_index_low": 0.02051723189651966,
  "ema_20": 0.019622111693024635,
  "xlk_low": 0.01874510571360588,
  "volume_sma_20": 0.017385777086019516,
  "volatility_20": 0.01734837144613266
}