{
  "xle_high": 0.04543457552790642,
  "sma_10": 0.042089104652404785,
  "sma_50": 0.037331391125917435,
  "volatility_5": 0.036435939371585846,
  "ema_200": 0.033575233072042465,
  "bb_upper": 0.029626168310642242,
  "usd_index_high": 0.025926809757947922,
  "ema_20": 0.02472521737217903,
  "macd_signal": 0.02424485608935356,
  "sma_200": 0.02360943704843521,
  "xle_open": 0.022859835997223854,
  "ema_50": 0.01997934840619564,
  "vix_sma_10": 0.019771037623286247,
  "xlf_open": 0.018947312608361244,
  "sma_20": 0.017769265919923782,
  "ema_10": 0.017708290368318558,
  "xle_low": 0.01754804141819477,
  "treasury_10y_open": 0.017277900129556656,
  "usd_index_low": 0.016979163512587547,
  "xlk_low": 0.01676054485142231
}