{
  "xle_low": 0.0876292958855629,
  "ema_200": 0.054964829236269,
  "ema_10": 0.049313340336084366,
  "sma_200": 0.03740605711936951,
  "usd_index_low": 0.03613446280360222,
  "bb_upper": 0.03155119717121124,
  "vix_sma_10": 0.030832987278699875,
  "usd_index_close": 0.029493238776922226,
  "ema_20": 0.02937893569469452,
  "xle_close": 0.02810007706284523,
  "volume_sma_20": 0.025857118889689445,
  "usd_index_high": 0.02529112435877323,
  "ema_50": 0.02339320443570614,
  "xlk_close": 0.02269764058291912,
  "atr_14": 0.02167326956987381,
  "macd": 0.02076837606728077,
  "usd_index_open": 0.019936149939894676,
  "volatility_20": 0.019314952194690704,
  "xlf_high": 0.018309613689780235,
  "treasury_10y_low": 0.01790328323841095
}