{
  "xle_low": 0.09332837909460068,
  "ema_200": 0.060755643993616104,
  "ema_10": 0.05024093762040138,
  "xlf_high": 0.03868218511343002,
  "sma_200": 0.03674200177192688,
  "usd_index_low": 0.034657590091228485,
  "usd_index_close": 0.03389360383152962,
  "vix_sma_10": 0.03224216774106026,
  "ema_20": 0.02874683029949665,
  "xle_close": 0.026297682896256447,
  "volume_sma_20": 0.02621239423751831,
  "treasury_10y_close": 0.022927505895495415,
  "usd_index_high": 0.02248270809650421,
  "xlk_low": 0.021471891552209854,
  "ema_50": 0.020504316315054893,
  "macd": 0.02028474770486355,
  "treasury_10y_low": 0.020043088123202324,
  "macd_diff": 0.018821237608790398,
  "xle_high": 0.01854773610830307,
  "sma_10": 0.017983919009566307
}