{
  "vix_high": 0.030641654506325722,
  "bb_upper": 0.027351435273885727,
  "xlf_open": 0.0266067273914814,
  "yield_change": 0.025155631825327873,
  "xle_high": 0.02514798939228058,
  "vix_close": 0.024726299569010735,
  "volume_ratio": 0.02414656989276409,
  "rsi_14": 0.021580994129180908,
  "treasury_10y_low": 0.021511074155569077,
  "return_1d": 0.0213155634701252,
  "xlf_high": 0.0209551639854908,
  "xlk_high": 0.019586581736803055,
  "usd_index_low": 0.018779125064611435,
  "bb_lower": 0.01835525408387184,
  "sma_50": 0.018265096470713615,
  "xlf_rel_strength": 0.018115388229489326,
  "xlk_close": 0.017804786562919617,
  "usd_index_open": 0.0177998635917902,
  "xlk_low": 0.017272084951400757,
  "sma_200": 0.01708376407623291
}