{
  "ema_10": 0.06820010393857956,
  "xle_low": 0.06335845589637756,
  "ema_200": 0.05169593170285225,
  "sma_200": 0.04298541322350502,
  "usd_index_low": 0.03424084186553955,
  "vix_sma_10": 0.033298294991254807,
  "xle_close": 0.03295604884624481,
  "usd_index_open": 0.02785353921353817,
  "sma_50": 0.02749605104327202,
  "sma_10": 0.026829496026039124,
  "ema_20": 0.023519206792116165,
  "bb_lower": 0.02242760919034481,
  "treasury_10y_high": 0.02219887264072895,
  "volume_sma_20": 0.021359557285904884,
  "xlk_close": 0.02131933905184269,
  "usd_index_close": 0.020627904683351517,
  "macd": 0.020197924226522446,
  "treasury_10y_open": 0.019851388409733772,
  "bb_upper": 0.019027892500162125,
  "xlf_close": 0.017998117953538895
}