{
  "ema_10": 0.06638620793819427,
  "xle_low": 0.06255078315734863,
  "ema_200": 0.049078699201345444,
  "sma_200": 0.04412638396024704,
  "usd_index_low": 0.041312601417303085,
  "vix_sma_10": 0.03512505069375038,
  "usd_index_open": 0.032036811113357544,
  "sma_10": 0.030649874359369278,
  "sma_50": 0.028411559760570526,
  "xle_close": 0.028218315914273262,
  "xlk_close": 0.024337030947208405,
  "ema_20": 0.023920416831970215,
  "treasury_10y_high": 0.023599734529852867,
  "macd": 0.021425042301416397,
  "volume_sma_20": 0.020781010389328003,
  "bb_upper": 0.018681185320019722,
  "macd_diff": 0.018596814945340157,
  "treasury_10y_open": 0.01858390122652054,
  "volatility_20": 0.0179292019456625,
  "xlf_close": 0.017460910603404045
}