{
  "bb_upper": 0.032538142055273056,
  "vix_high": 0.032492998987436295,
  "vix_open": 0.027713831514120102,
  "bb_lower": 0.026957018300890923,
  "volume_ratio": 0.023806646466255188,
  "xlk_low": 0.023236356675624847,
  "yield_change": 0.0212667565792799,
  "xle_high": 0.021169360727071762,
  "sma_10": 0.02116205357015133,
  "usd_index_high": 0.020651139318943024,
  "rsi_14": 0.02034667879343033,
  "vix_close": 0.02005084790289402,
  "sma_200": 0.019869010895490646,
  "return_1d": 0.019446250051259995,
  "ema_200": 0.019132347777485847,
  "macd_signal": 0.018849026411771774,
  "volatility_5": 0.01868347078561783,
  "treasury_10y_low": 0.01823185756802559,
  "stoch_d": 0.01800394430756569,
  "vix_low": 0.017995070666074753
}