{
  "xle_low": 0.10339324921369553,
  "sma_200": 0.05656138062477112,
  "ema_200": 0.05205244570970535,
  "ema_10": 0.04035234823822975,
  "usd_index_low": 0.034895095974206924,
  "bb_upper": 0.03486679121851921,
  "ema_20": 0.029916295781731606,
  "xle_close": 0.028948668390512466,
  "sma_10": 0.02519812248647213,
  "xlk_open": 0.024561775848269463,
  "volume_sma_20": 0.024381978437304497,
  "xlk_low": 0.020989490672945976,
  "bb_lower": 0.020960664376616478,
  "vix_sma_10": 0.0204747524112463,
  "usd_index_close": 0.019633853808045387,
  "treasury_10y_high": 0.018628956750035286,
  "macd": 0.018491744995117188,
  "xlf_low": 0.01731766387820244,
  "macd_diff": 0.016337446868419647,
  "usd_index_open": 0.01602313108742237
}