{
  "vix_high": 0.03297807648777962,
  "sma_10": 0.02626573108136654,
  "yield_change": 0.024102067574858665,
  "bb_lower": 0.02404257282614708,
  "vix_close": 0.02277941070497036,
  "rsi_14": 0.021969623863697052,
  "usd_index_high": 0.02142241783440113,
  "volume_ratio": 0.02127288095653057,
  "return_1d": 0.02063155174255371,
  "bb_upper": 0.020577723160386086,
  "volatility_5": 0.019448477774858475,
  "xle_high": 0.01908000558614731,
  "treasury_10y_low": 0.019078686833381653,
  "xlk_low": 0.018817324191331863,
  "xlk_close": 0.01844172552227974,
  "xlf_rel_strength": 0.01824270933866501,
  "sma_20": 0.018106281757354736,
  "bb_width": 0.01744045503437519,
  "usd_index_low": 0.017395321279764175,
  "xlk_open": 0.016951920464634895
}