{
  "xle_high": 0.05330505222082138,
  "volatility_5": 0.03579585254192352,
  "sma_10": 0.03477217257022858,
  "ema_200": 0.033497024327516556,
  "usd_index_low": 0.032860465347766876,
  "sma_50": 0.0318768173456192,
  "sma_200": 0.02948315255343914,
  "xlf_high": 0.02897064760327339,
  "ema_50": 0.027655048295855522,
  "xlk_high": 0.026239125058054924,
  "xle_low": 0.024967003613710403,
  "bb_upper": 0.02483011595904827,
  "macd_signal": 0.024490131065249443,
  "xle_open": 0.024371815845370293,
  "usd_index_high": 0.024155648425221443,
  "treasury_10y_open": 0.01891588233411312,
  "vix_sma_10": 0.01830480434000492,
  "xlf_open": 0.018235044553875923,
  "volume_sma_20": 0.01696835272014141,
  "vix_open": 0.015667935833334923
}