{
  "xle_open": 0.04301206022500992,
  "volatility_5": 0.035839106887578964,
  "sma_200": 0.03372983634471893,
  "sma_50": 0.030101526528596878,
  "ema_200": 0.029094761237502098,
  "xlk_high": 0.02898590639233589,
  "xle_high": 0.025999153032898903,
  "bb_upper": 0.025163110345602036,
  "macd_signal": 0.024814555421471596,
  "usd_index_low": 0.024610726162791252,
  "usd_index_high": 0.024508599191904068,
  "vix_sma_10": 0.024294313043355942,
  "ema_10": 0.02412785403430462,
  "ema_20": 0.02369784377515316,
  "volume_ratio": 0.02295191027224064,
  "ema_50": 0.021634506061673164,
  "sma_10": 0.0195052158087492,
  "xlf_high": 0.018260831013321877,
  "macd": 0.017207276076078415,
  "usd_index_open": 0.016526678577065468
}