{
  "sma_200": 0.04737575724720955,
  "sma_50": 0.046837884932756424,
  "ema_200": 0.03714181110262871,
  "volatility_5": 0.03546278551220894,
  "xle_open": 0.03438734635710716,
  "ema_50": 0.03194449841976166,
  "xlf_high": 0.030827634036540985,
  "usd_index_low": 0.02387317456305027,
  "bb_upper": 0.02386130392551422,
  "vix_sma_10": 0.02354380488395691,
  "macd_signal": 0.02258993126451969,
  "sma_10": 0.022160520777106285,
  "usd_index_high": 0.020519422367215157,
  "ema_10": 0.019965413957834244,
  "volume_ratio": 0.019954031333327293,
  "volume_sma_20": 0.018697628751397133,
  "xlf_open": 0.0177429411560297,
  "xlk_low": 0.017485912889242172,
  "volatility_20": 0.016830379143357277,
  "vix_high": 0.0166302677243948
}