{
  "xle_high": 0.050975315272808075,
  "sma_10": 0.04463967680931091,
  "volatility_5": 0.03677124157547951,
  "sma_200": 0.033274080604314804,
  "xle_open": 0.03034658543765545,
  "bb_upper": 0.028904058039188385,
  "ema_200": 0.02869316376745701,
  "usd_index_high": 0.027349524199962616,
  "macd_signal": 0.02546597458422184,
  "sma_20": 0.02541380189359188,
  "vix_sma_10": 0.02481488138437271,
  "ema_50": 0.02471553534269333,
  "sma_50": 0.023359499871730804,
  "usd_index_low": 0.021806342527270317,
  "rsi_14": 0.020831681787967682,
  "xlk_open": 0.019270120188593864,
  "ema_20": 0.01819084957242012,
  "volume_sma_20": 0.017621304839849472,
  "treasury_10y_open": 0.01564968191087246,
  "macd_diff": 0.015267890878021717
}