{
  "xle_low": 0.07843750715255737,
  "usd_index_low": 0.056202974170446396,
  "ema_200": 0.04918352887034416,
  "xle_open": 0.03986387699842453,
  "ema_10": 0.03983842581510544,
  "sma_200": 0.03437605872750282,
  "xle_close": 0.028410356491804123,
  "volume_sma_20": 0.027197737246751785,
  "vix_sma_10": 0.025202536955475807,
  "bb_lower": 0.02503558248281479,
  "usd_index_open": 0.024955112487077713,
  "macd": 0.024475309997797012,
  "xlk_low": 0.02321910485625267,
  "usd_index_high": 0.02265615202486515,
  "treasury_10y_high": 0.021319232881069183,
  "volatility_20": 0.02036946453154087,
  "sma_10": 0.01914425939321518,
  "sma_50": 0.017612319439649582,
  "sma_20": 0.017403779551386833,
  "xlf_high": 0.016703946515917778
}