{
  "xle_open": 0.05012280121445656,
  "volatility_5": 0.03670773655176163,
  "sma_50": 0.03410324826836586,
  "sma_200": 0.03380865231156349,
  "ema_200": 0.033645834773778915,
  "xlf_high": 0.027114152908325195,
  "ema_20": 0.026551978662610054,
  "sma_20": 0.026433203369379044,
  "bb_upper": 0.024416793137788773,
  "vix_sma_10": 0.02426563762128353,
  "sma_10": 0.023663101717829704,
  "usd_index_high": 0.022987131029367447,
  "macd_signal": 0.02170141413807869,
  "usd_index_low": 0.020943988114595413,
  "xlk_high": 0.020716039463877678,
  "xlf_low": 0.020341387018561363,
  "volume_sma_20": 0.01727128028869629,
  "atr_14": 0.017234595492482185,
  "xle_high": 0.017189688980579376,
  "treasury_10y_open": 0.01667879894375801
}