{
  "xle_low": 0.0818268284201622,
  "usd_index_low": 0.060213204473257065,
  "ema_200": 0.05912255495786667,
  "xle_close": 0.046178821474313736,
  "sma_200": 0.03416208177804947,
  "volume_sma_20": 0.029641393572092056,
  "usd_index_open": 0.02684783935546875,
  "vix_sma_10": 0.025450417771935463,
  "sma_10": 0.024544445797801018,
  "ema_10": 0.024454424157738686,
  "macd": 0.02349959872663021,
  "xlk_close": 0.023202328011393547,
  "sma_50": 0.0219816155731678,
  "macd_diff": 0.021527625620365143,
  "bb_upper": 0.020708171650767326,
  "usd_index_close": 0.02027660794556141,
  "usd_index_high": 0.019641175866127014,
  "ema_20": 0.01894875429570675,
  "xlf_high": 0.018553942441940308,
  "vix_close": 0.018461598083376884
}