{
  "vix_high": 0.029837114736437798,
  "sma_10": 0.026841890066862106,
  "xlk_low": 0.023422809317708015,
  "bb_upper": 0.023094341158866882,
  "sma_200": 0.023029310628771782,
  "rsi_14": 0.023005375638604164,
  "yield_change": 0.022534741088747978,
  "treasury_10y_low": 0.022271865978837013,
  "vix_close": 0.02189282327890396,
  "xlf_rel_strength": 0.020517215132713318,
  "xle_high": 0.02050931751728058,
  "volume_ratio": 0.020494142547249794,
  "bb_lower": 0.019742272794246674,
  "xlk_close": 0.019690953195095062,
  "volatility_5": 0.01954157091677189,
  "vix_open": 0.019123338162899017,
  "return_1d": 0.019078589975833893,
  "xlf_high": 0.018753884360194206,
  "xlk_open": 0.01736479625105858,
  "usd_index_high": 0.017260197550058365
}