{
  "vix_high": 0.030671551823616028,
  "bb_lower": 0.028895031660795212,
  "usd_index_high": 0.027799459174275398,
  "volume_ratio": 0.02767936699092388,
  "yield_change": 0.023272978141903877,
  "vix_close": 0.02308768220245838,
  "sma_200": 0.02288685366511345,
  "return_1d": 0.02286382205784321,
  "treasury_10y_low": 0.021635642275214195,
  "bb_upper": 0.02134910225868225,
  "vix_open": 0.021196577697992325,
  "xlk_open": 0.020931772887706757,
  "rsi_14": 0.020232751965522766,
  "return_10d": 0.01937607303261757,
  "volatility_5": 0.018792711198329926,
  "ema_200": 0.01868058741092682,
  "xlf_high": 0.01830351911485195,
  "xle_rel_strength": 0.018223891034722328,
  "macd_signal": 0.018007472157478333,
  "bb_width": 0.0175233855843544
}