{
  "xle_open": 0.057410888373851776,
  "volatility_5": 0.03742978721857071,
  "sma_200": 0.03640725463628769,
  "ema_50": 0.03286247327923775,
  "usd_index_high": 0.03162036091089249,
  "ema_200": 0.02936379238963127,
  "sma_10": 0.026527976617217064,
  "sma_50": 0.025920480489730835,
  "vix_sma_10": 0.025735920295119286,
  "bb_upper": 0.02540532685816288,
  "macd_signal": 0.023877723142504692,
  "xlf_high": 0.02381194196641445,
  "usd_index_low": 0.020765146240592003,
  "atr_14": 0.020322201773524284,
  "volume_ratio": 0.02026381343603134,
  "rsi_14": 0.0188616793602705,
  "xlk_high": 0.017463233321905136,
  "xle_high": 0.01685982011258602,
  "volume_sma_20": 0.016820108518004417,
  "xlf_rel_strength": 0.015916867181658745
}