{
  "xle_open": 0.05546708405017853,
  "volatility_5": 0.041680168360471725,
  "sma_50": 0.04125372692942619,
  "ema_200": 0.04024087265133858,
  "bb_upper": 0.0343538299202919,
  "xlf_high": 0.034302569925785065,
  "ema_20": 0.0329485647380352,
  "usd_index_high": 0.023774046450853348,
  "vix_sma_10": 0.023666368797421455,
  "sma_200": 0.023176567628979683,
  "macd_signal": 0.021789107471704483,
  "usd_index_low": 0.021347248926758766,
  "sma_10": 0.020788563415408134,
  "xlk_open": 0.020617352798581123,
  "ema_50": 0.02026510052382946,
  "volume_ratio": 0.017430098727345467,
  "xlf_rel_strength": 0.01712326891720295,
  "sma_20": 0.016462648287415504,
  "volume_sma_20": 0.015713047236204147,
  "xlf_low": 0.015587198548018932
}