{
  "xle_open": 0.04366820305585861,
  "volatility_5": 0.039138324558734894,
  "sma_200": 0.035938505083322525,
  "sma_50": 0.032889656722545624,
  "ema_50": 0.030498851090669632,
  "vix_sma_10": 0.027879444882273674,
  "usd_index_high": 0.026790764182806015,
  "sma_10": 0.024670736864209175,
  "bb_upper": 0.024196729063987732,
  "xle_high": 0.023817963898181915,
  "volume_ratio": 0.023747213184833527,
  "macd_signal": 0.02352406084537506,
  "xlf_high": 0.022519832476973534,
  "usd_index_low": 0.021542876958847046,
  "ema_200": 0.021234756335616112,
  "bb_lower": 0.017882125452160835,
  "xlf_low": 0.017767438665032387,
  "volatility_20": 0.017369553446769714,
  "volume_sma_20": 0.01731218583881855,
  "xlf_rel_strength": 0.016569966450333595
}