{
  "vix_high": 0.028634943068027496,
  "vix_low": 0.02614511363208294,
  "yield_change": 0.023968219757080078,
  "xlk_close": 0.02301076054573059,
  "rsi_14": 0.022502774372696877,
  "bb_upper": 0.022383928298950195,
  "return_1d": 0.0219044741243124,
  "xlk_low": 0.021749718114733696,
  "usd_index_low": 0.021517515182495117,
  "volatility_5": 0.020960284397006035,
  "xlf_high": 0.020653631538152695,
  "bb_lower": 0.020237736403942108,
  "xlf_open": 0.019846003502607346,
  "treasury_10y_low": 0.019782986491918564,
  "ema_200": 0.019335012882947922,
  "usd_index_open": 0.018539417535066605,
  "volume_ratio": 0.018371999263763428,
  "vix_open": 0.018313633278012276,
  "sma_200": 0.01793631725013256,
  "return_5d": 0.017684156075119972
}