{
  "vix_high": 0.032735731452703476,
  "sma_200": 0.030622633174061775,
  "xlf_open": 0.02861103042960167,
  "sma_10": 0.026583878323435783,
  "vix_open": 0.023880217224359512,
  "return_1d": 0.023168539628386497,
  "volume_ratio": 0.022123148664832115,
  "xlf_high": 0.021869681775569916,
  "bb_lower": 0.02172658033668995,
  "rsi_14": 0.0209368709474802,
  "usd_index_high": 0.02039933390915394,
  "vix_close": 0.020245777443051338,
  "yield_change": 0.019999802112579346,
  "xle_high": 0.019852299243211746,
  "treasury_10y_low": 0.019816378131508827,
  "volatility_5": 0.018497610464692116,
  "treasury_10y_open": 0.01826123706996441,
  "xlk_open": 0.018250223249197006,
  "xlf_low": 0.01798837259411812,
  "xlf_rel_strength": 0.017549021169543266
}