{
  "sma_200": 0.050491075962781906,
  "volatility_5": 0.035719070583581924,
  "ema_200": 0.033535830676555634,
  "xle_open": 0.0333036407828331,
  "usd_index_low": 0.031144753098487854,
  "sma_10": 0.029925523325800896,
  "bb_upper": 0.02868051268160343,
  "ema_50": 0.027767300605773926,
  "xle_high": 0.027483517304062843,
  "sma_50": 0.02614322490990162,
  "xlk_high": 0.025057027116417885,
  "macd_signal": 0.023373780772089958,
  "vix_sma_10": 0.022079991176724434,
  "usd_index_high": 0.021817522123456,
  "xlf_open": 0.020877253264188766,
  "xle_low": 0.02048083394765854,
  "xlf_high": 0.02024700865149498,
  "volume_ratio": 0.01969929412007332,
  "treasury_10y_open": 0.018586426973342896,
  "xlf_close": 0.017291666939854622
}