{
  "xle_low": 0.07410714775323868,
  "ema_10": 0.06531044840812683,
  "ema_200": 0.04471791535615921,
  "vix_sma_10": 0.04186325520277023,
  "sma_200": 0.04077721759676933,
  "usd_index_low": 0.040427207946777344,
  "xlf_high": 0.031101524829864502,
  "usd_index_close": 0.030714450404047966,
  "sma_50": 0.02777186408638954,
  "volume_sma_20": 0.026133200153708458,
  "usd_index_open": 0.02405945211648941,
  "xlk_close": 0.02314540557563305,
  "ema_50": 0.022008690983057022,
  "macd": 0.02147030271589756,
  "ema_20": 0.02074136957526207,
  "macd_diff": 0.01966041699051857,
  "volatility_20": 0.019456690177321434,
  "bb_lower": 0.01821676269173622,
  "macd_signal": 0.01771305315196514,
  "treasury_10y_high": 0.016552867367863655
}