{
  "xle_low": 0.09886761009693146,
  "ema_200": 0.04993213340640068,
  "usd_index_close": 0.04161016643047333,
  "ema_10": 0.040935784578323364,
  "sma_200": 0.0402616523206234,
  "usd_index_low": 0.03450417146086693,
  "vix_sma_10": 0.030469223856925964,
  "volume_sma_20": 0.030164366587996483,
  "usd_index_open": 0.02984650805592537,
  "sma_50": 0.02869645319879055,
  "xlk_close": 0.027867693454027176,
  "xlf_high": 0.025395626202225685,
  "bb_lower": 0.025117529556155205,
  "xlk_high": 0.024118468165397644,
  "macd_diff": 0.01937895640730858,
  "macd": 0.01864006742835045,
  "macd_signal": 0.017449745908379555,
  "usd_index_high": 0.017252640798687935,
  "xle_close": 0.017145833000540733,
  "treasury_10y_low": 0.017022915184497833
}