{
  "xle_low": 0.08233898878097534,
  "ema_10": 0.04562545567750931,
  "ema_200": 0.043141476809978485,
  "sma_200": 0.04233362898230553,
  "xlk_close": 0.03915288299322128,
  "xle_close": 0.03700794279575348,
  "xle_open": 0.036199748516082764,
  "usd_index_low": 0.03372659161686897,
  "usd_index_close": 0.03262702003121376,
  "volume_sma_20": 0.02972857654094696,
  "vix_sma_10": 0.02964293770492077,
  "xlf_high": 0.022310009226202965,
  "sma_20": 0.021224437281489372,
  "usd_index_open": 0.02119225449860096,
  "xlk_high": 0.020076632499694824,
  "ema_20": 0.01986169070005417,
  "bb_lower": 0.019776485860347748,
  "macd_diff": 0.01975610852241516,
  "usd_index_high": 0.018275773152709007,
  "xlk_low": 0.01810533180832863
}