{
  "sma_10": 0.036206237971782684,
  "vix_high": 0.029029477387666702,
  "return_1d": 0.02418358251452446,
  "usd_index_high": 0.024012144654989243,
  "bb_lower": 0.02352112904191017,
  "sma_200": 0.02327026054263115,
  "vix_open": 0.02325836941599846,
  "volume_ratio": 0.022709215059876442,
  "yield_change": 0.022687574848532677,
  "rsi_14": 0.021260341629385948,
  "xlf_high": 0.021046871319413185,
  "treasury_10y_low": 0.02095848321914673,
  "xlf_open": 0.020775077864527702,
  "vix_close": 0.02059592306613922,
  "xlk_low": 0.01857295259833336,
  "bb_upper": 0.018268849700689316,
  "ema_200": 0.018221359699964523,
  "xlk_open": 0.01781510002911091,
  "macd_diff": 0.01772574707865715,
  "volatility_5": 0.017366407439112663
}