{
  "xle_low": 0.08979161828756332,
  "ema_200": 0.05057729780673981,
  "vix_sma_10": 0.04692063480615616,
  "ema_10": 0.04629789665341377,
  "usd_index_low": 0.041411660611629486,
  "sma_50": 0.03566534444689751,
  "xle_close": 0.03463139757514,
  "sma_200": 0.03404192253947258,
  "xlk_close": 0.02994866669178009,
  "sma_10": 0.02793380804359913,
  "usd_index_close": 0.02416357770562172,
  "macd": 0.020895717665553093,
  "sma_20": 0.020757442340254784,
  "volatility_20": 0.01997392252087593,
  "xlf_high": 0.01974065788090229,
  "usd_index_open": 0.018949655815958977,
  "treasury_10y_high": 0.018789559602737427,
  "xlf_low": 0.018373653292655945,
  "volume_sma_20": 0.017178328707814217,
  "macd_diff": 0.016431087628006935
}