{
  "usd_index_low": 0.09322681277990341,
  "ema_200": 0.05810041353106499,
  "xle_low": 0.05624045059084892,
  "ema_10": 0.051286183297634125,
  "vix_sma_10": 0.03686384856700897,
  "sma_50": 0.03189646825194359,
  "sma_200": 0.031797513365745544,
  "xlk_close": 0.02839355356991291,
  "xle_close": 0.027407091110944748,
  "sma_10": 0.024068094789981842,
  "ema_50": 0.023981252685189247,
  "xlf_high": 0.023785671219229698,
  "volume_sma_20": 0.02053084969520569,
  "xlk_high": 0.02041686326265335,
  "macd": 0.020031912252306938,
  "macd_signal": 0.01893262192606926,
  "ema_20": 0.018064768984913826,
  "sma_20": 0.017867276445031166,
  "treasury_10y_high": 0.016377301886677742,
  "usd_index_close": 0.016230180859565735
}