{
  "bb_upper": 0.03262149170041084,
  "vix_low": 0.027507159858942032,
  "sma_200": 0.026116350665688515,
  "vix_high": 0.023834943771362305,
  "xle_high": 0.022758763283491135,
  "yield_change": 0.022516140714287758,
  "usd_index_low": 0.02179696224629879,
  "bb_lower": 0.020045585930347443,
  "xlf_high": 0.01932148076593876,
  "return_1d": 0.019131308421492577,
  "volatility_5": 0.019081447273492813,
  "vix_close": 0.01873870939016342,
  "return_5d": 0.018572943285107613,
  "ema_200": 0.018525518476963043,
  "return_20d": 0.018386689946055412,
  "vix_open": 0.018143342807888985,
  "treasury_10y_low": 0.017825134098529816,
  "rsi_14": 0.017726322636008263,
  "stoch_d": 0.017669470980763435,
  "xlf_open": 0.017485253512859344
}