{
  "xle_low": 0.06531111896038055,
  "ema_200": 0.05455116927623749,
  "xlk_close": 0.05172064155340195,
  "usd_index_low": 0.04332048073410988,
  "sma_200": 0.04304279014468193,
  "xle_close": 0.033516425639390945,
  "ema_10": 0.02910568192601204,
  "xlk_high": 0.028642134740948677,
  "vix_sma_10": 0.026433929800987244,
  "ema_20": 0.026342300698161125,
  "ema_50": 0.024731244891881943,
  "sma_50": 0.023253748193383217,
  "usd_index_high": 0.02290779910981655,
  "usd_index_open": 0.021682806313037872,
  "sma_10": 0.021329214796423912,
  "volume_sma_20": 0.021263116970658302,
  "macd": 0.02044379897415638,
  "usd_index_close": 0.020225845277309418,
  "volatility_20": 0.0201158095151186,
  "macd_diff": 0.019333671778440475
}