{
  "vix_high": 0.035935573279857635,
  "bb_upper": 0.027471622452139854,
  "vix_close": 0.023046990856528282,
  "ema_200": 0.022966977208852768,
  "bb_lower": 0.021969223394989967,
  "vix_open": 0.021859345957636833,
  "ema_10": 0.021235613152384758,
  "volume_ratio": 0.0206300038844347,
  "return_1d": 0.020550593733787537,
  "xle_high": 0.020450599491596222,
  "treasury_10y_low": 0.02030501514673233,
  "yield_change": 0.02026119828224182,
  "rsi_14": 0.01979922503232956,
  "sma_200": 0.019751504063606262,
  "xlk_open": 0.01972520723938942,
  "usd_index_high": 0.01833820529282093,
  "vix_change": 0.017820021137595177,
  "volatility_5": 0.01771426387131214,
  "xlf_rel_strength": 0.01719975285232067,
  "sma_20": 0.017167042940855026
}