{
  "xle_open": 0.04924860969185829,
  "sma_50": 0.041037172079086304,
  "xlf_high": 0.03878914192318916,
  "volatility_5": 0.03876759856939316,
  "sma_200": 0.03850727155804634,
  "ema_200": 0.03715967759490013,
  "usd_index_low": 0.030750907957553864,
  "sma_10": 0.026839811354875565,
  "bb_upper": 0.02668738178908825,
  "ema_10": 0.02308560162782669,
  "vix_sma_10": 0.022961026057600975,
  "ema_50": 0.022673070430755615,
  "macd_signal": 0.02170564979314804,
  "usd_index_high": 0.02058102749288082,
  "ema_20": 0.020540490746498108,
  "xlk_high": 0.018384244292974472,
  "xlf_rel_strength": 0.01824829913675785,
  "volume_ratio": 0.017420217394828796,
  "sma_20": 0.015855371952056885,
  "xlf_open": 0.015707075595855713
}