{
  "xle_open": 0.05227401480078697,
  "volatility_5": 0.04343850165605545,
  "sma_200": 0.03569098562002182,
  "xlf_high": 0.035512011498212814,
  "ema_200": 0.02948610484600067,
  "ema_50": 0.028846057131886482,
  "usd_index_high": 0.027961542829871178,
  "sma_50": 0.027282441034913063,
  "bb_upper": 0.026593152433633804,
  "ema_10": 0.0246579572558403,
  "macd_signal": 0.02441207692027092,
  "usd_index_low": 0.022340411320328712,
  "vix_sma_10": 0.02177698165178299,
  "volume_ratio": 0.020994503051042557,
  "xlk_high": 0.020394882187247276,
  "sma_10": 0.01768215000629425,
  "volume_sma_20": 0.01599985919892788,
  "ema_20": 0.015999259427189827,
  "xlf_rel_strength": 0.015992317348718643,
  "xle_low": 0.01568313129246235
}