{
  "xle_high": 0.05170157179236412,
  "sma_10": 0.03850758820772171,
  "volatility_5": 0.03694269061088562,
  "sma_50": 0.03247039020061493,
  "ema_200": 0.02963544800877571,
  "ema_10": 0.02697463519871235,
  "usd_index_high": 0.025537526234984398,
  "ema_50": 0.02507299743592739,
  "sma_200": 0.024995293468236923,
  "xle_open": 0.021534688770771027,
  "vix_sma_10": 0.021091070026159286,
  "macd_signal": 0.020979201421141624,
  "bb_upper": 0.020710214972496033,
  "xlf_high": 0.020170025527477264,
  "ema_20": 0.01987387239933014,
  "treasury_10y_open": 0.019066156819462776,
  "xlk_high": 0.018707798793911934,
  "xlk_low": 0.018483739346265793,
  "rsi_14": 0.01744004525244236,
  "xlk_open": 0.017089400440454483
}