{
  "usd_index_low": 0.028429951518774033,
  "bb_upper": 0.027500556781888008,
  "vix_high": 0.027367327362298965,
  "xlk_high": 0.026006819680333138,
  "xlf_high": 0.023907843977212906,
  "xlf_open": 0.023728711530566216,
  "vix_low": 0.023026075214147568,
  "ema_50": 0.02227729745209217,
  "yield_change": 0.020862700417637825,
  "treasury_10y_open": 0.020505845546722412,
  "vix_close": 0.019466925412416458,
  "volume_ratio": 0.01935744844377041,
  "sma_200": 0.01898469589650631,
  "volatility_5": 0.018154632300138474,
  "return_1d": 0.017481457442045212,
  "xlf_rel_strength": 0.01737755537033081,
  "return_5d": 0.01733381114900112,
  "bb_width": 0.01733180321753025,
  "rsi_14": 0.017278319224715233,
  "ema_200": 0.017112769186496735
}