{
  "xle_open": 0.0552956648170948,
  "ema_10": 0.043628621846437454,
  "volatility_5": 0.043364837765693665,
  "ema_200": 0.03280996158719063,
  "sma_200": 0.030772866681218147,
  "sma_50": 0.02910981886088848,
  "usd_index_high": 0.026228906586766243,
  "macd_signal": 0.025677980855107307,
  "bb_upper": 0.024942437186837196,
  "xlf_high": 0.023331940174102783,
  "volume_ratio": 0.022793002426624298,
  "usd_index_low": 0.022272352129220963,
  "ema_50": 0.021505819633603096,
  "vix_sma_10": 0.020740928128361702,
  "sma_10": 0.018071891739964485,
  "volume_sma_20": 0.01734560914337635,
  "xlf_rel_strength": 0.01679607667028904,
  "volatility_20": 0.015829946845769882,
  "xlk_low": 0.015680108219385147,
  "ema_20": 0.015513859689235687
}