{
  "bb_upper": 0.03054140694439411,
  "vix_high": 0.02806681953370571,
  "sma_200": 0.025537990033626556,
  "treasury_10y_low": 0.025139490142464638,
  "yield_change": 0.023607883602380753,
  "xle_open": 0.022071750834584236,
  "vix_low": 0.021710433065891266,
  "ema_10": 0.021209709346294403,
  "usd_index_low": 0.02091379091143608,
  "bb_lower": 0.020651184022426605,
  "ema_200": 0.02064637839794159,
  "vix_open": 0.019330961629748344,
  "xle_high": 0.018961863592267036,
  "treasury_10y_open": 0.018943002447485924,
  "xlf_high": 0.018912624567747116,
  "volume_ratio": 0.018249131739139557,
  "vix_close": 0.01820668764412403,
  "return_1d": 0.01782110147178173,
  "sma_20": 0.01773790270090103,
  "volatility_5": 0.017717111855745316
}