{
  "xle_high": 0.049307432025671005,
  "ema_50": 0.04363972693681717,
  "sma_10": 0.036361075937747955,
  "volatility_5": 0.03586200252175331,
  "xle_open": 0.03384367749094963,
  "usd_index_high": 0.03009066917002201,
  "sma_200": 0.029800649732351303,
  "ema_200": 0.024172021076083183,
  "sma_50": 0.02365168370306492,
  "macd_signal": 0.023225151002407074,
  "xlk_low": 0.023188021034002304,
  "usd_index_low": 0.021337836980819702,
  "xlf_low": 0.02047048881649971,
  "xlk_high": 0.019423576071858406,
  "vix_sma_10": 0.018917322158813477,
  "treasury_10y_low": 0.018796280026435852,
  "atr_14": 0.017782319337129593,
  "volatility_20": 0.017718760296702385,
  "ema_10": 0.0177066121250391,
  "bb_lower": 0.01690363697707653
}