{
  "bb_upper": 0.02880175970494747,
  "vix_high": 0.02770429290831089,
  "sma_200": 0.026089804247021675,
  "yield_change": 0.022770235314965248,
  "vix_low": 0.02266746200621128,
  "vix_close": 0.02037997357547283,
  "volatility_5": 0.019697656854987144,
  "xlk_open": 0.019598038867115974,
  "treasury_10y_low": 0.01905711740255356,
  "ema_200": 0.0190349742770195,
  "volume_ratio": 0.018943151459097862,
  "sma_20": 0.018936265259981155,
  "xlf_high": 0.018497327342629433,
  "bb_lower": 0.01831054873764515,
  "xle_open": 0.018181052058935165,
  "usd_index_low": 0.01806238293647766,
  "return_1d": 0.017901800572872162,
  "xle_high": 0.01753307320177555,
  "xlf_rel_strength": 0.01743507757782936,
  "return_5d": 0.017130045220255852
}