{
  "xle_low": 0.08851005882024765,
  "ema_200": 0.060505714267492294,
  "sma_200": 0.05170625075697899,
  "usd_index_close": 0.03999592736363411,
  "treasury_10y_close": 0.03293604031205177,
  "ema_20": 0.03212891146540642,
  "sma_20": 0.03024544194340706,
  "ema_10": 0.02902672067284584,
  "xle_close": 0.028865104541182518,
  "macd": 0.028854364529252052,
  "volume_sma_20": 0.02658458612859249,
  "vix_sma_10": 0.02556241862475872,
  "ema_50": 0.023071331903338432,
  "usd_index_open": 0.022057322785258293,
  "xlf_high": 0.01950940303504467,
  "usd_index_low": 0.019137892872095108,
  "treasury_10y_high": 0.018459945917129517,
  "bb_lower": 0.018308406695723534,
  "vix_open": 0.017990997061133385,
  "sma_50": 0.01777581498026848
}