{
  "xle_low": 0.08138005435466766,
  "xlk_close": 0.05905807018280029,
  "ema_200": 0.05318624898791313,
  "usd_index_low": 0.03505554050207138,
  "ema_20": 0.031358569860458374,
  "xle_open": 0.03132747858762741,
  "usd_index_close": 0.03127455338835716,
  "treasury_10y_close": 0.030713647603988647,
  "vix_sma_10": 0.028722649440169334,
  "sma_200": 0.02754620835185051,
  "ema_50": 0.027179809287190437,
  "macd": 0.026855507865548134,
  "volume_sma_20": 0.026551853865385056,
  "xlk_high": 0.02567838504910469,
  "ema_10": 0.021402351558208466,
  "sma_10": 0.020246896892786026,
  "macd_diff": 0.01964489184319973,
  "bb_upper": 0.018894119188189507,
  "xlf_high": 0.018261494114995003,
  "macd_signal": 0.01780380681157112
}