{
  "xle_open": 0.04428981617093086,
  "volatility_5": 0.0381934829056263,
  "bb_upper": 0.03479329124093056,
  "ema_200": 0.033369410783052444,
  "sma_200": 0.031077716499567032,
  "xlf_high": 0.02850533463060856,
  "usd_index_high": 0.025922726839780807,
  "usd_index_low": 0.02554076910018921,
  "ema_10": 0.024699410423636436,
  "sma_50": 0.02386317029595375,
  "macd_signal": 0.02375546470284462,
  "volume_ratio": 0.022181712090969086,
  "ema_20": 0.02060691826045513,
  "xlk_high": 0.02043054811656475,
  "ema_50": 0.020384812727570534,
  "vix_sma_10": 0.020184766501188278,
  "atr_14": 0.01911427639424801,
  "sma_10": 0.017458366230130196,
  "xle_low": 0.01736130379140377,
  "sma_20": 0.016523925587534904
}