{
  "bb_upper": 0.03224828094244003,
  "sma_200": 0.02911318838596344,
  "vix_high": 0.02421160787343979,
  "xle_high": 0.024153785780072212,
  "vix_low": 0.023637033998966217,
  "bb_lower": 0.022470748052001,
  "treasury_10y_low": 0.022325970232486725,
  "yield_change": 0.021105390042066574,
  "ema_200": 0.020139237865805626,
  "xle_open": 0.019886521622538567,
  "volatility_5": 0.01907404698431492,
  "vix_close": 0.018755104392766953,
  "return_5d": 0.01862999238073826,
  "return_1d": 0.018611542880535126,
  "ema_20": 0.018260397017002106,
  "stoch_d": 0.017924120649695396,
  "xlf_rel_strength": 0.017658159136772156,
  "volume_ratio": 0.01759197562932968,
  "atr_14": 0.017132481560111046,
  "usd_index_low": 0.016928358003497124
}