{
  "xle_high": 0.04675756022334099,
  "sma_10": 0.041444115340709686,
  "volatility_5": 0.03838831186294556,
  "ema_200": 0.036909960210323334,
  "xlf_high": 0.03625154495239258,
  "usd_index_high": 0.026919636875391006,
  "usd_index_low": 0.026557760313153267,
  "bb_upper": 0.02596871741116047,
  "ema_50": 0.025905799120664597,
  "sma_200": 0.025858256965875626,
  "xlk_high": 0.02524072676897049,
  "xle_low": 0.02296631969511509,
  "sma_50": 0.02149263024330139,
  "macd_signal": 0.021052304655313492,
  "atr_14": 0.02102039009332657,
  "xle_open": 0.020810430869460106,
  "ema_10": 0.019300470128655434,
  "vix_sma_10": 0.018535008653998375,
  "treasury_10y_open": 0.016784997656941414,
  "volume_sma_20": 0.016303053125739098
}