{
  "ema_10": 0.06862208992242813,
  "xle_low": 0.06591299921274185,
  "vix_sma_10": 0.04556776583194733,
  "ema_200": 0.04509919136762619,
  "sma_200": 0.037438977509737015,
  "usd_index_low": 0.032142218202352524,
  "bb_lower": 0.03175443783402443,
  "xle_close": 0.02918347902595997,
  "ema_20": 0.028333021327853203,
  "sma_50": 0.028310159221291542,
  "usd_index_open": 0.027528459206223488,
  "usd_index_close": 0.027219412848353386,
  "xlf_high": 0.02608884871006012,
  "xle_high": 0.025136202573776245,
  "macd": 0.02262062020599842,
  "volume_sma_20": 0.021286210045218468,
  "sma_10": 0.020835721865296364,
  "ema_50": 0.02014622837305069,
  "macd_diff": 0.01742652617394924,
  "sma_20": 0.01729247346520424
}