{
  "volatility_5": 0.04162510856986046,
  "sma_200": 0.04120698198676109,
  "xle_open": 0.040887605398893356,
  "sma_50": 0.036918383091688156,
  "ema_50": 0.032218653708696365,
  "bb_upper": 0.02845715545117855,
  "ema_200": 0.028236594051122665,
  "usd_index_high": 0.027943331748247147,
  "ema_20": 0.026851540431380272,
  "xlf_high": 0.025344543159008026,
  "usd_index_low": 0.023996518924832344,
  "macd_signal": 0.023340579122304916,
  "vix_sma_10": 0.02220221236348152,
  "volume_ratio": 0.02193799987435341,
  "xle_high": 0.021231340244412422,
  "treasury_10y_open": 0.01916291005909443,
  "ema_10": 0.018039461225271225,
  "xlk_open": 0.017484227195382118,
  "rsi_14": 0.017410190775990486,
  "bb_lower": 0.017167365178465843
}