{
  "xlk_close": 0.05950280651450157,
  "ema_200": 0.05860668048262596,
  "vix_sma_10": 0.05746286362409592,
  "ema_10": 0.046978745609521866,
  "xle_low": 0.046373169869184494,
  "usd_index_low": 0.04547677934169769,
  "sma_200": 0.03803751990199089,
  "usd_index_open": 0.03035636804997921,
  "volume_sma_20": 0.02930888533592224,
  "usd_index_close": 0.02448715642094612,
  "xlf_high": 0.02317620813846588,
  "sma_50": 0.022830868139863014,
  "treasury_10y_low": 0.022156238555908203,
  "xle_high": 0.01986476592719555,
  "volatility_20": 0.019497400149703026,
  "macd": 0.01870660111308098,
  "macd_diff": 0.018390316516160965,
  "macd_signal": 0.01793907955288887,
  "xlk_high": 0.017915405333042145,
  "bb_lower": 0.01712503284215927
}