{
  "vix_high": 0.03252888843417168,
  "volume_ratio": 0.028041530400514603,
  "bb_upper": 0.026880811899900436,
  "treasury_10y_low": 0.025722943246364594,
  "vix_close": 0.023704232648015022,
  "yield_change": 0.023352717980742455,
  "treasury_10y_open": 0.021683910861611366,
  "return_1d": 0.02120554819703102,
  "xle_high": 0.020572446286678314,
  "bb_lower": 0.019970864057540894,
  "bb_pct": 0.0198807530105114,
  "rsi_14": 0.01965794898569584,
  "ema_200": 0.019656550139188766,
  "return_5d": 0.019560281187295914,
  "usd_index_high": 0.018963273614645004,
  "xlk_low": 0.01862243562936783,
  "volume_sma_20": 0.018417727202177048,
  "stoch_d": 0.018239328637719154,
  "vix_open": 0.01798650622367859,
  "usd_index_low": 0.01787734590470791
}