{
  "xle_open": 0.053818684071302414,
  "ema_200": 0.039380282163619995,
  "volatility_5": 0.03839847445487976,
  "sma_200": 0.030095530673861504,
  "bb_upper": 0.029299966990947723,
  "xlf_high": 0.02731441706418991,
  "usd_index_low": 0.02657713182270527,
  "sma_50": 0.026458008214831352,
  "vix_sma_10": 0.024732127785682678,
  "usd_index_high": 0.02265794761478901,
  "ema_50": 0.0223830696195364,
  "sma_20": 0.02092091180384159,
  "sma_10": 0.02065427228808403,
  "macd_signal": 0.020550552755594254,
  "macd": 0.01819196343421936,
  "volume_ratio": 0.01797696202993393,
  "volume_sma_20": 0.017906896770000458,
  "xlf_rel_strength": 0.017188433557748795,
  "ema_10": 0.016529075801372528,
  "rsi_14": 0.01652611792087555
}