{
  "vix_high": 0.03682040423154831,
  "sma_10": 0.02635950967669487,
  "sma_200": 0.026337090879678726,
  "bb_lower": 0.025293786078691483,
  "vix_open": 0.023625826463103294,
  "volume_ratio": 0.02355455793440342,
  "bb_upper": 0.02341730147600174,
  "treasury_10y_low": 0.02283749170601368,
  "yield_change": 0.022319598123431206,
  "xlf_high": 0.02194197103381157,
  "return_1d": 0.020194200798869133,
  "usd_index_high": 0.0200052410364151,
  "ema_200": 0.019994914531707764,
  "rsi_14": 0.01974816806614399,
  "vix_change": 0.019352804869413376,
  "vix_close": 0.019209852442145348,
  "volatility_5": 0.018655503168702126,
  "xle_high": 0.018389763310551643,
  "xlk_open": 0.018178729340434074,
  "xlf_rel_strength": 0.01762222871184349
}