{
  "xle_low": 0.10539034008979797,
  "ema_200": 0.057096369564533234,
  "usd_index_low": 0.04321122542023659,
  "sma_200": 0.03785253316164017,
  "treasury_10y_close": 0.034219253808259964,
  "usd_index_close": 0.03217371553182602,
  "volume_sma_20": 0.028300898149609566,
  "ema_50": 0.027833525091409683,
  "sma_50": 0.02475159242749214,
  "xlf_high": 0.024074560031294823,
  "sma_20": 0.023405103012919426,
  "sma_10": 0.023088989779353142,
  "treasury_10y_high": 0.022911904379725456,
  "xlk_close": 0.02086755633354187,
  "treasury_10y_low": 0.020414330065250397,
  "vix_sma_10": 0.02018015645444393,
  "bb_lower": 0.020133718848228455,
  "macd": 0.018906526267528534,
  "bb_upper": 0.01828867755830288,
  "volatility_20": 0.01820443943142891
}