{
  "xle_low": 0.06964682787656784,
  "usd_index_low": 0.05859967693686485,
  "sma_200": 0.046395640820264816,
  "ema_200": 0.044509802013635635,
  "xle_close": 0.032046519219875336,
  "sma_50": 0.031271159648895264,
  "sma_10": 0.029554251581430435,
  "ema_10": 0.02944236807525158,
  "volume_sma_20": 0.02859422191977501,
  "vix_sma_10": 0.028154607862234116,
  "ema_20": 0.028062304481863976,
  "xlf_high": 0.025279447436332703,
  "volatility_20": 0.025123480707406998,
  "macd": 0.023212432861328125,
  "ema_50": 0.023052280768752098,
  "sma_20": 0.02300995960831642,
  "usd_index_close": 0.021741515025496483,
  "usd_index_high": 0.0194089412689209,
  "atr_14": 0.01881374977529049,
  "macd_diff": 0.01870615966618061
}