{
  "usd_index_low": 0.0652175024151802,
  "xle_low": 0.06345437467098236,
  "ema_200": 0.05215591564774513,
  "ema_10": 0.04574304074048996,
  "xle_high": 0.041819978505373,
  "sma_200": 0.03831084445118904,
  "vix_sma_10": 0.03260315954685211,
  "xle_close": 0.03215288743376732,
  "sma_20": 0.030684420838952065,
  "sma_10": 0.02954000048339367,
  "sma_50": 0.028659798204898834,
  "usd_index_close": 0.024333715438842773,
  "volume_sma_20": 0.022900810465216637,
  "macd": 0.02127416804432869,
  "ema_20": 0.021021442487835884,
  "xlf_high": 0.02092604897916317,
  "treasury_10y_high": 0.020778456702828407,
  "macd_diff": 0.02020694501698017,
  "ema_50": 0.019580962136387825,
  "xlf_low": 0.017239708453416824
}