{
  "sma_10": 0.035145748406648636,
  "vix_high": 0.02847270481288433,
  "bb_upper": 0.026902753859758377,
  "sma_200": 0.024150118231773376,
  "vix_low": 0.024051237851381302,
  "vix_open": 0.022875653579831123,
  "treasury_10y_open": 0.022092342376708984,
  "yield_change": 0.0216132290661335,
  "xlk_high": 0.0209589134901762,
  "treasury_10y_low": 0.020696202293038368,
  "return_1d": 0.020070809870958328,
  "rsi_14": 0.019670723006129265,
  "bb_pct": 0.019471745938062668,
  "usd_index_low": 0.019435491412878036,
  "ema_200": 0.018818501383066177,
  "volatility_5": 0.01865548826754093,
  "bb_width": 0.018560005351901054,
  "vix_close": 0.018148191273212433,
  "volatility_20": 0.017818331718444824,
  "macd_signal": 0.017580552026629448
}