{
  "xle_low": 0.07857266068458557,
  "ema_10": 0.05897444859147072,
  "xlk_close": 0.047790780663490295,
  "ema_200": 0.047334667295217514,
  "sma_200": 0.03638767823576927,
  "usd_index_open": 0.034888748079538345,
  "usd_index_low": 0.03191285580396652,
  "vix_sma_10": 0.031267426908016205,
  "sma_50": 0.030580753460526466,
  "usd_index_close": 0.02893434278666973,
  "volume_sma_20": 0.024194518104195595,
  "sma_20": 0.022478323429822922,
  "macd": 0.02187678962945938,
  "xle_close": 0.02107885852456093,
  "ema_20": 0.02085094526410103,
  "xlf_close": 0.019967040047049522,
  "volatility_20": 0.019837049767374992,
  "macd_diff": 0.01911865547299385,
  "xlf_high": 0.01840377226471901,
  "sma_10": 0.017210640013217926
}