{
  "vix_high": 0.03478698432445526,
  "volume_ratio": 0.026338201016187668,
  "sma_10": 0.02564193680882454,
  "ema_200": 0.025586750358343124,
  "rsi_14": 0.02371392585337162,
  "bb_upper": 0.02304341457784176,
  "bb_lower": 0.0229739211499691,
  "yield_change": 0.02278515323996544,
  "xle_high": 0.022202543914318085,
  "treasury_10y_low": 0.02219574898481369,
  "xlk_close": 0.02170843631029129,
  "return_1d": 0.021088745445013046,
  "vix_close": 0.020643455907702446,
  "bb_pct": 0.020156504586338997,
  "xlk_low": 0.019136503338813782,
  "xlf_rel_strength": 0.018156006932258606,
  "volume_sma_20": 0.018018348142504692,
  "sma_200": 0.017461515963077545,
  "return_5d": 0.01681065559387207,
  "macd_signal": 0.016565406695008278
}