{
  "xle_low": 0.06968605518341064,
  "usd_index_low": 0.054715029895305634,
  "ema_200": 0.054568614810705185,
  "xle_close": 0.04698299989104271,
  "sma_200": 0.03096839040517807,
  "volume_sma_20": 0.029743067920207977,
  "macd": 0.029084187000989914,
  "vix_sma_10": 0.02748713083565235,
  "sma_50": 0.026143964380025864,
  "usd_index_open": 0.026070380583405495,
  "xlk_close": 0.023887917399406433,
  "sma_10": 0.022697627544403076,
  "ema_10": 0.022340646013617516,
  "xlf_high": 0.022020826116204262,
  "macd_diff": 0.020899618044495583,
  "xle_high": 0.020617663860321045,
  "bb_upper": 0.01948857121169567,
  "sma_20": 0.019438868388533592,
  "usd_index_close": 0.019194671884179115,
  "xlk_high": 0.018543198704719543
}