{
  "vix_high": 0.028254033997654915,
  "sma_50": 0.026302020996809006,
  "volume_ratio": 0.024559933692216873,
  "xlf_open": 0.02367457002401352,
  "yield_change": 0.02342846430838108,
  "ema_50": 0.02306545525789261,
  "xlf_high": 0.021850068122148514,
  "bb_upper": 0.021817978471517563,
  "sma_200": 0.021570194512605667,
  "treasury_10y_low": 0.02156243659555912,
  "return_1d": 0.02109646052122116,
  "bb_lower": 0.020915409550070763,
  "xlf_rel_strength": 0.020353449508547783,
  "rsi_14": 0.0202648863196373,
  "vix_close": 0.019596228376030922,
  "xlf_low": 0.019512338563799858,
  "bb_pct": 0.01943666860461235,
  "xle_high": 0.019033120945096016,
  "ema_200": 0.018959349021315575,
  "usd_index_high": 0.018651051446795464
}