{
  "treasury_10y_low": 0.028831040486693382,
  "vix_high": 0.02856888808310032,
  "vix_low": 0.024660609662532806,
  "yield_change": 0.02456585317850113,
  "bb_lower": 0.02424398623406887,
  "xlk_close": 0.02333243563771248,
  "volume_ratio": 0.02102607674896717,
  "bb_upper": 0.020996037870645523,
  "xlk_low": 0.020908039063215256,
  "xle_open": 0.020426588132977486,
  "usd_index_low": 0.020200347527861595,
  "xlf_open": 0.01991371251642704,
  "vix_close": 0.01896674372255802,
  "volatility_5": 0.018717126920819283,
  "xle_high": 0.018470417708158493,
  "vix_open": 0.018180295825004578,
  "xle_low": 0.017615897580981255,
  "stoch_d": 0.01746104285120964,
  "return_1d": 0.017357466742396355,
  "ema_200": 0.01726638153195381
}