{
  "sma_50": 0.053468115627765656,
  "volatility_5": 0.033930517733097076,
  "ema_200": 0.033526938408613205,
  "sma_200": 0.03334648162126541,
  "xlf_high": 0.03221467137336731,
  "xle_open": 0.02990148216485977,
  "ema_50": 0.029798410832881927,
  "bb_upper": 0.02802182175219059,
  "ema_10": 0.027919458225369453,
  "usd_index_high": 0.025810355320572853,
  "usd_index_low": 0.02436666563153267,
  "macd_signal": 0.02346440590918064,
  "xle_low": 0.022226931527256966,
  "vix_sma_10": 0.021863214671611786,
  "volume_ratio": 0.021706150844693184,
  "xle_high": 0.021590255200862885,
  "ema_20": 0.021190932020545006,
  "treasury_10y_open": 0.019573532044887543,
  "vix_high": 0.016751736402511597,
  "xlf_open": 0.015873873606324196
}