{
  "sma_10": 0.04474323242902756,
  "xle_high": 0.04392697289586067,
  "volatility_5": 0.038129206746816635,
  "sma_50": 0.03711361438035965,
  "sma_200": 0.0320037417113781,
  "usd_index_high": 0.02800772152841091,
  "ema_200": 0.026795560494065285,
  "xle_open": 0.026068968698382378,
  "xle_low": 0.024439414963126183,
  "xlf_high": 0.02351960353553295,
  "usd_index_low": 0.02253274992108345,
  "bb_upper": 0.02179870568215847,
  "macd_signal": 0.021147485822439194,
  "ema_20": 0.02094518020749092,
  "xlk_low": 0.018489183858036995,
  "rsi_14": 0.01798238418996334,
  "vix_open": 0.01762816682457924,
  "ema_50": 0.01704193279147148,
  "volume_sma_20": 0.017030291259288788,
  "ema_10": 0.016988715156912804
}