{
  "bb_upper": 0.034047432243824005,
  "usd_index_low": 0.024992797523736954,
  "vix_high": 0.024665551260113716,
  "sma_10": 0.024199936538934708,
  "vix_low": 0.022978471592068672,
  "yield_change": 0.022821754217147827,
  "treasury_10y_low": 0.021764058619737625,
  "return_1d": 0.021296456456184387,
  "vix_close": 0.021086392924189568,
  "xlk_high": 0.02051493525505066,
  "sma_200": 0.020028825849294662,
  "volume_ratio": 0.019136987626552582,
  "volatility_5": 0.01832883059978485,
  "return_5d": 0.018322937190532684,
  "bb_pct": 0.018045471981167793,
  "xlf_rel_strength": 0.017919065430760384,
  "treasury_10y_open": 0.017793744802474976,
  "xle_high": 0.017721369862556458,
  "ema_200": 0.017552698031067848,
  "xlf_open": 0.017529373988509178
}