{
  "xle_high": 0.05340312048792839,
  "volatility_5": 0.03745453059673309,
  "sma_50": 0.037441592663526535,
  "sma_10": 0.03735308721661568,
  "ema_200": 0.03580228239297867,
  "bb_upper": 0.029644295573234558,
  "sma_200": 0.028802761808037758,
  "usd_index_high": 0.02760130539536476,
  "xle_open": 0.025006158277392387,
  "usd_index_low": 0.024886488914489746,
  "macd_signal": 0.02281140349805355,
  "vix_sma_10": 0.019694093614816666,
  "atr_14": 0.019677942618727684,
  "ema_20": 0.019422311335802078,
  "ema_50": 0.01912386156618595,
  "xlk_low": 0.01881580427289009,
  "xlk_high": 0.01881268620491028,
  "volume_sma_20": 0.01794316992163658,
  "treasury_10y_low": 0.016748735681176186,
  "xle_low": 0.01643216982483864
}