{
  "xle_low": 0.07455284148454666,
  "ema_50": 0.056556589901447296,
  "ema_200": 0.056373026221990585,
  "usd_index_low": 0.053587011992931366,
  "xlk_close": 0.05196284502744675,
  "usd_index_close": 0.03327997773885727,
  "sma_200": 0.03122938796877861,
  "macd": 0.029841195791959763,
  "xle_high": 0.02974504791200161,
  "ema_20": 0.027308175340294838,
  "volume_sma_20": 0.02714281715452671,
  "sma_20": 0.026863455772399902,
  "treasury_10y_close": 0.024050403386354446,
  "vix_sma_10": 0.02190490998327732,
  "sma_10": 0.021369826048612595,
  "treasury_10y_high": 0.018461056053638458,
  "sma_50": 0.017659755423665047,
  "atr_14": 0.017049437388777733,
  "bb_upper": 0.016959384083747864,
  "xlf_low": 0.01666931062936783
}