{
  "sma_50": 0.04455122724175453,
  "xle_high": 0.040059302002191544,
  "sma_10": 0.03836258128285408,
  "usd_index_high": 0.03336907923221588,
  "xle_open": 0.03325120732188225,
  "volatility_5": 0.030745787546038628,
  "sma_200": 0.028615811839699745,
  "ema_200": 0.027223780751228333,
  "xlk_high": 0.025372305884957314,
  "bb_upper": 0.02464873716235161,
  "macd_signal": 0.022416111081838608,
  "ema_50": 0.021330758929252625,
  "ema_20": 0.020995281636714935,
  "ema_10": 0.020993834361433983,
  "treasury_10y_open": 0.020872818306088448,
  "xlf_low": 0.020127374678850174,
  "usd_index_low": 0.019113527610898018,
  "vix_sma_10": 0.01850714348256588,
  "xle_low": 0.018129028379917145,
  "bb_lower": 0.016318129375576973
}