{
  "xle_high": 0.04669393226504326,
  "sma_10": 0.041268832981586456,
  "volatility_5": 0.040276359766721725,
  "sma_20": 0.032818134874105453,
  "xle_open": 0.031987015157938004,
  "bb_upper": 0.026853369548916817,
  "sma_200": 0.026580242440104485,
  "ema_200": 0.026538994163274765,
  "sma_50": 0.025857850909233093,
  "usd_index_high": 0.025176694616675377,
  "ema_10": 0.023646242916584015,
  "usd_index_low": 0.022222571074962616,
  "vix_sma_10": 0.021655350923538208,
  "macd_signal": 0.021061155945062637,
  "treasury_10y_open": 0.018231352791190147,
  "rsi_14": 0.01811755634844303,
  "ema_20": 0.017961230129003525,
  "xlf_low": 0.01755536161363125,
  "volume_sma_20": 0.017439717426896095,
  "ema_50": 0.01736464537680149
}