{
  "bb_upper": 0.03296691179275513,
  "vix_high": 0.02906813472509384,
  "sma_200": 0.02798536978662014,
  "yield_change": 0.02421267144382,
  "return_1d": 0.023855891078710556,
  "usd_index_low": 0.023394061252474785,
  "sma_10": 0.02178805321455002,
  "treasury_10y_low": 0.021746832877397537,
  "ema_200": 0.021357685327529907,
  "volume_ratio": 0.02101035788655281,
  "vix_close": 0.02077086642384529,
  "bb_pct": 0.02074718475341797,
  "vix_low": 0.020090753212571144,
  "rsi_14": 0.01899169385433197,
  "return_5d": 0.018797816708683968,
  "xlk_high": 0.01866317354142666,
  "vix_open": 0.018532557412981987,
  "usd_index_high": 0.017877228558063507,
  "macd_diff": 0.01752496510744095,
  "vix_change": 0.017462559044361115
}