{
  "xle_low": 0.07452642172574997,
  "usd_index_low": 0.05680830404162407,
  "ema_200": 0.05116347223520279,
  "vix_sma_10": 0.03952856734395027,
  "ema_10": 0.03718061372637749,
  "xle_open": 0.035008687525987625,
  "sma_200": 0.030343960970640182,
  "xlk_close": 0.029781334102153778,
  "sma_20": 0.026357809081673622,
  "sma_10": 0.025245700031518936,
  "usd_index_open": 0.02463327720761299,
  "macd": 0.023486601188778877,
  "bb_lower": 0.022601092234253883,
  "volume_sma_20": 0.022215455770492554,
  "usd_index_close": 0.021487610414624214,
  "xlf_high": 0.02141752280294895,
  "macd_diff": 0.020219245925545692,
  "usd_index_high": 0.019665269181132317,
  "sma_50": 0.018770087510347366,
  "ema_50": 0.018382716923952103
}