{
  "vix_high": 0.03416972979903221,
  "volume_ratio": 0.02796969562768936,
  "bb_lower": 0.025633370503783226,
  "yield_change": 0.02355601079761982,
  "sma_200": 0.022423988208174706,
  "xlf_close": 0.021835150197148323,
  "rsi_14": 0.021807553246617317,
  "xlf_low": 0.02141544595360756,
  "ema_200": 0.0214061476290226,
  "vix_close": 0.021391456946730614,
  "return_1d": 0.021325791254639626,
  "xlk_high": 0.020826969295740128,
  "treasury_10y_low": 0.02009471133351326,
  "volatility_5": 0.01975971832871437,
  "bb_pct": 0.019629349932074547,
  "sma_10": 0.019066423177719116,
  "xlk_open": 0.018889473751187325,
  "usd_index_high": 0.018569666892290115,
  "return_10d": 0.018386350944638252,
  "volatility_20": 0.01807939074933529
}