{
  "vix_high": 0.03189337998628616,
  "bb_lower": 0.026331668719649315,
  "volume_ratio": 0.02606513351202011,
  "sma_200": 0.025354979559779167,
  "sma_10": 0.023030655458569527,
  "xlf_open": 0.022390810772776604,
  "yield_change": 0.021756665781140327,
  "xlf_high": 0.0216318778693676,
  "xlf_rel_strength": 0.02128872089087963,
  "usd_index_high": 0.0204450860619545,
  "rsi_14": 0.020330501720309258,
  "ema_20": 0.020119434222579002,
  "vix_close": 0.019804442301392555,
  "xlk_open": 0.019259218126535416,
  "bb_upper": 0.019147861748933792,
  "volatility_5": 0.01911952532827854,
  "return_1d": 0.01869095489382744,
  "treasury_10y_low": 0.018263550475239754,
  "ema_50": 0.017890604212880135,
  "xlf_low": 0.017275430262088776
}