{
  "sma_10": 0.04653370752930641,
  "sma_200": 0.03688888996839523,
  "vix_high": 0.030525298789143562,
  "volume_ratio": 0.027615046128630638,
  "bb_lower": 0.024757273495197296,
  "xlk_open": 0.02175130881369114,
  "ema_200": 0.020901255309581757,
  "usd_index_open": 0.02059357799589634,
  "return_1d": 0.020411238074302673,
  "vix_close": 0.020396826788783073,
  "rsi_14": 0.01987617090344429,
  "yield_change": 0.019284648820757866,
  "treasury_10y_low": 0.019016968086361885,
  "macd_diff": 0.017637984827160835,
  "stoch_d": 0.016820911318063736,
  "usd_index_high": 0.01666366122663021,
  "bb_upper": 0.01652047038078308,
  "volatility_5": 0.01634920947253704,
  "return_5d": 0.016149824485182762,
  "macd_signal": 0.01601383276283741
}