{
  "vix_high": 0.03588036820292473,
  "volume_ratio": 0.025272324681282043,
  "sma_200": 0.02497270703315735,
  "bb_upper": 0.023479202762246132,
  "yield_change": 0.023425159975886345,
  "vix_close": 0.0229756161570549,
  "xlk_close": 0.0226406529545784,
  "ema_50": 0.022387344390153885,
  "bb_lower": 0.02189802937209606,
  "vix_open": 0.021610664203763008,
  "treasury_10y_low": 0.021391402930021286,
  "sma_10": 0.02089708112180233,
  "sma_50": 0.020695261657238007,
  "ema_200": 0.020507583394646645,
  "xle_high": 0.020455708727240562,
  "return_1d": 0.020324835553765297,
  "usd_index_high": 0.020282210782170296,
  "rsi_14": 0.02001292072236538,
  "bb_pct": 0.01894352026283741,
  "volatility_5": 0.01845567114651203
}