{
  "sma_50": 0.04080510511994362,
  "volatility_5": 0.03754286840558052,
  "xle_open": 0.03632596135139465,
  "sma_200": 0.03563929349184036,
  "ema_200": 0.03377244994044304,
  "ema_10": 0.030992714688181877,
  "usd_index_low": 0.028719216585159302,
  "bb_upper": 0.027984991669654846,
  "xlf_high": 0.027756579220294952,
  "vix_sma_10": 0.02769746258854866,
  "macd_signal": 0.026110099628567696,
  "ema_50": 0.02288224920630455,
  "xlk_low": 0.022101592272520065,
  "sma_10": 0.02181418612599373,
  "vix_high": 0.019794875755906105,
  "xlf_open": 0.018773766234517097,
  "volume_ratio": 0.017573751509189606,
  "usd_index_high": 0.01711386814713478,
  "volume_sma_20": 0.016981719061732292,
  "treasury_10y_open": 0.016550179570913315
}