{
  "xle_open": 0.04077902063727379,
  "volatility_5": 0.03529669716954231,
  "sma_50": 0.03185537829995155,
  "ema_200": 0.030467549338936806,
  "usd_index_high": 0.030410680919885635,
  "ema_50": 0.02949872612953186,
  "xle_high": 0.02885773405432701,
  "sma_200": 0.028313279151916504,
  "xlf_high": 0.027191955596208572,
  "ema_20": 0.025113478302955627,
  "vix_sma_10": 0.024779846891760826,
  "volume_ratio": 0.02448645606637001,
  "macd_signal": 0.023104356601834297,
  "ema_10": 0.020291581749916077,
  "bb_upper": 0.01999073103070259,
  "usd_index_low": 0.019194327294826508,
  "xlk_open": 0.01867438666522503,
  "xlf_rel_strength": 0.017485760152339935,
  "sma_10": 0.01703898049890995,
  "volume_sma_20": 0.016599301248788834
}