{
  "xle_low": 0.07558146119117737,
  "ema_200": 0.056626852601766586,
  "ema_10": 0.054472025483846664,
  "sma_200": 0.039153218269348145,
  "usd_index_low": 0.035023000091314316,
  "vix_sma_10": 0.03083859570324421,
  "xlk_close": 0.03075270913541317,
  "volume_sma_20": 0.029563356190919876,
  "usd_index_close": 0.027701446786522865,
  "xlk_high": 0.027469120919704437,
  "xle_close": 0.02517080307006836,
  "usd_index_open": 0.02503151446580887,
  "usd_index_high": 0.02327546291053295,
  "treasury_10y_low": 0.022869065403938293,
  "macd_diff": 0.0206685159355402,
  "xlk_low": 0.020324906334280968,
  "vix_high": 0.019750699400901794,
  "ema_50": 0.01969534531235695,
  "ema_20": 0.01828300580382347,
  "macd": 0.018256746232509613
}