{
  "sma_200": 0.03228418529033661,
  "bb_upper": 0.027943523600697517,
  "vix_high": 0.026236476376652718,
  "vix_low": 0.024458883330225945,
  "yield_change": 0.024383898824453354,
  "usd_index_low": 0.02211390808224678,
  "bb_lower": 0.022041136398911476,
  "vix_close": 0.020445942878723145,
  "return_5d": 0.01979224570095539,
  "ema_200": 0.019668927416205406,
  "bb_pct": 0.01948630064725876,
  "return_1d": 0.01909426972270012,
  "vix_change": 0.01869918592274189,
  "stoch_d": 0.018333857879042625,
  "volume_ratio": 0.018292896449565887,
  "treasury_10y_open": 0.018244171515107155,
  "volatility_5": 0.018070410937070847,
  "ema_10": 0.01776687428355217,
  "xlf_high": 0.017634283751249313,
  "xle_open": 0.017498474568128586
}