{
  "xle_low": 0.06231872737407684,
  "ema_200": 0.05734909698367119,
  "xle_open": 0.04302505403757095,
  "ema_10": 0.03929779678583145,
  "sma_200": 0.039274878799915314,
  "usd_index_low": 0.03638410195708275,
  "volume_sma_20": 0.035291850566864014,
  "xle_close": 0.034287795424461365,
  "vix_sma_10": 0.029386570677161217,
  "ema_50": 0.028525996953248978,
  "usd_index_high": 0.02753039076924324,
  "usd_index_open": 0.02450075000524521,
  "xlk_high": 0.020786559209227562,
  "xle_high": 0.020140422508120537,
  "macd": 0.01964835450053215,
  "xlk_low": 0.018500110134482384,
  "macd_diff": 0.017776774242520332,
  "macd_signal": 0.016976501792669296,
  "xlf_close": 0.016769958660006523,
  "vix_close": 0.016421059146523476
}