{
  "xle_high": 0.04980560019612312,
  "volatility_5": 0.039279788732528687,
  "ema_200": 0.03815152123570442,
  "sma_10": 0.03750903531908989,
  "xlf_high": 0.03714944049715996,
  "bb_upper": 0.03221777826547623,
  "usd_index_low": 0.02647477202117443,
  "sma_200": 0.025516415014863014,
  "macd_signal": 0.02464587613940239,
  "usd_index_high": 0.02273484133183956,
  "sma_20": 0.021048571914434433,
  "xle_open": 0.020914647728204727,
  "sma_50": 0.02066141925752163,
  "treasury_10y_open": 0.02007606066763401,
  "ema_20": 0.019621457904577255,
  "ema_10": 0.019132880493998528,
  "ema_50": 0.01896177977323532,
  "volatility_20": 0.018624817952513695,
  "volume_sma_20": 0.01852758228778839,
  "xlk_low": 0.01824120245873928
}