{
  "xle_low": 0.07387927919626236,
  "ema_200": 0.05536869540810585,
  "sma_200": 0.05457236245274544,
  "usd_index_low": 0.05021924152970314,
  "usd_index_open": 0.03641745075583458,
  "volume_sma_20": 0.02907731756567955,
  "ema_20": 0.02680930308997631,
  "ema_10": 0.02637767605483532,
  "xle_close": 0.02619331330060959,
  "xlk_high": 0.02618863247334957,
  "xlk_close": 0.02532653883099556,
  "vix_sma_10": 0.024111513048410416,
  "usd_index_high": 0.02160250023007393,
  "xle_high": 0.0208779014647007,
  "sma_50": 0.019568756222724915,
  "vix_close": 0.01946943625807762,
  "macd": 0.01881866529583931,
  "sma_20": 0.018156742677092552,
  "rsi_14": 0.01798301935195923,
  "volatility_20": 0.017791885882616043
}