{
  "xle_low": 0.08974108844995499,
  "usd_index_low": 0.06330560147762299,
  "ema_10": 0.05461281165480614,
  "sma_200": 0.043515052646398544,
  "ema_200": 0.04120203107595444,
  "sma_10": 0.02956174872815609,
  "xle_close": 0.029383881017565727,
  "xle_open": 0.028964199125766754,
  "usd_index_high": 0.027116306126117706,
  "xlk_open": 0.024563658982515335,
  "ema_50": 0.023474177345633507,
  "volume_sma_20": 0.023195667192339897,
  "sma_20": 0.022089362144470215,
  "sma_50": 0.021730955690145493,
  "macd_diff": 0.02019181288778782,
  "vix_sma_10": 0.019221944734454155,
  "treasury_10y_high": 0.01899118348956108,
  "macd": 0.01864573359489441,
  "ema_20": 0.01858539693057537,
  "bb_lower": 0.017774153500795364
}