{
  "vix_high": 0.030969487503170967,
  "sma_10": 0.029933150857686996,
  "xle_high": 0.0263128150254488,
  "bb_upper": 0.026303092017769814,
  "xlk_open": 0.02517259120941162,
  "yield_change": 0.0243156086653471,
  "bb_pct": 0.02324702963232994,
  "vix_close": 0.022923635318875313,
  "treasury_10y_low": 0.022576507180929184,
  "vix_open": 0.021673530340194702,
  "volume_ratio": 0.02134823612868786,
  "rsi_14": 0.021036433055996895,
  "bb_lower": 0.020662715658545494,
  "return_1d": 0.020136024802923203,
  "bb_width": 0.020040642470121384,
  "usd_index_low": 0.01994478516280651,
  "usd_index_high": 0.01834207773208618,
  "volatility_5": 0.018273083493113518,
  "sma_200": 0.018261641263961792,
  "macd_signal": 0.016431691125035286
}