{
  "vix_high": 0.029677217826247215,
  "bb_upper": 0.02966132014989853,
  "volume_ratio": 0.024081243202090263,
  "rsi_14": 0.02357851155102253,
  "return_1d": 0.023510387167334557,
  "treasury_10y_low": 0.02337738871574402,
  "bb_lower": 0.0226981732994318,
  "xlf_high": 0.02142767794430256,
  "xlk_high": 0.021154865622520447,
  "yield_change": 0.02115175500512123,
  "vix_close": 0.020565908402204514,
  "ema_20": 0.019344588741660118,
  "macd_signal": 0.018999621272087097,
  "xlk_low": 0.018724149093031883,
  "ema_200": 0.018651679158210754,
  "sma_50": 0.018603546544909477,
  "bb_pct": 0.01827496849000454,
  "xlk_close": 0.017809974029660225,
  "xle_high": 0.01762767694890499,
  "usd_index_low": 0.017461856827139854
}