{
  "xle_low": 0.1306440383195877,
  "ema_10": 0.05312256142497063,
  "ema_200": 0.04267451539635658,
  "usd_index_low": 0.036986786872148514,
  "sma_200": 0.03612956777215004,
  "vix_sma_10": 0.0297243595123291,
  "macd": 0.0273910965770483,
  "bb_lower": 0.025626054033637047,
  "usd_index_high": 0.023872867226600647,
  "volume_sma_20": 0.023041648790240288,
  "bb_upper": 0.02252541109919548,
  "sma_20": 0.021633045747876167,
  "ema_20": 0.02122562564909458,
  "xlk_close": 0.02103055641055107,
  "sma_50": 0.020958058536052704,
  "xlf_high": 0.02026355266571045,
  "atr_14": 0.019703635945916176,
  "treasury_10y_high": 0.018957391381263733,
  "usd_index_close": 0.018684547394514084,
  "treasury_10y_close": 0.018260426819324493
}