{
  "xle_low": 0.0643043965101242,
  "usd_index_low": 0.05429057776927948,
  "ema_200": 0.049504391849040985,
  "ema_10": 0.04116229712963104,
  "xle_close": 0.03790361434221268,
  "sma_200": 0.037853460758924484,
  "vix_sma_10": 0.031241487711668015,
  "usd_index_open": 0.0295729823410511,
  "sma_20": 0.026653097942471504,
  "xlf_low": 0.02601824514567852,
  "xlk_close": 0.02565191499888897,
  "ema_50": 0.02564600482583046,
  "volume_sma_20": 0.02404354326426983,
  "sma_10": 0.021327337250113487,
  "usd_index_close": 0.02081701159477234,
  "macd": 0.02029646374285221,
  "xlf_high": 0.01989622600376606,
  "sma_50": 0.01955309510231018,
  "macd_signal": 0.01954241842031479,
  "macd_diff": 0.018824269995093346
}