{
  "xle_open": 0.05013780668377876,
  "volatility_5": 0.041895974427461624,
  "sma_50": 0.04180106893181801,
  "sma_200": 0.03950146213173866,
  "sma_10": 0.03412288427352905,
  "xlf_high": 0.03151974827051163,
  "bb_upper": 0.02690555527806282,
  "ema_200": 0.026783380657434464,
  "ema_50": 0.024890199303627014,
  "vix_sma_10": 0.02487025409936905,
  "ema_20": 0.023547537624835968,
  "usd_index_high": 0.02246466465294361,
  "macd_signal": 0.02123979665338993,
  "xlk_high": 0.01824347674846649,
  "xlk_low": 0.017112812027335167,
  "xlf_rel_strength": 0.017086492851376534,
  "volume_ratio": 0.01707283966243267,
  "usd_index_low": 0.016858652234077454,
  "volume_sma_20": 0.015915894880890846,
  "xlf_open": 0.015364419668912888
}