{
  "vix_high": 0.030499856919050217,
  "sma_200": 0.02897617034614086,
  "treasury_10y_low": 0.027365557849407196,
  "xlf_open": 0.02580863982439041,
  "volume_ratio": 0.0249304361641407,
  "xlk_low": 0.023668842390179634,
  "usd_index_high": 0.022840913385152817,
  "vix_open": 0.02280903421342373,
  "yield_change": 0.022415179759263992,
  "rsi_14": 0.022037401795387268,
  "bb_lower": 0.02153395675122738,
  "vix_close": 0.021321697160601616,
  "return_1d": 0.019754353910684586,
  "xle_high": 0.019400903955101967,
  "xlk_high": 0.019377978518605232,
  "xlf_high": 0.019088156521320343,
  "volatility_5": 0.018981685861945152,
  "xlk_open": 0.018818696960806847,
  "xle_open": 0.018406864255666733,
  "return_10d": 0.018238482996821404
}