{
  "xle_high": 0.044905196875333786,
  "sma_200": 0.03918071463704109,
  "ema_200": 0.03716101869940758,
  "sma_10": 0.03693220391869545,
  "volatility_5": 0.03258082643151283,
  "xlf_high": 0.030214333906769753,
  "bb_upper": 0.030089542269706726,
  "usd_index_high": 0.025611860677599907,
  "ema_50": 0.025494998320937157,
  "usd_index_low": 0.025331396609544754,
  "macd_signal": 0.024979403242468834,
  "sma_20": 0.023678546771407127,
  "sma_50": 0.022728346288204193,
  "ema_20": 0.021719306707382202,
  "ema_10": 0.020602483302354813,
  "xle_open": 0.01831679232418537,
  "treasury_10y_close": 0.018263129517436028,
  "xle_low": 0.01800117827951908,
  "vix_sma_10": 0.017239373177289963,
  "xlk_low": 0.017053812742233276
}