{
  "xle_low": 0.07128644734621048,
  "xlk_close": 0.06929697841405869,
  "ema_10": 0.06166994571685791,
  "sma_200": 0.04096023738384247,
  "ema_200": 0.038822710514068604,
  "usd_index_low": 0.037454087287187576,
  "usd_index_open": 0.03262428566813469,
  "xlf_high": 0.028729913756251335,
  "sma_50": 0.027937091886997223,
  "vix_sma_10": 0.02767344005405903,
  "ema_50": 0.0254614669829607,
  "xlf_close": 0.024513423442840576,
  "macd": 0.02102685160934925,
  "volatility_20": 0.019515641033649445,
  "ema_20": 0.019029606133699417,
  "treasury_10y_high": 0.018206380307674408,
  "sma_10": 0.01724056713283062,
  "bb_lower": 0.01706281490623951,
  "sma_20": 0.016905128955841064,
  "macd_diff": 0.016362298280000687
}