{
  "usd_index_low": 0.028445366770029068,
  "bb_upper": 0.027515467256307602,
  "vix_high": 0.027382168918848038,
  "xlk_high": 0.026020921766757965,
  "xlf_high": 0.023920807987451553,
  "xlf_open": 0.023741578683257103,
  "vix_low": 0.023038560524582863,
  "ema_50": 0.022289376705884933,
  "yield_change": 0.020874012261629105,
  "treasury_10y_open": 0.02051696367561817,
  "vix_close": 0.01947748102247715,
  "volume_ratio": 0.019367944449186325,
  "sma_200": 0.01899499073624611,
  "volatility_5": 0.01816447824239731,
  "rsi_14": 0.017690585926175117,
  "return_1d": 0.017490936443209648,
  "xlf_rel_strength": 0.01738697662949562,
  "return_5d": 0.01734321005642414,
  "bb_width": 0.01734120212495327,
  "ema_200": 0.017122048884630203
}