{
  "bb_upper": 0.040592145174741745,
  "vix_high": 0.0321933776140213,
  "sma_200": 0.027565499767661095,
  "xlk_low": 0.02705053798854351,
  "yield_change": 0.023325588554143906,
  "vix_low": 0.022686176002025604,
  "ema_200": 0.02265709452331066,
  "vix_close": 0.022560184821486473,
  "return_1d": 0.02212112955749035,
  "treasury_10y_open": 0.020249735563993454,
  "treasury_10y_low": 0.020224686712026596,
  "volatility_5": 0.018903037533164024,
  "volume_ratio": 0.018653612583875656,
  "xlk_high": 0.017527030780911446,
  "bb_pct": 0.017222322523593903,
  "bb_lower": 0.016692329198122025,
  "macd_signal": 0.016550973057746887,
  "macd_diff": 0.01651129312813282,
  "xle_close": 0.01633461005985737,
  "xle_volume": 0.016288073733448982
}