{
  "sma_200": 0.04722016304731369,
  "xle_open": 0.04662378877401352,
  "volatility_5": 0.03901168331503868,
  "sma_50": 0.03164861723780632,
  "xlf_high": 0.03057778812944889,
  "sma_10": 0.030228089541196823,
  "macd_signal": 0.0267009474337101,
  "ema_200": 0.026442155241966248,
  "usd_index_high": 0.02620423212647438,
  "bb_upper": 0.02427327074110508,
  "vix_sma_10": 0.02263040654361248,
  "ema_50": 0.02203953266143799,
  "xlf_low": 0.021293221041560173,
  "volume_ratio": 0.020483054220676422,
  "usd_index_low": 0.020215556025505066,
  "atr_14": 0.019647177308797836,
  "xlf_rel_strength": 0.01748320460319519,
  "volume_sma_20": 0.017372094094753265,
  "treasury_10y_open": 0.01714133284986019,
  "ema_20": 0.016631782054901123
}