{
  "vix_high": 0.03574560210108757,
  "bb_upper": 0.030838191509246826,
  "bb_lower": 0.030065996572375298,
  "sma_200": 0.028840044513344765,
  "rsi_14": 0.02572001703083515,
  "volume_ratio": 0.02541639842092991,
  "yield_change": 0.023919209837913513,
  "treasury_10y_low": 0.023269621655344963,
  "vix_open": 0.020469555631279945,
  "return_1d": 0.020429709926247597,
  "xlf_low": 0.01910232938826084,
  "xlk_open": 0.018817005679011345,
  "vix_close": 0.01876257359981537,
  "xle_high": 0.018571631982922554,
  "macd_signal": 0.018072377890348434,
  "ema_200": 0.01799684949219227,
  "volatility_5": 0.017929160967469215,
  "usd_index_high": 0.017223969101905823,
  "xle_rel_strength": 0.017072830349206924,
  "xlf_high": 0.01664772257208824
}