{
  "usd_index_low": 0.06259024143218994,
  "ema_10": 0.06074719876050949,
  "xle_low": 0.05880254879593849,
  "ema_200": 0.0533478818833828,
  "xlk_close": 0.04584888368844986,
  "sma_50": 0.032990746200084686,
  "sma_200": 0.030805792659521103,
  "vix_sma_10": 0.030527804046869278,
  "xle_close": 0.028483277186751366,
  "ema_50": 0.026195809245109558,
  "sma_10": 0.0244133360683918,
  "macd": 0.023139214143157005,
  "volume_sma_20": 0.02236487716436386,
  "xlk_high": 0.022360537201166153,
  "ema_20": 0.021305622532963753,
  "treasury_10y_close": 0.019512955099344254,
  "xlf_low": 0.017310718074440956,
  "sma_20": 0.017185211181640625,
  "xle_high": 0.016602415591478348,
  "macd_signal": 0.016513748094439507
}