{
  "vix_high": 0.028294824063777924,
  "sma_50": 0.026339992880821228,
  "volume_ratio": 0.02487785555422306,
  "xlf_open": 0.023708749562501907,
  "yield_change": 0.023462288081645966,
  "ema_50": 0.02309875376522541,
  "xlf_high": 0.02188161201775074,
  "sma_200": 0.02160133607685566,
  "treasury_10y_low": 0.021593565121293068,
  "return_1d": 0.02122747339308262,
  "bb_lower": 0.020945606753230095,
  "bb_upper": 0.02064266987144947,
  "xlf_rel_strength": 0.020258795469999313,
  "rsi_14": 0.020254500210285187,
  "vix_close": 0.019623801112174988,
  "xlf_low": 0.019540509209036827,
  "bb_pct": 0.019265862181782722,
  "xle_high": 0.01906060054898262,
  "ema_200": 0.018987534567713737,
  "usd_index_high": 0.018677977845072746
}