{
  "xle_low": 0.08348742127418518,
  "ema_200": 0.05967088043689728,
  "sma_200": 0.05031086131930351,
  "usd_index_low": 0.04746517911553383,
  "sma_10": 0.03825736418366432,
  "xle_close": 0.03656361252069473,
  "ema_10": 0.03606831654906273,
  "vix_sma_10": 0.02961517684161663,
  "xlk_open": 0.027901768684387207,
  "usd_index_close": 0.0242744330316782,
  "volume_sma_20": 0.022378945723176003,
  "xlf_close": 0.021414684131741524,
  "macd": 0.020889757201075554,
  "xlf_high": 0.018004264682531357,
  "sma_50": 0.017649739980697632,
  "bb_upper": 0.01753927953541279,
  "bb_lower": 0.01730562001466751,
  "sma_20": 0.017049066722393036,
  "ema_50": 0.01697685569524765,
  "xlk_low": 0.016405194997787476
}