{
  "sma_200": 0.03261799365282059,
  "vix_high": 0.027872515842318535,
  "volume_ratio": 0.02583521604537964,
  "bb_lower": 0.024908846244215965,
  "return_1d": 0.022902337834239006,
  "treasury_10y_low": 0.022775689139962196,
  "rsi_14": 0.02186024934053421,
  "xlf_open": 0.021321238949894905,
  "vix_open": 0.020916350185871124,
  "xle_high": 0.02054600603878498,
  "usd_index_high": 0.01992485485970974,
  "yield_change": 0.019606607034802437,
  "sma_10": 0.0189584419131279,
  "vix_close": 0.018772974610328674,
  "macd_signal": 0.018613653257489204,
  "usd_index_open": 0.018570929765701294,
  "volatility_5": 0.018497388809919357,
  "xlk_open": 0.018308643251657486,
  "volatility_20": 0.018015149980783463,
  "xle_rel_strength": 0.01792454533278942
}