{
  "sma_10": 0.04455769807100296,
  "vix_high": 0.03414430841803551,
  "treasury_10y_low": 0.03145954757928848,
  "volume_ratio": 0.024947283789515495,
  "yield_change": 0.023398825898766518,
  "bb_lower": 0.023256346583366394,
  "rsi_14": 0.022185474634170532,
  "return_1d": 0.021547306329011917,
  "vix_open": 0.021472468972206116,
  "vix_close": 0.02093764767050743,
  "xlk_open": 0.020893268287181854,
  "bb_upper": 0.020544368773698807,
  "usd_index_low": 0.020277244970202446,
  "bb_pct": 0.01855812408030033,
  "stoch_d": 0.018359048292040825,
  "volatility_5": 0.017797308042645454,
  "ema_200": 0.017587125301361084,
  "volume_sma_20": 0.017553366720676422,
  "xle_high": 0.017035380005836487,
  "xle_volume": 0.016911549493670464
}