{
  "sma_50": 0.04412613809108734,
  "xle_open": 0.04063921049237251,
  "sma_200": 0.037479326128959656,
  "ema_200": 0.03571883216500282,
  "volatility_5": 0.03533313423395157,
  "usd_index_low": 0.03399360552430153,
  "vix_sma_10": 0.028630737215280533,
  "xlf_high": 0.028329676017165184,
  "macd_signal": 0.026348315179347992,
  "ema_50": 0.02541237138211727,
  "bb_upper": 0.02365483157336712,
  "usd_index_high": 0.023152004927396774,
  "sma_10": 0.020359031856060028,
  "ema_20": 0.01982499472796917,
  "volume_ratio": 0.01811031438410282,
  "xlk_high": 0.018009856343269348,
  "xlf_rel_strength": 0.017445214092731476,
  "bb_lower": 0.01710379123687744,
  "macd": 0.016572194173932076,
  "xle_low": 0.015941167250275612
}