{
  "xle_high": 0.0491553470492363,
  "sma_10": 0.04587426781654358,
  "volatility_5": 0.034867145121097565,
  "ema_200": 0.03133872523903847,
  "sma_200": 0.029346130788326263,
  "usd_index_high": 0.02702973783016205,
  "xle_open": 0.025890707969665527,
  "sma_20": 0.0252600759267807,
  "ema_20": 0.023805316537618637,
  "sma_50": 0.022124482318758965,
  "macd_signal": 0.02147316373884678,
  "bb_upper": 0.020403912290930748,
  "xlk_low": 0.020243484526872635,
  "xlk_open": 0.01994040608406067,
  "vix_sma_10": 0.019762199372053146,
  "xlf_high": 0.018183916807174683,
  "xlk_high": 0.017978664487600327,
  "ema_50": 0.01795221120119095,
  "xlf_low": 0.016650093719363213,
  "treasury_10y_open": 0.016588671132922173
}