{
  "xle_low": 0.07870312035083771,
  "ema_200": 0.06594039499759674,
  "usd_index_low": 0.062028393149375916,
  "sma_200": 0.046125687658786774,
  "xle_open": 0.034143801778554916,
  "ema_10": 0.03315966576337814,
  "usd_index_close": 0.02820422500371933,
  "volume_sma_20": 0.025497829541563988,
  "macd": 0.024489156901836395,
  "vix_sma_10": 0.024272039532661438,
  "treasury_10y_close": 0.02370787411928177,
  "xlf_high": 0.02213289588689804,
  "sma_10": 0.021858040243387222,
  "sma_50": 0.021525686606764793,
  "xlk_open": 0.020003588870167732,
  "xlf_open": 0.019256051629781723,
  "ema_20": 0.01845896802842617,
  "usd_index_high": 0.018444111570715904,
  "treasury_10y_high": 0.01837214268743992,
  "ema_50": 0.018284300342202187
}