{
  "xle_low": 0.11153008788824081,
  "xlk_close": 0.049581438302993774,
  "ema_10": 0.04070815071463585,
  "sma_200": 0.040683288127183914,
  "ema_200": 0.04054494574666023,
  "usd_index_low": 0.03314170613884926,
  "bb_upper": 0.030150501057505608,
  "xlk_open": 0.02797957882285118,
  "sma_10": 0.025262678042054176,
  "vix_sma_10": 0.023323453962802887,
  "macd": 0.023285413160920143,
  "xlk_low": 0.022511182352900505,
  "volume_sma_20": 0.0205447468906641,
  "sma_50": 0.020246341824531555,
  "xlf_high": 0.019669875502586365,
  "treasury_10y_high": 0.017744513228535652,
  "macd_diff": 0.017695453017950058,
  "usd_index_high": 0.01736992783844471,
  "ema_20": 0.01705433987081051,
  "usd_index_open": 0.016933156177401543
}