{
  "vix_high": 0.034218546003103256,
  "xlk_low": 0.02511161006987095,
  "bb_lower": 0.024535704404115677,
  "vix_open": 0.024051779881119728,
  "sma_10": 0.02390936389565468,
  "volume_ratio": 0.023226117715239525,
  "vix_close": 0.02229776605963707,
  "yield_change": 0.021695641800761223,
  "rsi_14": 0.02086557447910309,
  "bb_pct": 0.02083767019212246,
  "usd_index_low": 0.020493466407060623,
  "bb_upper": 0.020359564572572708,
  "xlk_open": 0.02034386619925499,
  "return_1d": 0.019772158935666084,
  "usd_index_high": 0.019210509955883026,
  "xle_high": 0.018897609785199165,
  "xlf_high": 0.018810179084539413,
  "treasury_10y_low": 0.018724992871284485,
  "ema_200": 0.018632976338267326,
  "xlf_low": 0.018258212134242058
}