{
  "xle_low": 0.06905745714902878,
  "ema_10": 0.05714920535683632,
  "usd_index_low": 0.04971984773874283,
  "vix_sma_10": 0.0425896979868412,
  "ema_200": 0.041164495050907135,
  "sma_200": 0.035117730498313904,
  "xle_close": 0.030859626829624176,
  "sma_10": 0.02904406003654003,
  "xlf_low": 0.026266027241945267,
  "xlk_close": 0.025502098724246025,
  "usd_index_close": 0.024268249049782753,
  "xlf_high": 0.02242089994251728,
  "sma_50": 0.02141885831952095,
  "ema_50": 0.021352678537368774,
  "macd_diff": 0.02043187990784645,
  "volume_sma_20": 0.02033846639096737,
  "usd_index_high": 0.019493430852890015,
  "xle_high": 0.019185075536370277,
  "ema_20": 0.018785806372761726,
  "macd": 0.018223920837044716
}