{
  "xle_low": 0.07907495647668839,
  "ema_10": 0.07714789360761642,
  "ema_200": 0.04968646913766861,
  "vix_sma_10": 0.04172107204794884,
  "sma_200": 0.04033123701810837,
  "usd_index_low": 0.0363762192428112,
  "sma_50": 0.028152750805020332,
  "xlf_high": 0.027786346152424812,
  "xle_close": 0.027003975585103035,
  "usd_index_open": 0.025421949103474617,
  "bb_lower": 0.02531394734978676,
  "ema_20": 0.02343049831688404,
  "usd_index_close": 0.022639872506260872,
  "sma_10": 0.022114645689725876,
  "volume_sma_20": 0.020632300525903702,
  "ema_50": 0.020119834691286087,
  "xle_high": 0.020094186067581177,
  "macd": 0.01974889077246189,
  "treasury_10y_high": 0.01899670995771885,
  "volatility_20": 0.018057895824313164
}