{
  "bb_upper": 0.038776375353336334,
  "vix_high": 0.02696937695145607,
  "ema_50": 0.02478930540382862,
  "vix_low": 0.023107679560780525,
  "vix_close": 0.022239843383431435,
  "treasury_10y_low": 0.0212328489869833,
  "yield_change": 0.021022891625761986,
  "ema_200": 0.020540371537208557,
  "bb_pct": 0.02043840102851391,
  "xlk_low": 0.020304324105381966,
  "usd_index_low": 0.0201156884431839,
  "xlf_high": 0.019871767610311508,
  "xlf_open": 0.019428275525569916,
  "return_1d": 0.018828528001904488,
  "sma_200": 0.01863500289618969,
  "macd_signal": 0.018219614401459694,
  "rsi_14": 0.017974888905882835,
  "volume_ratio": 0.017775921151041985,
  "volatility_5": 0.01737263612449169,
  "sma_10": 0.017190411686897278
}