{
  "vix_high": 0.03370232507586479,
  "bb_lower": 0.026445068418979645,
  "bb_upper": 0.025104863569140434,
  "volume_ratio": 0.024750500917434692,
  "yield_change": 0.024312183260917664,
  "vix_close": 0.02232852391898632,
  "bb_pct": 0.02170824259519577,
  "xlf_high": 0.02157280407845974,
  "return_1d": 0.021166013553738594,
  "treasury_10y_low": 0.02109084650874138,
  "xle_high": 0.020499248057603836,
  "rsi_14": 0.019770357757806778,
  "xlk_high": 0.01927739381790161,
  "ema_200": 0.01926301047205925,
  "sma_10": 0.019164929166436195,
  "ema_20": 0.019121654331684113,
  "sma_200": 0.01899329200387001,
  "xle_close": 0.01884012296795845,
  "vix_open": 0.018467186018824577,
  "usd_index_high": 0.018167495727539062
}