{
  "xle_open": 0.04462497681379318,
  "ema_10": 0.04053496941924095,
  "ema_200": 0.037823401391506195,
  "sma_200": 0.035618968307971954,
  "volatility_5": 0.0344395637512207,
  "xlf_high": 0.031690359115600586,
  "usd_index_high": 0.02701399475336075,
  "bb_upper": 0.026134658604860306,
  "sma_10": 0.025707097724080086,
  "sma_20": 0.022360756993293762,
  "ema_20": 0.021875472739338875,
  "vix_sma_10": 0.02098902501165867,
  "ema_50": 0.020221738144755363,
  "volume_ratio": 0.01970387063920498,
  "macd_signal": 0.01954866573214531,
  "xlf_low": 0.018042484298348427,
  "atr_14": 0.017956634983420372,
  "sma_50": 0.017876315861940384,
  "xlf_close": 0.01756739616394043,
  "usd_index_low": 0.017299212515354156
}