{
  "xle_low": 0.08553649485111237,
  "usd_index_low": 0.05419909954071045,
  "ema_10": 0.053115904331207275,
  "ema_200": 0.047339264303445816,
  "sma_200": 0.04257804527878761,
  "sma_10": 0.03572273254394531,
  "sma_50": 0.027555791661143303,
  "xle_close": 0.025200465694069862,
  "vix_sma_10": 0.02341495454311371,
  "xlk_open": 0.022223664447665215,
  "ema_20": 0.022114891558885574,
  "volume_sma_20": 0.021381163969635963,
  "treasury_10y_high": 0.020102323964238167,
  "xlf_high": 0.019956348463892937,
  "xlf_close": 0.019730469211935997,
  "macd": 0.019313722848892212,
  "macd_diff": 0.019206402823328972,
  "bb_upper": 0.019094180315732956,
  "treasury_10y_low": 0.018969491124153137,
  "bb_lower": 0.01847623661160469
}