{
  "ema_50": 0.05590919405221939,
  "bb_upper": 0.03666622191667557,
  "volatility_5": 0.03617062792181969,
  "sma_200": 0.03433280438184738,
  "xle_open": 0.03212367743253708,
  "ema_10": 0.03057503141462803,
  "ema_200": 0.02907232940196991,
  "xlf_high": 0.028025899082422256,
  "sma_10": 0.02685435116291046,
  "macd_signal": 0.026313629001379013,
  "vix_sma_10": 0.025885162875056267,
  "sma_50": 0.023694772273302078,
  "usd_index_low": 0.022401567548513412,
  "sma_20": 0.019869189709424973,
  "usd_index_high": 0.019536033272743225,
  "xlk_high": 0.019286582246422768,
  "xlf_open": 0.019235750660300255,
  "volume_ratio": 0.01805846020579338,
  "vix_high": 0.01784963719546795,
  "treasury_10y_open": 0.01658550091087818
}