{
  "xle_low": 0.06436876207590103,
  "ema_200": 0.053634412586688995,
  "xlk_close": 0.0476873405277729,
  "vix_sma_10": 0.04350876808166504,
  "usd_index_low": 0.040738265961408615,
  "sma_200": 0.03952063247561455,
  "ema_10": 0.036337099969387054,
  "ema_20": 0.031385041773319244,
  "xle_close": 0.028734546154737473,
  "bb_lower": 0.026423567906022072,
  "usd_index_open": 0.026408541947603226,
  "sma_10": 0.02438542991876602,
  "usd_index_close": 0.023212213069200516,
  "macd": 0.022497059777379036,
  "sma_50": 0.021389134228229523,
  "volume_sma_20": 0.019994502887129784,
  "macd_signal": 0.019290441647171974,
  "usd_index_high": 0.01922139711678028,
  "xlf_high": 0.017439911141991615,
  "bb_upper": 0.0170590803027153
}