{
  "sma_10": 0.0504225492477417,
  "xle_high": 0.0454845204949379,
  "volatility_5": 0.039124730974435806,
  "sma_50": 0.03458582982420921,
  "usd_index_low": 0.03378940746188164,
  "ema_200": 0.033228129148483276,
  "bb_upper": 0.032555606216192245,
  "macd_signal": 0.026785997673869133,
  "xle_open": 0.025455065071582794,
  "xlf_high": 0.025302289053797722,
  "sma_200": 0.023403983563184738,
  "usd_index_high": 0.022089701145887375,
  "ema_20": 0.02113344706594944,
  "xlk_low": 0.020506171509623528,
  "vix_sma_10": 0.017530418932437897,
  "rsi_14": 0.017072472721338272,
  "volume_sma_20": 0.01664043590426445,
  "sma_20": 0.016478534787893295,
  "treasury_10y_open": 0.016422510147094727,
  "bb_lower": 0.01622607186436653
}