{
  "usd_index_low": 0.06694218516349792,
  "ema_200": 0.05884169414639473,
  "xle_low": 0.0508783683180809,
  "sma_200": 0.036869779229164124,
  "vix_sma_10": 0.03643723577260971,
  "xlk_close": 0.03175531327724457,
  "macd": 0.02845081128180027,
  "usd_index_close": 0.027923256158828735,
  "xlk_low": 0.027347983792424202,
  "volume_sma_20": 0.026971448212862015,
  "xle_close": 0.024212120100855827,
  "treasury_10y_open": 0.023154744878411293,
  "usd_index_open": 0.022859830409288406,
  "ema_20": 0.02245350182056427,
  "xlf_low": 0.021577587351202965,
  "treasury_10y_high": 0.021405942738056183,
  "treasury_10y_close": 0.02082902565598488,
  "sma_50": 0.01996746100485325,
  "ema_50": 0.019157951697707176,
  "sma_20": 0.019138408824801445
}