{
  "xle_low": 0.08885245770215988,
  "ema_200": 0.05915835127234459,
  "xle_open": 0.0468735508620739,
  "usd_index_low": 0.04185429587960243,
  "sma_200": 0.03875088691711426,
  "usd_index_close": 0.03542464226484299,
  "volume_sma_20": 0.03023632988333702,
  "vix_sma_10": 0.02949150837957859,
  "xlf_low": 0.02746579423546791,
  "macd": 0.02447972074151039,
  "ema_20": 0.023389479145407677,
  "sma_20": 0.022891366854310036,
  "ema_10": 0.022558754310011864,
  "treasury_10y_high": 0.020774632692337036,
  "treasury_10y_close": 0.02005195990204811,
  "xlk_close": 0.01850784383714199,
  "macd_diff": 0.018284443765878677,
  "xle_close": 0.017498336732387543,
  "sma_50": 0.01707974635064602,
  "treasury_10y_low": 0.016493957489728928
}