{
  "xle_low": 0.07391247898340225,
  "ema_200": 0.06297431886196136,
  "sma_200": 0.05474706366658211,
  "usd_index_low": 0.051915962249040604,
  "usd_index_open": 0.034934595227241516,
  "ema_10": 0.033630821853876114,
  "xlk_close": 0.03036305122077465,
  "volume_sma_20": 0.030194109305739403,
  "xle_close": 0.02739754132926464,
  "vix_sma_10": 0.02568908780813217,
  "ema_20": 0.022377043962478638,
  "usd_index_high": 0.02208779752254486,
  "xlf_high": 0.02137930504977703,
  "xlk_high": 0.02019263058900833,
  "sma_50": 0.018542811274528503,
  "usd_index_close": 0.018484173342585564,
  "macd": 0.01824858970940113,
  "sma_20": 0.018198668956756592,
  "vix_close": 0.017740994691848755,
  "sma_10": 0.017297830432653427
}