{
  "sma_10": 0.049749262630939484,
  "xle_high": 0.040692102164030075,
  "volatility_5": 0.034946221858263016,
  "sma_200": 0.03282066062092781,
  "sma_50": 0.03253999352455139,
  "ema_20": 0.03230692818760872,
  "usd_index_high": 0.031111696735024452,
  "ema_200": 0.030531814321875572,
  "xle_open": 0.02350926771759987,
  "xlk_open": 0.023228300735354424,
  "bb_upper": 0.023180166259407997,
  "usd_index_low": 0.02276824600994587,
  "macd_signal": 0.021618107333779335,
  "vix_sma_10": 0.02147396095097065,
  "rsi_14": 0.020154839381575584,
  "volume_sma_20": 0.018326563760638237,
  "xlk_high": 0.017639245837926865,
  "atr_14": 0.017165785655379295,
  "ema_10": 0.016579363495111465,
  "treasury_10y_open": 0.016316507011651993
}