{
  "xlf_high": 0.05028299242258072,
  "xle_open": 0.04890672117471695,
  "sma_200": 0.03667857125401497,
  "volatility_5": 0.03623277321457863,
  "usd_index_high": 0.03051498346030712,
  "ema_50": 0.027923831716179848,
  "bb_upper": 0.02776806615293026,
  "ema_200": 0.027321137487888336,
  "ema_10": 0.025542322546243668,
  "usd_index_low": 0.025243377313017845,
  "macd_signal": 0.023381859064102173,
  "sma_10": 0.02335161156952381,
  "vix_sma_10": 0.021433601155877113,
  "xlk_high": 0.021192656829953194,
  "treasury_10y_open": 0.01998128928244114,
  "sma_50": 0.019926372915506363,
  "volume_ratio": 0.019577303901314735,
  "ema_20": 0.018748633563518524,
  "sma_20": 0.016946660354733467,
  "volatility_20": 0.015786707401275635
}