{
  "xle_low": 0.0899777039885521,
  "ema_200": 0.05792352184653282,
  "sma_200": 0.04290194436907768,
  "ema_10": 0.0419953316450119,
  "usd_index_open": 0.03837873786687851,
  "xle_open": 0.03476700186729431,
  "usd_index_low": 0.0341944620013237,
  "vix_sma_10": 0.03346491605043411,
  "volume_sma_20": 0.030165284872055054,
  "xlk_close": 0.02539070136845112,
  "bb_upper": 0.023589449003338814,
  "usd_index_high": 0.023246999830007553,
  "macd": 0.02309337444603443,
  "sma_50": 0.02265164814889431,
  "bb_lower": 0.021133536472916603,
  "sma_20": 0.019515028223395348,
  "ema_50": 0.017989646643400192,
  "macd_diff": 0.017982086166739464,
  "treasury_10y_high": 0.017303938046097755,
  "xlf_high": 0.017248861491680145
}