{
  "sma_50": 0.04131535440683365,
  "sma_200": 0.039780229330062866,
  "xle_open": 0.03872836381196976,
  "volatility_5": 0.03802987560629845,
  "ema_50": 0.030470579862594604,
  "ema_200": 0.029390860348939896,
  "usd_index_low": 0.027415812015533447,
  "sma_10": 0.02654373086988926,
  "macd_signal": 0.025886669754981995,
  "xlf_high": 0.025013092905282974,
  "bb_upper": 0.02441418543457985,
  "vix_sma_10": 0.023186786100268364,
  "usd_index_high": 0.02188943326473236,
  "xlk_low": 0.02053821086883545,
  "ema_10": 0.018249785527586937,
  "xlf_open": 0.01778499223291874,
  "xlk_high": 0.017487401142716408,
  "volatility_20": 0.016514047980308533,
  "volume_ratio": 0.016470421105623245,
  "macd_diff": 0.01641811802983284
}