{
  "xle_low": 0.09580289572477341,
  "sma_200": 0.05638556927442551,
  "ema_200": 0.04862802475690842,
  "usd_index_low": 0.036361489444971085,
  "usd_index_close": 0.03598843514919281,
  "xle_close": 0.030074380338191986,
  "ema_10": 0.029966413974761963,
  "volume_sma_20": 0.02748871222138405,
  "xlf_high": 0.025048542767763138,
  "atr_14": 0.024705955758690834,
  "treasury_10y_close": 0.023367874324321747,
  "vix_sma_10": 0.022657055407762527,
  "xle_high": 0.022053325548768044,
  "macd": 0.021597299724817276,
  "bb_upper": 0.020588887855410576,
  "usd_index_open": 0.019386718049645424,
  "treasury_10y_high": 0.019102193415164948,
  "treasury_10y_low": 0.018871672451496124,
  "treasury_10y_open": 0.0186032485216856,
  "sma_50": 0.017994515597820282
}