{
  "xle_low": 0.07947051525115967,
  "ema_10": 0.04769141227006912,
  "xlk_close": 0.041779741644859314,
  "vix_sma_10": 0.03807458654046059,
  "usd_index_low": 0.03666507825255394,
  "usd_index_open": 0.036610305309295654,
  "ema_200": 0.03542925417423248,
  "sma_200": 0.034426797181367874,
  "xlf_high": 0.02833700180053711,
  "sma_50": 0.02805284969508648,
  "xlf_close": 0.02558181993663311,
  "ema_50": 0.025391384959220886,
  "ema_20": 0.02520272694528103,
  "sma_10": 0.02320054918527603,
  "bb_lower": 0.021745342761278152,
  "usd_index_close": 0.020234087482094765,
  "macd": 0.019172566011548042,
  "volatility_20": 0.018223030492663383,
  "volume_sma_20": 0.0179307721555233,
  "macd_diff": 0.017497733235359192
}