{
  "xle_open": 0.037660982459783554,
  "sma_200": 0.03717033937573433,
  "sma_50": 0.035888150334358215,
  "volatility_5": 0.03336894512176514,
  "xle_high": 0.032958246767520905,
  "ema_200": 0.031891390681266785,
  "usd_index_high": 0.028756655752658844,
  "sma_10": 0.02460261806845665,
  "volume_ratio": 0.024515291675925255,
  "ema_20": 0.024263348430395126,
  "ema_50": 0.02408428303897381,
  "bb_upper": 0.022798949852585793,
  "vix_sma_10": 0.022340333089232445,
  "ema_10": 0.02145375870168209,
  "macd_signal": 0.01948404312133789,
  "xlk_high": 0.019203731790184975,
  "treasury_10y_open": 0.017799267545342445,
  "xlf_high": 0.01760650798678398,
  "treasury_10y_low": 0.016827447339892387,
  "xlf_low": 0.016633225604891777
}