{
  "xle_high": 0.047238584607839584,
  "sma_10": 0.04352707415819168,
  "volatility_5": 0.040723640471696854,
  "ema_50": 0.03920881450176239,
  "ema_200": 0.03696393221616745,
  "sma_200": 0.030650775879621506,
  "xle_open": 0.028741927817463875,
  "usd_index_high": 0.02751871384680271,
  "xlf_high": 0.02571282722055912,
  "macd_signal": 0.022052064538002014,
  "bb_upper": 0.0218976903706789,
  "sma_50": 0.021880101412534714,
  "usd_index_low": 0.019737081602215767,
  "vix_sma_10": 0.017915356904268265,
  "rsi_14": 0.017054712399840355,
  "usd_index_close": 0.016822628676891327,
  "volume_sma_20": 0.015968112275004387,
  "macd_diff": 0.015932980924844742,
  "ema_10": 0.015724239870905876,
  "xle_low": 0.015551869757473469
}