{
  "vix_high": 0.0351010262966156,
  "sma_200": 0.030447466298937798,
  "volume_ratio": 0.02708098478615284,
  "xle_high": 0.02514101006090641,
  "xlf_open": 0.025098636746406555,
  "vix_open": 0.02386765368282795,
  "usd_index_high": 0.023160483688116074,
  "xlf_low": 0.022047007456421852,
  "vix_close": 0.021621892228722572,
  "macd_signal": 0.02059214562177658,
  "rsi_14": 0.020382847636938095,
  "return_1d": 0.020161094143986702,
  "yield_change": 0.02013152278959751,
  "xlf_rel_strength": 0.01972269080579281,
  "sma_10": 0.01949334517121315,
  "ema_200": 0.01938639022409916,
  "bb_pct": 0.0189846009016037,
  "treasury_10y_low": 0.018526773899793625,
  "bb_lower": 0.01838943548500538,
  "xlk_open": 0.018036898225545883
}