{
  "ema_200": 0.0656789094209671,
  "ema_10": 0.04701399803161621,
  "sma_200": 0.04520260915160179,
  "xle_low": 0.04221298173069954,
  "vix_sma_10": 0.03882173076272011,
  "usd_index_high": 0.032755281776189804,
  "usd_index_close": 0.02987532690167427,
  "xle_close": 0.02929597534239292,
  "xlk_close": 0.027475442737340927,
  "volume_sma_20": 0.027405207976698875,
  "usd_index_low": 0.025707580149173737,
  "volatility_20": 0.025612864643335342,
  "macd": 0.02445555292069912,
  "xlk_low": 0.023618783801794052,
  "ema_50": 0.023129601031541824,
  "sma_20": 0.02191958948969841,
  "sma_50": 0.021667521446943283,
  "atr_14": 0.020299648866057396,
  "treasury_10y_open": 0.019769351929426193,
  "sma_10": 0.018968326970934868
}