{
  "xle_open": 0.04224469140172005,
  "volatility_5": 0.04221448302268982,
  "sma_200": 0.037180621176958084,
  "bb_upper": 0.02887747250497341,
  "ema_200": 0.028720693662762642,
  "xlf_high": 0.028354210779070854,
  "vix_sma_10": 0.027995649725198746,
  "sma_50": 0.027825115248560905,
  "usd_index_high": 0.024854954332113266,
  "sma_10": 0.02474227547645569,
  "macd_signal": 0.023608293384313583,
  "usd_index_low": 0.02329852059483528,
  "volume_ratio": 0.021782169118523598,
  "ema_50": 0.019252397119998932,
  "ema_10": 0.01799505390226841,
  "atr_14": 0.017536018043756485,
  "sma_20": 0.017457447946071625,
  "rsi_14": 0.01737351343035698,
  "xle_high": 0.01698632910847664,
  "vix_high": 0.01670856960117817
}