{
  "xle_open": 0.04197293147444725,
  "volatility_5": 0.03864841163158417,
  "sma_200": 0.03512682020664215,
  "sma_10": 0.03309726342558861,
  "ema_200": 0.03204378858208656,
  "bb_upper": 0.027465632185339928,
  "ema_50": 0.026461739093065262,
  "sma_50": 0.026458682492375374,
  "xlf_high": 0.025690928101539612,
  "macd_signal": 0.024002712219953537,
  "usd_index_high": 0.02266673929989338,
  "vix_sma_10": 0.02186138741672039,
  "ema_10": 0.021054357290267944,
  "ema_20": 0.02089882269501686,
  "treasury_10y_open": 0.020707350224256516,
  "xlk_open": 0.020133953541517258,
  "usd_index_low": 0.018552588298916817,
  "xlk_low": 0.01824187859892845,
  "volume_ratio": 0.017237424850463867,
  "xlk_high": 0.017120109871029854
}