{
  "sma_200": 0.03464806452393532,
  "treasury_10y_low": 0.03162302076816559,
  "vix_high": 0.025762787088751793,
  "sma_10": 0.023609820753335953,
  "treasury_10y_open": 0.02267003245651722,
  "vix_open": 0.021815946325659752,
  "xlk_low": 0.021127846091985703,
  "yield_change": 0.021074064075946808,
  "vix_low": 0.021001940593123436,
  "vix_close": 0.02029860019683838,
  "volume_ratio": 0.01996436156332493,
  "sma_50": 0.019802648574113846,
  "return_1d": 0.019525626674294472,
  "ema_200": 0.01851790025830269,
  "return_5d": 0.018476217985153198,
  "return_20d": 0.018212249502539635,
  "usd_index_close": 0.018209684640169144,
  "usd_index_low": 0.017904922366142273,
  "vix_change": 0.017670245841145515,
  "rsi_14": 0.01763044111430645
}