{
  "xle_low": 0.0771559625864029,
  "usd_index_low": 0.05543142557144165,
  "ema_200": 0.052815552800893784,
  "xle_open": 0.04549326002597809,
  "ema_10": 0.044580087065696716,
  "sma_200": 0.037187665700912476,
  "xle_close": 0.030143586918711662,
  "volume_sma_20": 0.026265500113368034,
  "bb_lower": 0.02324467897415161,
  "sma_20": 0.023192958906292915,
  "usd_index_open": 0.022297034040093422,
  "macd": 0.02214634418487549,
  "vix_sma_10": 0.021116765215992928,
  "xlk_low": 0.020854225382208824,
  "treasury_10y_high": 0.020434463396668434,
  "usd_index_high": 0.019395265728235245,
  "sma_10": 0.019258899614214897,
  "xlk_close": 0.018350550904870033,
  "atr_14": 0.018020914867520332,
  "volatility_20": 0.017865914851427078
}