{
  "sma_50": 0.05233610421419144,
  "xle_open": 0.0347856804728508,
  "ema_200": 0.0339362807571888,
  "volatility_5": 0.03303840011358261,
  "usd_index_low": 0.031090162694454193,
  "bb_upper": 0.029439521953463554,
  "xle_high": 0.02930651605129242,
  "ema_50": 0.028442585840821266,
  "sma_200": 0.02807929366827011,
  "xlf_high": 0.022806433960795403,
  "macd_signal": 0.02241804450750351,
  "volume_ratio": 0.022152919322252274,
  "usd_index_high": 0.021115712821483612,
  "xlk_low": 0.02088148146867752,
  "vix_sma_10": 0.02034333348274231,
  "xlf_open": 0.019624650478363037,
  "ema_20": 0.018939398229122162,
  "atr_14": 0.01845596544444561,
  "xlf_low": 0.0176813043653965,
  "xle_low": 0.01697983406484127
}