{
  "ema_10": 0.056667447090148926,
  "xle_high": 0.04671291261911392,
  "sma_10": 0.043911632150411606,
  "volatility_5": 0.04056992009282112,
  "ema_200": 0.03691525384783745,
  "usd_index_high": 0.027664663270115852,
  "sma_200": 0.02682991325855255,
  "sma_50": 0.026655828580260277,
  "sma_20": 0.02322346158325672,
  "bb_upper": 0.022252263501286507,
  "macd_signal": 0.021707475185394287,
  "ema_50": 0.0205854419618845,
  "vix_sma_10": 0.019376663491129875,
  "xle_low": 0.018937543034553528,
  "xle_open": 0.01803395338356495,
  "volume_sma_20": 0.016944974660873413,
  "xlk_open": 0.016076993197202682,
  "xlf_high": 0.015917949378490448,
  "treasury_10y_open": 0.015525572001934052,
  "ema_20": 0.015364534221589565
}