{
  "xle_low": 0.10103560984134674,
  "usd_index_low": 0.07187217473983765,
  "ema_200": 0.059792473912239075,
  "treasury_10y_close": 0.04082605987787247,
  "sma_200": 0.03377433866262436,
  "ema_10": 0.03173704817891121,
  "volume_sma_20": 0.02749512530863285,
  "sma_20": 0.023573588579893112,
  "usd_index_high": 0.023344792425632477,
  "xlk_close": 0.023112474009394646,
  "usd_index_close": 0.02305419184267521,
  "macd": 0.021873008459806442,
  "usd_index_open": 0.020022375509142876,
  "treasury_10y_open": 0.01946006529033184,
  "ema_50": 0.019231725484132767,
  "sma_50": 0.01893020235002041,
  "vix_sma_10": 0.01874660514295101,
  "xlk_high": 0.018219949677586555,
  "macd_signal": 0.016588624566793442,
  "bb_upper": 0.01651179790496826
}