{
  "vix_high": 0.031627606600522995,
  "xlf_high": 0.03161019831895828,
  "treasury_10y_low": 0.02661188319325447,
  "bb_upper": 0.024070583283901215,
  "vix_close": 0.023432550951838493,
  "xlf_low": 0.022102979943156242,
  "return_1d": 0.022014783695340157,
  "ema_200": 0.021625403314828873,
  "xlk_high": 0.0215655118227005,
  "usd_index_open": 0.020927652716636658,
  "usd_index_low": 0.020890017971396446,
  "yield_change": 0.020466778427362442,
  "rsi_14": 0.020159592851996422,
  "volume_ratio": 0.020113505423069,
  "volatility_5": 0.018870925530791283,
  "sma_50": 0.018541378900408745,
  "bb_lower": 0.017796602100133896,
  "stoch_d": 0.017599239945411682,
  "bb_pct": 0.017568174749612808,
  "xlf_rel_strength": 0.017360778525471687
}