{
  "vix_high": 0.03157883882522583,
  "sma_200": 0.03050271049141884,
  "bb_lower": 0.025790173560380936,
  "volume_ratio": 0.02482220157980919,
  "yield_change": 0.023368055000901222,
  "vix_close": 0.02245238609611988,
  "treasury_10y_low": 0.02221415378153324,
  "xlf_high": 0.02199552394449711,
  "rsi_14": 0.021069085225462914,
  "usd_index_low": 0.020822186022996902,
  "return_1d": 0.020373526960611343,
  "xlk_open": 0.01947951503098011,
  "ema_200": 0.01911526918411255,
  "xlk_low": 0.019035564735531807,
  "usd_index_open": 0.018518781289458275,
  "xlk_high": 0.018341459333896637,
  "bb_width": 0.01745764911174774,
  "volume_sma_20": 0.016727151349186897,
  "volatility_5": 0.016545172780752182,
  "sma_10": 0.01634952425956726
}