{
  "xle_open": 0.031350817531347275,
  "vix_high": 0.028548426926136017,
  "vix_low": 0.025176409631967545,
  "sma_10": 0.02339307591319084,
  "yield_change": 0.02289689891040325,
  "xlf_open": 0.022356783971190453,
  "bb_lower": 0.021470652893185616,
  "usd_index_low": 0.02110905759036541,
  "volatility_5": 0.020783955231308937,
  "xlk_close": 0.020537395030260086,
  "vix_close": 0.02021334134042263,
  "return_1d": 0.019944973289966583,
  "treasury_10y_open": 0.019496003165841103,
  "treasury_10y_low": 0.019323773682117462,
  "sma_200": 0.019310342147946358,
  "ema_200": 0.018787041306495667,
  "xle_high": 0.01853993535041809,
  "rsi_14": 0.018539197742938995,
  "sma_50": 0.017635095864534378,
  "vix_open": 0.017441948875784874
}