{
  "xle_open": 0.041689854115247726,
  "ema_50": 0.039620447903871536,
  "volatility_5": 0.03653137385845184,
  "usd_index_high": 0.030035842210054398,
  "sma_200": 0.029046548530459404,
  "ema_200": 0.02853339910507202,
  "sma_50": 0.026986856013536453,
  "xlf_high": 0.0267600379884243,
  "vix_sma_10": 0.025004113093018532,
  "xle_high": 0.022752858698368073,
  "bb_upper": 0.02233307808637619,
  "xlk_low": 0.021128680557012558,
  "macd_signal": 0.021017679944634438,
  "xlk_open": 0.02056415006518364,
  "atr_14": 0.020466338843107224,
  "ema_20": 0.02030962146818638,
  "sma_10": 0.02015886828303337,
  "volume_ratio": 0.01999887265264988,
  "volatility_20": 0.018857283517718315,
  "volume_sma_20": 0.018831778317689896
}