{
  "ema_10": 0.04594578593969345,
  "vix_high": 0.031105197966098785,
  "sma_200": 0.030945051461458206,
  "sma_10": 0.02669675275683403,
  "xlk_open": 0.02570633590221405,
  "volume_ratio": 0.024230612441897392,
  "yield_change": 0.02236918732523918,
  "treasury_10y_low": 0.02170790731906891,
  "xlk_high": 0.021513663232326508,
  "bb_lower": 0.021157585084438324,
  "vix_open": 0.0201400276273489,
  "volatility_5": 0.01980731450021267,
  "rsi_14": 0.019774960353970528,
  "return_1d": 0.01974397525191307,
  "vix_close": 0.019595768302679062,
  "return_10d": 0.01934993825852871,
  "bb_pct": 0.01915680430829525,
  "ema_200": 0.017478685826063156,
  "xlf_high": 0.017059598118066788,
  "ema_20": 0.01647629775106907
}