{
  "xle_open": 0.04841502383351326,
  "sma_200": 0.0462322011590004,
  "volatility_5": 0.03603520616889,
  "ema_200": 0.03537389263510704,
  "sma_50": 0.034437693655490875,
  "macd_signal": 0.028199536725878716,
  "usd_index_low": 0.02535613439977169,
  "bb_upper": 0.024829670786857605,
  "vix_sma_10": 0.02481962740421295,
  "xlf_high": 0.024724936112761497,
  "ema_50": 0.023753222078084946,
  "usd_index_high": 0.02215038239955902,
  "ema_10": 0.021900644525885582,
  "treasury_10y_open": 0.02098749950528145,
  "ema_20": 0.020776566118001938,
  "volume_ratio": 0.01915777660906315,
  "xlf_low": 0.019052736461162567,
  "xlf_open": 0.01902206428349018,
  "rsi_14": 0.01708380877971649,
  "xlf_rel_strength": 0.01558038592338562
}