{
  "xle_low": 0.07581610232591629,
  "ema_200": 0.06317415088415146,
  "sma_200": 0.03905697539448738,
  "ema_20": 0.03901713714003563,
  "xlk_close": 0.03318171203136444,
  "usd_index_low": 0.03297305479645729,
  "usd_index_open": 0.029551448300480843,
  "ema_10": 0.028838638216257095,
  "xle_open": 0.02672973833978176,
  "volume_sma_20": 0.02500116638839245,
  "xle_close": 0.02460302598774433,
  "usd_index_high": 0.024342037737369537,
  "usd_index_close": 0.023625686764717102,
  "bb_lower": 0.023607226088643074,
  "vix_sma_10": 0.02289658784866333,
  "treasury_10y_high": 0.021245650947093964,
  "xlk_high": 0.019929926842451096,
  "sma_20": 0.01985100843012333,
  "ema_50": 0.019610080868005753,
  "macd": 0.01900019310414791
}