{
  "vix_high": 0.035347554832696915,
  "sma_200": 0.027987627312541008,
  "vix_open": 0.025822849944233894,
  "bb_upper": 0.025603830814361572,
  "bb_lower": 0.025088313966989517,
  "volume_ratio": 0.02428680658340454,
  "xlf_open": 0.02329561859369278,
  "rsi_14": 0.02198471873998642,
  "usd_index_open": 0.021195705980062485,
  "yield_change": 0.02115771360695362,
  "usd_index_high": 0.02094927988946438,
  "xlk_close": 0.01979956589639187,
  "xle_high": 0.019566839560866356,
  "treasury_10y_low": 0.019541455432772636,
  "vix_close": 0.019322309643030167,
  "bb_pct": 0.019022434949874878,
  "volatility_5": 0.019021661952137947,
  "xlf_high": 0.018745746463537216,
  "xlk_open": 0.018477754667401314,
  "return_1d": 0.018435446545481682
}