{
  "sma_10": 0.03871434926986694,
  "vix_high": 0.03344328701496124,
  "bb_upper": 0.029962368309497833,
  "volume_ratio": 0.02630472183227539,
  "treasury_10y_low": 0.02352546714246273,
  "vix_close": 0.023288138210773468,
  "ema_200": 0.02266303449869156,
  "return_1d": 0.022262608632445335,
  "bb_lower": 0.020756393671035767,
  "yield_change": 0.020549310371279716,
  "vix_open": 0.020077453926205635,
  "rsi_14": 0.0200254637748003,
  "bb_pct": 0.019918831065297127,
  "volatility_5": 0.01967225782573223,
  "xle_open": 0.01910070888698101,
  "usd_index_low": 0.018944814801216125,
  "xle_high": 0.018770210444927216,
  "return_5d": 0.018248066306114197,
  "usd_index_open": 0.017973750829696655,
  "xlf_rel_strength": 0.017853377386927605
}