{
  "sma_10": 0.048987530171871185,
  "xle_high": 0.044358354061841965,
  "volatility_5": 0.038692690432071686,
  "sma_200": 0.03753538429737091,
  "ema_200": 0.035180456936359406,
  "usd_index_high": 0.02695859596133232,
  "xle_open": 0.025573763996362686,
  "ema_50": 0.02508789859712124,
  "bb_upper": 0.02408195473253727,
  "sma_50": 0.022425556555390358,
  "vix_sma_10": 0.021791379898786545,
  "usd_index_low": 0.021455859765410423,
  "macd_signal": 0.021081728860735893,
  "xle_low": 0.0210516806691885,
  "xlf_high": 0.020130543038249016,
  "treasury_10y_open": 0.018162982538342476,
  "ema_10": 0.017396913841366768,
  "ema_20": 0.01683676615357399,
  "xlk_low": 0.016214638948440552,
  "volume_sma_20": 0.016196446493268013
}