{
  "xle_open": 0.04920722544193268,
  "volatility_5": 0.038109682500362396,
  "sma_200": 0.03438910096883774,
  "sma_10": 0.03214731439948082,
  "ema_200": 0.031704045832157135,
  "sma_50": 0.028294719755649567,
  "usd_index_low": 0.026313796639442444,
  "ema_50": 0.025140205398201942,
  "xlf_high": 0.024754056707024574,
  "xlk_open": 0.024584868922829628,
  "macd_signal": 0.02330334670841694,
  "usd_index_high": 0.02321515791118145,
  "bb_upper": 0.02288249135017395,
  "xlk_high": 0.022635525092482567,
  "vix_sma_10": 0.022292254492640495,
  "volume_sma_20": 0.0194885041564703,
  "vix_high": 0.01878335326910019,
  "volume_ratio": 0.018595673143863678,
  "ema_20": 0.016717085614800453,
  "ema_10": 0.016543274745345116
}