{
  "vix_high": 0.030960649251937866,
  "xlf_high": 0.03034784644842148,
  "bb_upper": 0.029668046161532402,
  "volume_ratio": 0.023777635768055916,
  "vix_close": 0.02339562401175499,
  "bb_lower": 0.023088905960321426,
  "sma_200": 0.021894829347729683,
  "yield_change": 0.021042266860604286,
  "treasury_10y_low": 0.020895009860396385,
  "xlf_rel_strength": 0.0202037300914526,
  "return_1d": 0.019887318834662437,
  "sma_10": 0.01959950290620327,
  "vix_open": 0.019580038264393806,
  "macd": 0.019269535318017006,
  "stoch_d": 0.019036978483200073,
  "rsi_14": 0.018920013681054115,
  "usd_index_open": 0.018856847658753395,
  "xlk_high": 0.01868399605154991,
  "volatility_5": 0.01812838204205036,
  "bb_pct": 0.017820637673139572
}