{
  "xlk_open": 0.02790164388716221,
  "vix_high": 0.026602985337376595,
  "volume_ratio": 0.025223087519407272,
  "treasury_10y_low": 0.02484212815761566,
  "bb_upper": 0.024630138650536537,
  "rsi_14": 0.02324339933693409,
  "return_1d": 0.02189674973487854,
  "yield_change": 0.021646633744239807,
  "macd_diff": 0.021594256162643433,
  "vix_close": 0.021557843312621117,
  "ema_200": 0.020863691344857216,
  "sma_50": 0.02032015100121498,
  "usd_index_low": 0.02023998461663723,
  "vix_open": 0.020012736320495605,
  "xlf_low": 0.019081639125943184,
  "bb_lower": 0.01873474381864071,
  "xlk_high": 0.018520373851060867,
  "usd_index_open": 0.01845734752714634,
  "macd_signal": 0.018179744482040405,
  "volatility_5": 0.018150970339775085
}