{
  "vix_high": 0.04216146841645241,
  "bb_upper": 0.026380881667137146,
  "treasury_10y_low": 0.025654828175902367,
  "vix_close": 0.024669039994478226,
  "volume_ratio": 0.02388056181371212,
  "ema_200": 0.022566644474864006,
  "usd_index_high": 0.02214205078780651,
  "yield_change": 0.022103330120444298,
  "rsi_14": 0.021998006850481033,
  "bb_lower": 0.021165573969483376,
  "usd_index_low": 0.0211461391299963,
  "xlf_high": 0.020102163776755333,
  "xlk_high": 0.01999933086335659,
  "return_1d": 0.019873978570103645,
  "xlk_open": 0.019279519096016884,
  "ema_50": 0.018717357888817787,
  "volatility_5": 0.018661806359887123,
  "xle_high": 0.017800509929656982,
  "xle_volume": 0.017199603840708733,
  "bb_width": 0.017098939046263695
}