{
  "xle_low": 0.066205695271492,
  "ema_10": 0.058553215116262436,
  "ema_200": 0.05341247469186783,
  "sma_200": 0.043034810572862625,
  "usd_index_low": 0.03360452130436897,
  "sma_50": 0.033196140080690384,
  "vix_sma_10": 0.03221462294459343,
  "xle_close": 0.029703764244914055,
  "ema_20": 0.027731603011488914,
  "sma_10": 0.02772429585456848,
  "usd_index_open": 0.026880908757448196,
  "treasury_10y_high": 0.02587677165865898,
  "xlk_close": 0.022604497149586678,
  "bb_upper": 0.02045212872326374,
  "usd_index_close": 0.019991440698504448,
  "treasury_10y_open": 0.019899992272257805,
  "volume_sma_20": 0.019502809271216393,
  "bb_lower": 0.01938365399837494,
  "vix_open": 0.01925153285264969,
  "macd": 0.018566345795989037
}