{
  "vix_high": 0.03038989193737507,
  "volume_ratio": 0.024004574865102768,
  "bb_upper": 0.02343129925429821,
  "yield_change": 0.022756649181246758,
  "xle_high": 0.02260277420282364,
  "rsi_14": 0.022353651002049446,
  "xlf_high": 0.022088374942541122,
  "vix_close": 0.022074978798627853,
  "treasury_10y_low": 0.021720565855503082,
  "return_1d": 0.021159572526812553,
  "xlk_low": 0.020267844200134277,
  "usd_index_low": 0.020052865147590637,
  "bb_lower": 0.019241200760006905,
  "vix_open": 0.01913776993751526,
  "ema_200": 0.01868029125034809,
  "volatility_5": 0.01845974661409855,
  "ema_50": 0.01828717812895775,
  "xlf_open": 0.017744094133377075,
  "xlk_close": 0.01771342195570469,
  "sma_200": 0.01770518720149994
}