{
  "vix_high": 0.035184334963560104,
  "vix_close": 0.02678004652261734,
  "volume_ratio": 0.025994742289185524,
  "xlk_high": 0.02528567425906658,
  "yield_change": 0.02470291033387184,
  "treasury_10y_low": 0.0246353168040514,
  "bb_pct": 0.0226101316511631,
  "return_1d": 0.021616803482174873,
  "bb_upper": 0.02106999233365059,
  "volatility_5": 0.020710760727524757,
  "rsi_14": 0.019978556782007217,
  "bb_lower": 0.019909508526325226,
  "stoch_d": 0.01971997506916523,
  "macd_signal": 0.019661422818899155,
  "ema_200": 0.019494017586112022,
  "macd_diff": 0.01882997713983059,
  "usd_index_low": 0.01862264983355999,
  "vix_open": 0.01823941431939602,
  "xlf_low": 0.01818167231976986,
  "xlk_low": 0.01782611384987831
}