{
  "xle_open": 0.05186724662780762,
  "volatility_5": 0.03871522098779678,
  "ema_200": 0.035980258136987686,
  "usd_index_high": 0.032443150877952576,
  "sma_200": 0.031325168907642365,
  "xle_high": 0.028352219611406326,
  "sma_50": 0.028075991198420525,
  "macd_signal": 0.025797689333558083,
  "ema_50": 0.02541705034673214,
  "xlf_high": 0.0247319508343935,
  "vix_sma_10": 0.021974459290504456,
  "bb_upper": 0.0218085665255785,
  "sma_10": 0.020844893530011177,
  "volume_ratio": 0.020699378103017807,
  "ema_20": 0.018264221027493477,
  "xlk_high": 0.016635630279779434,
  "atr_14": 0.016346460208296776,
  "treasury_10y_open": 0.016289295628666878,
  "xlf_rel_strength": 0.015923207625746727,
  "xlf_open": 0.0157961193472147
}