{
  "xle_low": 0.06716235727071762,
  "usd_index_low": 0.06642109900712967,
  "ema_10": 0.05353904515504837,
  "ema_200": 0.05194966867566109,
  "xle_close": 0.03651724010705948,
  "xlk_close": 0.035589877516031265,
  "vix_sma_10": 0.03447985649108887,
  "sma_200": 0.03003598377108574,
  "sma_10": 0.024778326973319054,
  "usd_index_open": 0.023511022329330444,
  "macd": 0.02345052920281887,
  "sma_50": 0.02259191684424877,
  "vix_close": 0.022032100707292557,
  "xlk_high": 0.02182953432202339,
  "xlf_low": 0.021722054108977318,
  "volume_sma_20": 0.020676879212260246,
  "macd_diff": 0.020276924595236778,
  "xlf_high": 0.02008785866200924,
  "sma_20": 0.018447311595082283,
  "ema_50": 0.017828932031989098
}