{
  "xle_high": 0.05540374293923378,
  "sma_10": 0.04702802002429962,
  "volatility_5": 0.03592490777373314,
  "ema_200": 0.03564814105629921,
  "sma_20": 0.031483061611652374,
  "xle_low": 0.026629270985722542,
  "usd_index_high": 0.02565012127161026,
  "vix_sma_10": 0.02459312230348587,
  "sma_200": 0.024144278839230537,
  "sma_50": 0.023896384984254837,
  "xlf_high": 0.022754287347197533,
  "macd_signal": 0.022187354043126106,
  "bb_upper": 0.021420767530798912,
  "treasury_10y_open": 0.021201180294156075,
  "atr_14": 0.021150391548871994,
  "xlk_high": 0.0206005796790123,
  "ema_20": 0.01926526054739952,
  "usd_index_low": 0.018358930945396423,
  "volatility_20": 0.018228188157081604,
  "xlf_low": 0.01758713647723198
}