{
  "vix_high": 0.034325018525123596,
  "bb_lower": 0.027172071859240532,
  "vix_close": 0.026290206238627434,
  "yield_change": 0.024761514738202095,
  "rsi_14": 0.024599572643637657,
  "ema_200": 0.024328717961907387,
  "volume_ratio": 0.023729516193270683,
  "sma_50": 0.02173960953950882,
  "xlk_open": 0.021483421325683594,
  "bb_upper": 0.021367793902754784,
  "bb_pct": 0.02102767303586006,
  "return_1d": 0.02081110328435898,
  "xle_high": 0.020038893446326256,
  "vix_open": 0.019462518393993378,
  "volume_sma_20": 0.019394738599658012,
  "macd_signal": 0.019264794886112213,
  "sma_10": 0.018908804282546043,
  "vix_low": 0.01883065514266491,
  "treasury_10y_low": 0.01867634989321232,
  "macd_diff": 0.01806040108203888
}