{
  "xle_high": 0.0444011390209198,
  "volatility_5": 0.042815953493118286,
  "ema_200": 0.03935766592621803,
  "sma_10": 0.037866055965423584,
  "sma_50": 0.029169216752052307,
  "usd_index_low": 0.02896551601588726,
  "xlf_high": 0.028437893837690353,
  "ema_10": 0.028046781197190285,
  "sma_200": 0.02719695307314396,
  "bb_upper": 0.024318991228938103,
  "xle_open": 0.023274801671504974,
  "macd_signal": 0.022668829187750816,
  "xlk_low": 0.022340690717101097,
  "usd_index_high": 0.02169613353908062,
  "vix_sma_10": 0.020537707954645157,
  "sma_20": 0.0197380892932415,
  "xlf_close": 0.019513627514243126,
  "ema_20": 0.019510546699166298,
  "ema_50": 0.017600042745471,
  "treasury_10y_open": 0.016173528507351875
}