{
  "sma_200": 0.04465342313051224,
  "ema_10": 0.03617211431264877,
  "vix_high": 0.03134295716881752,
  "vix_open": 0.02640625461935997,
  "xlk_high": 0.02255997247993946,
  "usd_index_high": 0.021916257217526436,
  "treasury_10y_low": 0.021682459861040115,
  "return_1d": 0.021319787949323654,
  "volume_ratio": 0.020843854174017906,
  "xle_high": 0.020686311647295952,
  "macd_signal": 0.019808391109108925,
  "vix_close": 0.019517483189702034,
  "yield_change": 0.019183039665222168,
  "xlk_open": 0.01914738118648529,
  "xlf_high": 0.018874099478125572,
  "xlk_low": 0.01850605569779873,
  "bb_upper": 0.017855893820524216,
  "rsi_14": 0.01768999546766281,
  "macd_diff": 0.017455771565437317,
  "volatility_5": 0.01711689867079258
}