{
  "xle_open": 0.046215903013944626,
  "xlf_high": 0.045023515820503235,
  "volatility_5": 0.03687379136681557,
  "ema_200": 0.034761060029268265,
  "sma_200": 0.02828623540699482,
  "ema_50": 0.026908274739980698,
  "bb_upper": 0.02674924209713936,
  "sma_10": 0.026558246463537216,
  "usd_index_high": 0.0256611630320549,
  "vix_sma_10": 0.023651421070098877,
  "macd_signal": 0.02341265231370926,
  "xlk_high": 0.023255828768014908,
  "sma_50": 0.023239145055413246,
  "volume_ratio": 0.02135661244392395,
  "usd_index_low": 0.021330147981643677,
  "xle_low": 0.018455810844898224,
  "usd_index_open": 0.017229992896318436,
  "ema_20": 0.017201196402311325,
  "bb_lower": 0.01714520901441574,
  "xlf_rel_strength": 0.01686333492398262
}