{
  "ema_50": 0.047374822199344635,
  "sma_50": 0.045609861612319946,
  "xle_open": 0.04111040383577347,
  "volatility_5": 0.03404129669070244,
  "sma_200": 0.031800635159015656,
  "ema_200": 0.028840065002441406,
  "xle_high": 0.02767164818942547,
  "bb_upper": 0.027387648820877075,
  "sma_10": 0.025776254013180733,
  "macd_signal": 0.0251028910279274,
  "xlf_high": 0.023541351780295372,
  "volume_ratio": 0.02278757467865944,
  "vix_sma_10": 0.02236880362033844,
  "ema_10": 0.02234564535319805,
  "usd_index_low": 0.022274678573012352,
  "usd_index_high": 0.02189330942928791,
  "ema_20": 0.019052159041166306,
  "sma_20": 0.018199780955910683,
  "volume_sma_20": 0.016628539189696312,
  "xle_low": 0.016286494210362434
}