{
  "xle_high": 0.051860224455595016,
  "sma_10": 0.04018416628241539,
  "volatility_5": 0.036436889320611954,
  "ema_200": 0.03503012657165527,
  "sma_200": 0.034929633140563965,
  "usd_index_low": 0.033414002507925034,
  "sma_50": 0.03198351711034775,
  "xlf_high": 0.027329495176672935,
  "bb_upper": 0.027235370129346848,
  "usd_index_high": 0.026125801727175713,
  "macd_signal": 0.02574886567890644,
  "xle_low": 0.023736964911222458,
  "ema_50": 0.02067164145410061,
  "xle_open": 0.019620230421423912,
  "vix_sma_10": 0.018772857263684273,
  "treasury_10y_open": 0.017777059227228165,
  "volume_sma_20": 0.0172299575060606,
  "xlf_open": 0.016532672569155693,
  "vix_open": 0.01634157821536064,
  "xlf_close": 0.01625804789364338
}