{
  "xle_low": 0.10444358736276627,
  "ema_200": 0.06640494614839554,
  "ema_10": 0.0359981544315815,
  "usd_index_low": 0.03584464639425278,
  "sma_200": 0.03423845395445824,
  "usd_index_close": 0.03185200318694115,
  "volume_sma_20": 0.03039519488811493,
  "xle_open": 0.027094654738903046,
  "xle_close": 0.026318376883864403,
  "usd_index_high": 0.02380077913403511,
  "xlk_close": 0.02333480678498745,
  "sma_20": 0.022863341495394707,
  "ema_20": 0.02185414545238018,
  "atr_14": 0.021265726536512375,
  "bb_lower": 0.02122787944972515,
  "vix_sma_10": 0.021075965836644173,
  "macd": 0.01905769109725952,
  "treasury_10y_high": 0.018406523391604424,
  "ema_50": 0.018213413655757904,
  "sma_10": 0.016861790791153908
}