{
  "xle_high": 0.04682227969169617,
  "volatility_5": 0.04028389975428581,
  "sma_10": 0.03841284289956093,
  "ema_200": 0.03300349414348602,
  "sma_200": 0.031722359359264374,
  "bb_upper": 0.02849401906132698,
  "usd_index_low": 0.026164988055825233,
  "sma_50": 0.02490939572453499,
  "macd_signal": 0.024833310395479202,
  "xlk_low": 0.02450869046151638,
  "usd_index_high": 0.023322269320487976,
  "sma_20": 0.022982273250818253,
  "xlf_high": 0.02240839973092079,
  "ema_50": 0.022239161655306816,
  "xle_open": 0.021666303277015686,
  "xle_low": 0.021227877587080002,
  "ema_20": 0.020148396492004395,
  "volume_sma_20": 0.019374942407011986,
  "xlf_open": 0.018525274470448494,
  "ema_10": 0.01749260351061821
}