{
  "xle_low": 0.08245958387851715,
  "ema_200": 0.05425872281193733,
  "usd_index_low": 0.05333920195698738,
  "sma_200": 0.04602117836475372,
  "usd_index_close": 0.04076158627867699,
  "macd": 0.0328683964908123,
  "sma_50": 0.03130852431058884,
  "volume_sma_20": 0.03121509775519371,
  "ema_10": 0.03055679053068161,
  "xlf_low": 0.030089041218161583,
  "macd_diff": 0.024191562086343765,
  "vix_sma_10": 0.02186560444533825,
  "treasury_10y_close": 0.021081184968352318,
  "treasury_10y_high": 0.020559037104249,
  "bb_upper": 0.019660137593746185,
  "usd_index_open": 0.019104376435279846,
  "xlf_open": 0.018786992877721786,
  "sma_20": 0.018561512231826782,
  "sma_10": 0.01810375787317753,
  "bb_lower": 0.018080445006489754
}