{
  "xle_open": 0.05192612484097481,
  "ema_50": 0.04737735912203789,
  "volatility_5": 0.034360650926828384,
  "sma_200": 0.03366147354245186,
  "sma_50": 0.028462467715144157,
  "xle_high": 0.02535257674753666,
  "usd_index_high": 0.024814164265990257,
  "bb_upper": 0.024797074496746063,
  "sma_10": 0.024688078090548515,
  "ema_200": 0.02404867112636566,
  "volume_ratio": 0.02373160421848297,
  "ema_10": 0.022638479247689247,
  "vix_sma_10": 0.022547544911503792,
  "macd_signal": 0.02100406214594841,
  "ema_20": 0.020827393978834152,
  "xlk_high": 0.020098797976970673,
  "atr_14": 0.020061349496245384,
  "usd_index_low": 0.018992716446518898,
  "xlf_close": 0.01746668666601181,
  "xlf_open": 0.01743955723941326
}