{
  "bb_upper": 0.03132109344005585,
  "vix_high": 0.028065038844943047,
  "sma_200": 0.026728995144367218,
  "treasury_10y_low": 0.023399071767926216,
  "xlf_open": 0.023173704743385315,
  "treasury_10y_open": 0.022428791970014572,
  "yield_change": 0.02093779481947422,
  "vix_low": 0.020850492641329765,
  "vix_close": 0.020198171958327293,
  "vix_open": 0.019674167037010193,
  "xlf_high": 0.019621768966317177,
  "xle_high": 0.019354740157723427,
  "bb_lower": 0.01932351104915142,
  "xle_open": 0.019262628629803658,
  "return_1d": 0.01913054659962654,
  "bb_pct": 0.018387312069535255,
  "ema_200": 0.018318235874176025,
  "volume_ratio": 0.01812363974750042,
  "usd_index_low": 0.01811641827225685,
  "volatility_5": 0.017731187865138054
}