{
  "vix_high": 0.035209838300943375,
  "vix_open": 0.027349121868610382,
  "volume_ratio": 0.024720940738916397,
  "xlk_open": 0.024190321564674377,
  "yield_change": 0.02384372428059578,
  "xlf_high": 0.023429395630955696,
  "bb_lower": 0.023231113329529762,
  "return_1d": 0.02243511751294136,
  "treasury_10y_low": 0.021494533866643906,
  "xle_high": 0.021345229819417,
  "rsi_14": 0.02085684798657894,
  "volatility_5": 0.02028084546327591,
  "sma_200": 0.02009044773876667,
  "xlf_low": 0.020020384341478348,
  "xlk_low": 0.019403507933020592,
  "sma_10": 0.018930675461888313,
  "macd_signal": 0.01875530555844307,
  "xlf_open": 0.01865442655980587,
  "return_10d": 0.01860322803258896,
  "xlf_rel_strength": 0.018102731555700302
}