{
  "xle_low": 0.06522254645824432,
  "ema_200": 0.05772872641682625,
  "usd_index_low": 0.04479950666427612,
  "xle_open": 0.04371766000986099,
  "ema_10": 0.03584815189242363,
  "sma_200": 0.03435072302818298,
  "volume_sma_20": 0.033366598188877106,
  "vix_sma_10": 0.03257877379655838,
  "xle_close": 0.03157300502061844,
  "sma_10": 0.027517110109329224,
  "usd_index_open": 0.02747790701687336,
  "sma_50": 0.024514326825737953,
  "sma_20": 0.023883013054728508,
  "usd_index_close": 0.022316109389066696,
  "xlk_high": 0.020626109093427658,
  "macd": 0.020459378138184547,
  "macd_signal": 0.020099889487028122,
  "macd_diff": 0.020038830116391182,
  "xlk_close": 0.01933983899652958,
  "usd_index_high": 0.01909279264509678
}