{
  "xlk_open": 0.035738393664360046,
  "vix_high": 0.034651316702365875,
  "sma_10": 0.03434690833091736,
  "volume_ratio": 0.026116477325558662,
  "treasury_10y_low": 0.023454802110791206,
  "yield_change": 0.02290685474872589,
  "xle_high": 0.02290409244596958,
  "ema_200": 0.021932663396000862,
  "vix_close": 0.021818198263645172,
  "bb_pct": 0.02127830870449543,
  "bb_lower": 0.02077200450003147,
  "volatility_20": 0.020390426740050316,
  "volatility_5": 0.02004213258624077,
  "return_1d": 0.020018719136714935,
  "bb_upper": 0.019097167998552322,
  "usd_index_open": 0.019030729308724403,
  "rsi_14": 0.018804876133799553,
  "vix_open": 0.017468150705099106,
  "return_5d": 0.017369341105222702,
  "xlk_close": 0.01675245724618435
}