{
  "xle_low": 0.0612148717045784,
  "usd_index_low": 0.05070877447724342,
  "ema_10": 0.04792976751923561,
  "xlk_close": 0.04672957584261894,
  "ema_200": 0.040449708700180054,
  "sma_200": 0.03891417756676674,
  "vix_sma_10": 0.03598947450518608,
  "xle_close": 0.034355148673057556,
  "sma_10": 0.02700294740498066,
  "ema_50": 0.02493276074528694,
  "bb_lower": 0.024743789806962013,
  "sma_50": 0.02458156645298004,
  "usd_index_close": 0.024053329601883888,
  "xlf_high": 0.022169748321175575,
  "xle_high": 0.02197735384106636,
  "volatility_20": 0.02043122425675392,
  "volume_sma_20": 0.02025642804801464,
  "macd_diff": 0.020152268931269646,
  "macd": 0.019128426909446716,
  "sma_20": 0.01757168397307396
}