{
  "xle_low": 0.08459268510341644,
  "ema_10": 0.06042652204632759,
  "ema_200": 0.059612374752759933,
  "usd_index_low": 0.041321977972984314,
  "vix_sma_10": 0.038537487387657166,
  "sma_200": 0.03784385323524475,
  "xle_open": 0.03465519845485687,
  "usd_index_open": 0.03281692788004875,
  "xlk_open": 0.028235625475645065,
  "volume_sma_20": 0.02631935104727745,
  "usd_index_high": 0.023778526112437248,
  "sma_10": 0.02339319698512554,
  "sma_20": 0.022114628925919533,
  "macd": 0.020414164289832115,
  "treasury_10y_open": 0.020132485777139664,
  "macd_signal": 0.018150949850678444,
  "xlf_high": 0.01794620417058468,
  "bb_upper": 0.017116118222475052,
  "sma_50": 0.0167936310172081,
  "macd_diff": 0.016649503260850906
}