{
  "xle_open": 0.04898565262556076,
  "sma_200": 0.03775479644536972,
  "xlf_high": 0.033947911113500595,
  "volatility_5": 0.03312812000513077,
  "ema_50": 0.03311414644122124,
  "ema_200": 0.03047258034348488,
  "sma_10": 0.02754399925470352,
  "usd_index_low": 0.02480107732117176,
  "usd_index_high": 0.0244827251881361,
  "sma_50": 0.02331172674894333,
  "macd_signal": 0.022433819249272346,
  "vix_sma_10": 0.022156303748488426,
  "xlf_low": 0.020878886803984642,
  "bb_lower": 0.020256686955690384,
  "bb_upper": 0.0199512280523777,
  "ema_20": 0.019365554675459862,
  "xle_low": 0.019314123317599297,
  "xlk_low": 0.017855312675237656,
  "treasury_10y_open": 0.017641112208366394,
  "atr_14": 0.01747237890958786
}