{
  "sma_50": 0.04361521825194359,
  "volatility_5": 0.03728056326508522,
  "xle_open": 0.0366646945476532,
  "ema_200": 0.03158179298043251,
  "sma_200": 0.03007195144891739,
  "ema_10": 0.029658161103725433,
  "xlf_high": 0.02934812381863594,
  "ema_50": 0.0293422918766737,
  "macd_signal": 0.02596201002597809,
  "usd_index_low": 0.02524704672396183,
  "sma_10": 0.024976469576358795,
  "vix_sma_10": 0.024312404915690422,
  "ema_20": 0.021303756162524223,
  "xlk_low": 0.02124818228185177,
  "bb_upper": 0.020947681739926338,
  "usd_index_high": 0.020688030868768692,
  "vix_high": 0.017533447593450546,
  "xlf_low": 0.017330491915345192,
  "rsi_14": 0.01718313619494438,
  "sma_20": 0.01663334295153618
}