{
  "xle_high": 0.05347650870680809,
  "sma_10": 0.0413823276758194,
  "volatility_5": 0.03439892455935478,
  "ema_200": 0.03076978214085102,
  "sma_200": 0.029076991602778435,
  "bb_upper": 0.027473073452711105,
  "usd_index_high": 0.02702363207936287,
  "vix_sma_10": 0.026081139221787453,
  "sma_20": 0.02576572075486183,
  "xlk_high": 0.025462225079536438,
  "xle_open": 0.024347754195332527,
  "macd_signal": 0.02368011884391308,
  "ema_20": 0.021903274580836296,
  "ema_10": 0.02176801860332489,
  "ema_50": 0.020679550245404243,
  "atr_14": 0.019734514877200127,
  "sma_50": 0.018551763147115707,
  "usd_index_low": 0.018513396382331848,
  "volume_sma_20": 0.017611021175980568,
  "xle_low": 0.01757429540157318
}