{
  "vix_high": 0.03335454687476158,
  "sma_200": 0.03318921849131584,
  "bb_upper": 0.028565285727381706,
  "volume_ratio": 0.027749955654144287,
  "bb_lower": 0.026156412437558174,
  "treasury_10y_low": 0.023477012291550636,
  "yield_change": 0.02288992889225483,
  "rsi_14": 0.022291963919997215,
  "vix_open": 0.02099558711051941,
  "return_1d": 0.02056104503571987,
  "xle_high": 0.020164962857961655,
  "usd_index_high": 0.020163126289844513,
  "xlk_open": 0.018943535163998604,
  "ema_200": 0.018764948472380638,
  "xlf_high": 0.017964769154787064,
  "vix_close": 0.017848677933216095,
  "xlk_high": 0.01781817525625229,
  "ema_50": 0.017635921016335487,
  "volatility_5": 0.01741802506148815,
  "macd_signal": 0.016432151198387146
}