{
  "sma_50": 0.040458083152770996,
  "ema_200": 0.03441919386386871,
  "volatility_5": 0.03380153328180313,
  "sma_200": 0.03242837265133858,
  "xle_open": 0.030184410512447357,
  "xle_high": 0.028715020045638084,
  "bb_upper": 0.027271956205368042,
  "usd_index_high": 0.024328721687197685,
  "macd_signal": 0.02300470508635044,
  "usd_index_low": 0.02232627011835575,
  "xlf_high": 0.022132523357868195,
  "volume_ratio": 0.021015167236328125,
  "xlf_open": 0.020916780456900597,
  "xlk_high": 0.020676732063293457,
  "sma_10": 0.020390812307596207,
  "sma_20": 0.02003057859838009,
  "vix_sma_10": 0.019925406202673912,
  "ema_50": 0.01967642456293106,
  "bb_pct": 0.019165338948369026,
  "ema_10": 0.018309902399778366
}