{
  "volatility_5": 0.039959099143743515,
  "xle_open": 0.03555203229188919,
  "ema_200": 0.03472243621945381,
  "sma_50": 0.033395830541849136,
  "ema_10": 0.031187670305371284,
  "bb_upper": 0.03086361661553383,
  "sma_200": 0.03060922771692276,
  "usd_index_high": 0.028321806341409683,
  "macd_signal": 0.027440674602985382,
  "xlf_high": 0.02643599361181259,
  "usd_index_low": 0.02511024847626686,
  "xle_high": 0.02392580546438694,
  "volume_ratio": 0.023753410205245018,
  "ema_50": 0.022339757531881332,
  "vix_sma_10": 0.02220124378800392,
  "xlk_high": 0.019289150834083557,
  "ema_20": 0.018860844895243645,
  "volatility_20": 0.018208244815468788,
  "volume_sma_20": 0.017865385860204697,
  "sma_10": 0.016869299113750458
}