{
  "xle_low": 0.09878133237361908,
  "usd_index_low": 0.06769612431526184,
  "ema_200": 0.045541487634181976,
  "xle_open": 0.04169870540499687,
  "sma_200": 0.036497924476861954,
  "vix_sma_10": 0.036160361021757126,
  "ema_10": 0.03440239280462265,
  "usd_index_open": 0.029818302020430565,
  "xlk_close": 0.02953222766518593,
  "sma_10": 0.02527286671102047,
  "macd": 0.024000123143196106,
  "volume_sma_20": 0.021689077839255333,
  "xlk_high": 0.021176183596253395,
  "usd_index_high": 0.020940691232681274,
  "macd_diff": 0.0207541361451149,
  "ema_50": 0.02028147503733635,
  "ema_20": 0.019467120990157127,
  "xlf_high": 0.019004227593541145,
  "treasury_10y_open": 0.017860187217593193,
  "sma_50": 0.01665174588561058
}