{
  "vix_high": 0.026643607765436172,
  "ema_50": 0.026603292673826218,
  "xlf_high": 0.026315905153751373,
  "vix_low": 0.025115126743912697,
  "usd_index_low": 0.0241987481713295,
  "bb_upper": 0.023575441911816597,
  "xlf_open": 0.02357029914855957,
  "sma_200": 0.023216046392917633,
  "yield_change": 0.021314455196261406,
  "xlk_low": 0.02087685652077198,
  "treasury_10y_open": 0.020122788846492767,
  "vix_close": 0.019600702449679375,
  "bb_lower": 0.019239606335759163,
  "volatility_5": 0.01909872516989708,
  "return_1d": 0.018442319706082344,
  "rsi_14": 0.017702123150229454,
  "return_20d": 0.017367124557495117,
  "xlf_rel_strength": 0.017240403220057487,
  "xlk_high": 0.01713104546070099,
  "treasury_10y_low": 0.01656517945230007
}