{
  "xle_low": 0.062427226454019547,
  "usd_index_low": 0.04736948758363724,
  "ema_200": 0.04670597240328789,
  "ema_10": 0.04603599011898041,
  "sma_50": 0.034706734120845795,
  "sma_200": 0.03412210941314697,
  "xle_close": 0.03315458819270134,
  "vix_sma_10": 0.03269046172499657,
  "ema_20": 0.030706467106938362,
  "xlk_close": 0.028387878090143204,
  "xlk_low": 0.025594796985387802,
  "usd_index_open": 0.024818992242217064,
  "xlf_high": 0.024696078151464462,
  "macd": 0.02349487505853176,
  "volatility_20": 0.02159014530479908,
  "xle_high": 0.020942719653248787,
  "sma_10": 0.02084268629550934,
  "xlk_high": 0.019286848604679108,
  "vix_open": 0.01869533397257328,
  "sma_20": 0.018441548570990562
}