{
  "xle_high": 0.044435903429985046,
  "ema_200": 0.043431323021650314,
  "sma_10": 0.0406351163983345,
  "volatility_5": 0.03901500999927521,
  "ema_50": 0.03693728893995285,
  "sma_200": 0.029492288827896118,
  "xlf_high": 0.0261980053037405,
  "bb_upper": 0.02601534128189087,
  "macd_signal": 0.025083603337407112,
  "xle_open": 0.02332857996225357,
  "sma_50": 0.022966304793953896,
  "usd_index_low": 0.02187950722873211,
  "usd_index_high": 0.021468577906489372,
  "ema_10": 0.01965133659541607,
  "treasury_10y_open": 0.01889974996447563,
  "vix_sma_10": 0.018591100350022316,
  "xlf_open": 0.01704992726445198,
  "ema_20": 0.016615191474556923,
  "xle_low": 0.01640494354069233,
  "volume_sma_20": 0.0158567912876606
}