{
  "bb_lower": 0.026108264923095703,
  "vix_low": 0.025981834158301353,
  "vix_high": 0.024580243974924088,
  "usd_index_low": 0.02425134740769863,
  "bb_upper": 0.02393646538257599,
  "xlf_open": 0.023637913167476654,
  "yield_change": 0.023095866665244102,
  "xlf_high": 0.02150503732264042,
  "sma_200": 0.021300582215189934,
  "ema_200": 0.02118081972002983,
  "return_1d": 0.021003229543566704,
  "treasury_10y_open": 0.019851990044116974,
  "volume_ratio": 0.01926816999912262,
  "treasury_10y_low": 0.018991155549883842,
  "vix_close": 0.018878281116485596,
  "stoch_d": 0.018395019695162773,
  "return_5d": 0.017623715102672577,
  "macd_signal": 0.01757044531404972,
  "vix_open": 0.017457453534007072,
  "volume_sma_20": 0.017327768728137016
}