{
  "vix_high": 0.035308659076690674,
  "bb_upper": 0.030031617730855942,
  "vix_close": 0.025882381945848465,
  "treasury_10y_low": 0.025157392024993896,
  "volume_ratio": 0.023748021572828293,
  "yield_change": 0.023501908406615257,
  "sma_10": 0.023006387054920197,
  "return_1d": 0.022612813860177994,
  "volatility_5": 0.020016450434923172,
  "xlk_open": 0.01999366469681263,
  "macd_diff": 0.01975209079682827,
  "xle_high": 0.019287563860416412,
  "rsi_14": 0.018777843564748764,
  "sma_50": 0.01858435943722725,
  "usd_index_open": 0.018559934571385384,
  "ema_200": 0.018429195508360863,
  "xlf_low": 0.01842382177710533,
  "usd_index_low": 0.018404603004455566,
  "bb_lower": 0.017955321818590164,
  "stoch_d": 0.017773345112800598
}