{
  "xle_open": 0.04772555083036423,
  "volatility_5": 0.0371021144092083,
  "sma_50": 0.03697722405195236,
  "ema_200": 0.034834906458854675,
  "xlf_high": 0.03440244495868683,
  "sma_200": 0.03412116318941116,
  "ema_10": 0.030244650319218636,
  "usd_index_low": 0.02752665802836418,
  "vix_sma_10": 0.02457284927368164,
  "bb_upper": 0.02271348237991333,
  "usd_index_high": 0.021858472377061844,
  "sma_10": 0.021448219195008278,
  "ema_20": 0.021181620657444,
  "macd_signal": 0.020756134763360023,
  "volume_ratio": 0.019325369969010353,
  "ema_50": 0.018549298867583275,
  "xle_low": 0.018294958397746086,
  "volume_sma_20": 0.01659206487238407,
  "xlf_rel_strength": 0.01585078425705433,
  "xle_close": 0.01573016680777073
}