{
  "xle_low": 0.08823474496603012,
  "ema_200": 0.054908886551856995,
  "usd_index_low": 0.04388521984219551,
  "ema_10": 0.04337207227945328,
  "xle_close": 0.0423903726041317,
  "vix_sma_10": 0.04077640548348427,
  "sma_200": 0.032027579843997955,
  "xlk_close": 0.03178286924958229,
  "usd_index_open": 0.02836199291050434,
  "volume_sma_20": 0.024677935987710953,
  "usd_index_close": 0.024393731728196144,
  "xlf_low": 0.022996127605438232,
  "sma_50": 0.022152656689286232,
  "macd": 0.021098854020237923,
  "ema_50": 0.02066821977496147,
  "macd_diff": 0.017888495698571205,
  "macd_signal": 0.017823917791247368,
  "xlk_high": 0.017532866448163986,
  "treasury_10y_low": 0.016407446935772896,
  "ema_20": 0.016136502847075462
}