{
  "treasury_10y_low": 0.03468339890241623,
  "xlk_high": 0.030440736562013626,
  "vix_low": 0.028919441625475883,
  "vix_high": 0.028212497010827065,
  "yield_change": 0.025866007432341576,
  "ema_20": 0.024193737655878067,
  "bb_upper": 0.023228131234645844,
  "sma_200": 0.022412514314055443,
  "ema_200": 0.021615371108055115,
  "xle_high": 0.021260574460029602,
  "xlk_low": 0.021024065092206,
  "return_1d": 0.020243871957063675,
  "volatility_5": 0.018851183354854584,
  "usd_index_low": 0.018509183079004288,
  "stoch_d": 0.018429454416036606,
  "rsi_14": 0.01809842325747013,
  "xlk_open": 0.017739297822117805,
  "vix_close": 0.017603781074285507,
  "xle_rel_strength": 0.017595762386918068,
  "xlf_high": 0.016684580594301224
}