{
  "xle_low": 0.11945818364620209,
  "ema_10": 0.06484037637710571,
  "usd_index_low": 0.05491437017917633,
  "sma_200": 0.040197379887104034,
  "ema_200": 0.038829024881124496,
  "sma_10": 0.02855459786951542,
  "usd_index_open": 0.028223806992173195,
  "sma_20": 0.025634916499257088,
  "volume_sma_20": 0.02462751232087612,
  "ema_20": 0.023761123418807983,
  "sma_50": 0.020717443898320198,
  "xlf_close": 0.020285455510020256,
  "vix_sma_10": 0.020061299204826355,
  "treasury_10y_high": 0.01940513588488102,
  "macd": 0.019108526408672333,
  "bb_upper": 0.01778326742351055,
  "treasury_10y_close": 0.017773320898413658,
  "xlf_high": 0.017578277736902237,
  "treasury_10y_open": 0.017442958429455757,
  "usd_index_close": 0.01739444211125374
}