{
  "ema_10": 0.07528679072856903,
  "xle_low": 0.06300341337919235,
  "ema_200": 0.0478915236890316,
  "vix_sma_10": 0.04140649735927582,
  "sma_200": 0.03851550444960594,
  "xle_close": 0.034418921917676926,
  "usd_index_low": 0.03143361583352089,
  "ema_20": 0.0283652450889349,
  "usd_index_open": 0.027014637365937233,
  "macd": 0.025777697563171387,
  "sma_50": 0.025555752217769623,
  "usd_index_close": 0.02474225126206875,
  "sma_10": 0.023123539984226227,
  "xlf_high": 0.02310037426650524,
  "bb_lower": 0.022584276273846626,
  "xle_high": 0.021758122369647026,
  "volume_sma_20": 0.02102101407945156,
  "ema_50": 0.01969163864850998,
  "sma_20": 0.018015502020716667,
  "usd_index_high": 0.01797708123922348
}