{
  "vix_high": 0.03644180670380592,
  "sma_10": 0.03107614256441593,
  "bb_lower": 0.024225464090704918,
  "volume_ratio": 0.023969538509845734,
  "vix_close": 0.023685406893491745,
  "yield_change": 0.021838823333382607,
  "return_1d": 0.021643247455358505,
  "vix_open": 0.021614445373415947,
  "treasury_10y_low": 0.020683186128735542,
  "sma_200": 0.020157886669039726,
  "ema_10": 0.019155526533722878,
  "usd_index_high": 0.01889740489423275,
  "rsi_14": 0.01886633411049843,
  "xlk_open": 0.018442176282405853,
  "macd_signal": 0.018160302191972733,
  "usd_index_low": 0.017858652397990227,
  "usd_index_open": 0.01764156110584736,
  "macd_diff": 0.01748489774763584,
  "xlf_rel_strength": 0.017369071021676064,
  "bb_upper": 0.017008792608976364
}