{
  "ema_200": 0.0783279538154602,
  "xle_low": 0.07067960500717163,
  "usd_index_low": 0.04743576794862747,
  "sma_200": 0.03920934349298477,
  "vix_sma_10": 0.0373624823987484,
  "macd": 0.03288961574435234,
  "ema_10": 0.030868075788021088,
  "ema_20": 0.029757004231214523,
  "treasury_10y_close": 0.029634013772010803,
  "xle_open": 0.02805136889219284,
  "usd_index_close": 0.02801242470741272,
  "volume_sma_20": 0.02487209253013134,
  "treasury_10y_high": 0.024737615138292313,
  "xlf_high": 0.02461208589375019,
  "bb_upper": 0.023419924080371857,
  "usd_index_high": 0.021019522100687027,
  "sma_50": 0.02040676772594452,
  "sma_20": 0.01886684261262417,
  "atr_14": 0.018301615491509438,
  "macd_diff": 0.01737140491604805
}