{
  "vix_high": 0.039533864706754684,
  "bb_upper": 0.02850884199142456,
  "volume_ratio": 0.025735994800925255,
  "bb_lower": 0.024858301505446434,
  "yield_change": 0.024394912645220757,
  "treasury_10y_low": 0.02291218377649784,
  "ema_200": 0.02157261036336422,
  "return_1d": 0.021532844752073288,
  "xlf_high": 0.02149079740047455,
  "vix_close": 0.021259134635329247,
  "usd_index_low": 0.020823663100600243,
  "vix_open": 0.01991024985909462,
  "macd_signal": 0.019680337980389595,
  "ema_10": 0.019658612087368965,
  "bb_pct": 0.019600212574005127,
  "xlf_low": 0.019101401790976524,
  "usd_index_open": 0.01876017637550831,
  "stoch_d": 0.018666375428438187,
  "volatility_5": 0.018531503155827522,
  "xlk_high": 0.01812758482992649
}