{
  "xle_low": 0.07222314924001694,
  "ema_10": 0.05859653279185295,
  "ema_200": 0.0524241104722023,
  "sma_200": 0.04520918428897858,
  "usd_index_low": 0.04048584774136543,
  "vix_sma_10": 0.03394455462694168,
  "sma_50": 0.03084563836455345,
  "xle_close": 0.029454326257109642,
  "sma_10": 0.026568740606307983,
  "treasury_10y_open": 0.025539571419358253,
  "ema_20": 0.023951461538672447,
  "usd_index_open": 0.02393159456551075,
  "volume_sma_20": 0.022769713774323463,
  "xlk_close": 0.021252848207950592,
  "treasury_10y_high": 0.02101757749915123,
  "bb_upper": 0.0197812020778656,
  "usd_index_close": 0.01966576650738716,
  "macd": 0.019167006015777588,
  "bb_lower": 0.019080866128206253,
  "xlf_close": 0.01778136007487774
}