{
  "volatility_5": 0.040692903101444244,
  "sma_50": 0.037659164518117905,
  "xle_open": 0.03448887914419174,
  "xle_high": 0.033143673092126846,
  "sma_200": 0.03038720414042473,
  "ema_200": 0.028659727424383163,
  "usd_index_high": 0.02733640931546688,
  "vix_sma_10": 0.02597098983824253,
  "volume_ratio": 0.02536040171980858,
  "bb_upper": 0.025208810344338417,
  "ema_50": 0.023179659619927406,
  "usd_index_low": 0.022834524512290955,
  "macd_signal": 0.021900521591305733,
  "ema_20": 0.01863981783390045,
  "treasury_10y_open": 0.01789587363600731,
  "rsi_14": 0.017468169331550598,
  "xlk_high": 0.016982026398181915,
  "xlf_rel_strength": 0.016210122033953667,
  "volume_sma_20": 0.016167238354682922,
  "usd_index_open": 0.01614062674343586
}