{
  "sma_200": 0.05045435577630997,
  "vix_sma_10": 0.04987836256623268,
  "usd_index_close": 0.04668104276061058,
  "ema_200": 0.04312809929251671,
  "xle_low": 0.042949214577674866,
  "usd_index_low": 0.039965566247701645,
  "ema_50": 0.03736811876296997,
  "bb_lower": 0.03219422325491905,
  "xle_close": 0.02805679850280285,
  "macd": 0.02743026800453663,
  "treasury_10y_close": 0.025085298344492912,
  "sma_20": 0.024371163919568062,
  "volume_sma_20": 0.023820145055651665,
  "macd_diff": 0.022164443507790565,
  "usd_index_open": 0.020653141662478447,
  "xlk_low": 0.019475113600492477,
  "ema_10": 0.01927039586007595,
  "ema_20": 0.01923470012843609,
  "treasury_10y_low": 0.01861245557665825,
  "sma_50": 0.01784186251461506
}