{
  "sma_50": 0.039817601442337036,
  "sma_200": 0.03368989750742912,
  "ema_10": 0.03327253460884094,
  "volatility_5": 0.03189950808882713,
  "ema_200": 0.029801705852150917,
  "bb_upper": 0.02947745844721794,
  "xle_open": 0.027938859537243843,
  "usd_index_low": 0.02701195701956749,
  "vix_sma_10": 0.026671553030610085,
  "macd_signal": 0.026005366817116737,
  "ema_50": 0.0233141016215086,
  "sma_10": 0.023266229778528214,
  "xle_high": 0.02324111945927143,
  "xlf_high": 0.02224562130868435,
  "usd_index_high": 0.020248878747224808,
  "xlf_open": 0.019659705460071564,
  "macd": 0.018633592873811722,
  "volume_ratio": 0.018576836213469505,
  "ema_20": 0.017414642497897148,
  "xlk_high": 0.017028996720910072
}