{
  "usd_index_low": 0.08727952092885971,
  "ema_200": 0.05903961881995201,
  "xle_low": 0.05756981670856476,
  "ema_10": 0.05008740723133087,
  "vix_sma_10": 0.03516559302806854,
  "sma_200": 0.0323529988527298,
  "sma_50": 0.031972888857126236,
  "xlk_close": 0.029438838362693787,
  "xle_close": 0.028424842283129692,
  "ema_50": 0.023933984339237213,
  "xlf_high": 0.02384071610867977,
  "sma_10": 0.023839060217142105,
  "volume_sma_20": 0.020493539050221443,
  "ema_20": 0.02006741240620613,
  "macd": 0.020062506198883057,
  "sma_20": 0.01863148994743824,
  "xlk_high": 0.01853928342461586,
  "xlf_low": 0.018475908786058426,
  "macd_signal": 0.018425755202770233,
  "usd_index_close": 0.017943328246474266
}