{
  "xle_low": 0.09057003259658813,
  "usd_index_low": 0.08680758625268936,
  "ema_200": 0.06246228516101837,
  "sma_200": 0.03094719909131527,
  "xle_close": 0.028299149125814438,
  "xle_open": 0.028264004737138748,
  "volume_sma_20": 0.027345919981598854,
  "vix_sma_10": 0.025706753134727478,
  "treasury_10y_close": 0.023770926520228386,
  "treasury_10y_high": 0.023247798904776573,
  "usd_index_close": 0.023063017055392265,
  "ema_50": 0.022456662729382515,
  "macd": 0.02188129536807537,
  "ema_20": 0.021138638257980347,
  "ema_10": 0.020496541634202003,
  "macd_diff": 0.01799946464598179,
  "xlk_low": 0.017684534192085266,
  "usd_index_high": 0.017630500718951225,
  "xlk_high": 0.016857057809829712,
  "xlk_close": 0.01644928567111492
}