{
  "xle_open": 0.043313950300216675,
  "xlf_high": 0.04085260257124901,
  "ema_200": 0.040134936571121216,
  "sma_10": 0.037330154329538345,
  "sma_200": 0.03466455265879631,
  "volatility_5": 0.034525953233242035,
  "ema_10": 0.02734788879752159,
  "usd_index_high": 0.026004141196608543,
  "usd_index_low": 0.025190923362970352,
  "macd_signal": 0.024429786950349808,
  "sma_50": 0.023428520187735558,
  "bb_upper": 0.022064009681344032,
  "vix_sma_10": 0.020362677052617073,
  "ema_20": 0.019622625783085823,
  "volume_ratio": 0.018907900899648666,
  "xlk_high": 0.018144266679883003,
  "ema_50": 0.017926642671227455,
  "xlf_rel_strength": 0.01639150083065033,
  "macd": 0.015864180400967598,
  "vix_low": 0.015795107930898666
}