{
  "xle_low": 0.10513608902692795,
  "ema_10": 0.05806976929306984,
  "ema_200": 0.04629872366786003,
  "usd_index_low": 0.044344305992126465,
  "sma_200": 0.03814302384853363,
  "xle_close": 0.03449292108416557,
  "sma_50": 0.030078262090682983,
  "volume_sma_20": 0.02733708918094635,
  "xlk_close": 0.02480480447411537,
  "xlf_low": 0.024465836584568024,
  "usd_index_open": 0.023168427869677544,
  "treasury_10y_high": 0.02242591232061386,
  "vix_sma_10": 0.02170483209192753,
  "macd": 0.020988311618566513,
  "sma_20": 0.019239895045757294,
  "sma_10": 0.019029080867767334,
  "xlf_high": 0.01873241923749447,
  "macd_diff": 0.01854349486529827,
  "ema_50": 0.01768726110458374,
  "usd_index_high": 0.017665814608335495
}