{
  "xle_open": 0.040012992918491364,
  "ema_50": 0.03754998371005058,
  "sma_200": 0.036844223737716675,
  "volatility_5": 0.03409433364868164,
  "xle_high": 0.026696106418967247,
  "ema_10": 0.026385823264718056,
  "volume_ratio": 0.026247993111610413,
  "ema_200": 0.02569856122136116,
  "bb_upper": 0.02555832639336586,
  "usd_index_high": 0.025431517511606216,
  "ema_20": 0.025189273059368134,
  "sma_50": 0.025157982483506203,
  "vix_sma_10": 0.022521261125802994,
  "xlf_low": 0.021396977826952934,
  "macd_signal": 0.02137654274702072,
  "atr_14": 0.020700424909591675,
  "xlk_high": 0.020002681761980057,
  "treasury_10y_open": 0.019387738779187202,
  "sma_10": 0.019217167049646378,
  "xlf_high": 0.017643515020608902
}