{
  "sma_50": 0.05390298739075661,
  "ema_200": 0.03451797366142273,
  "volatility_5": 0.03271087259054184,
  "xle_open": 0.0323009192943573,
  "sma_200": 0.029970480129122734,
  "sma_10": 0.029577109962701797,
  "usd_index_low": 0.027914904057979584,
  "bb_upper": 0.02775951661169529,
  "xle_high": 0.027017297223210335,
  "macd_signal": 0.0263371542096138,
  "xle_low": 0.023922620341181755,
  "usd_index_high": 0.023771999403834343,
  "ema_50": 0.021608494222164154,
  "vix_sma_10": 0.02122405357658863,
  "xlk_high": 0.02023162879049778,
  "ema_20": 0.019831830635666847,
  "volume_ratio": 0.019150035455822945,
  "xlf_high": 0.01811482571065426,
  "xlf_close": 0.017911305651068687,
  "ema_10": 0.01668241061270237
}