{
  "volatility_5": 0.049477968364953995,
  "xle_high": 0.049358926713466644,
  "sma_10": 0.04176667705178261,
  "ema_200": 0.03707228973507881,
  "sma_200": 0.0335003025829792,
  "bb_upper": 0.03213177248835564,
  "xlf_high": 0.02885572984814644,
  "ema_50": 0.027454739436507225,
  "sma_50": 0.02547556720674038,
  "macd_signal": 0.02357129193842411,
  "ema_20": 0.022193685173988342,
  "xle_open": 0.02112133428454399,
  "usd_index_low": 0.02095077373087406,
  "usd_index_high": 0.02081398107111454,
  "vix_sma_10": 0.020104775205254555,
  "xle_low": 0.019540464505553246,
  "xlk_low": 0.018023977056145668,
  "treasury_10y_open": 0.017424430698156357,
  "volume_sma_20": 0.016754623502492905,
  "vix_low": 0.015942338854074478
}