{
  "xle_open": 0.05036788433790207,
  "ema_50": 0.03785909339785576,
  "ema_200": 0.035911377519369125,
  "volatility_5": 0.03382665291428566,
  "sma_50": 0.030889419838786125,
  "bb_upper": 0.027628805488348007,
  "sma_200": 0.02636110410094261,
  "xlf_high": 0.024433383718132973,
  "macd_signal": 0.024036254733800888,
  "xle_high": 0.023790303617715836,
  "volume_ratio": 0.023777376860380173,
  "vix_sma_10": 0.023653989657759666,
  "usd_index_high": 0.023228604346513748,
  "usd_index_low": 0.020547673106193542,
  "xlf_open": 0.019809391349554062,
  "ema_10": 0.01939546875655651,
  "xlf_low": 0.018532684072852135,
  "ema_20": 0.01774716190993786,
  "xlk_high": 0.017362387850880623,
  "sma_10": 0.016776399686932564
}