{
  "vix_high": 0.03179612755775452,
  "sma_200": 0.03150196000933647,
  "bb_lower": 0.03139723464846611,
  "bb_upper": 0.025435293093323708,
  "volume_ratio": 0.0252692848443985,
  "yield_change": 0.024217382073402405,
  "vix_close": 0.02336406335234642,
  "treasury_10y_low": 0.022991955280303955,
  "return_1d": 0.02049441449344158,
  "ema_200": 0.019673041999340057,
  "xlk_open": 0.019604915753006935,
  "rsi_14": 0.019209524616599083,
  "xle_high": 0.019177967682480812,
  "vix_open": 0.018860265612602234,
  "xle_open": 0.01845831423997879,
  "macd_diff": 0.018099840730428696,
  "volatility_5": 0.017586998641490936,
  "ema_20": 0.01741068623960018,
  "xlf_high": 0.016938861459493637,
  "return_10d": 0.01684911549091339
}