{
  "xle_low": 0.07005728781223297,
  "ema_200": 0.05776822194457054,
  "usd_index_low": 0.05067211389541626,
  "ema_10": 0.04779326915740967,
  "xle_close": 0.043199408799409866,
  "vix_sma_10": 0.03844013810157776,
  "usd_index_open": 0.03378044441342354,
  "xlk_close": 0.03209802880883217,
  "sma_200": 0.03207799047231674,
  "volume_sma_20": 0.025367069989442825,
  "usd_index_close": 0.02398597076535225,
  "sma_50": 0.02358071133494377,
  "ema_50": 0.022364599630236626,
  "xlf_low": 0.02179572358727455,
  "xlk_low": 0.020779887214303017,
  "macd_diff": 0.019616834819316864,
  "macd": 0.01906874217092991,
  "macd_signal": 0.01839970052242279,
  "xlk_high": 0.01826559752225876,
  "treasury_10y_low": 0.017788344994187355
}