{
  "xle_high": 0.04623904824256897,
  "sma_10": 0.04241505265235901,
  "volatility_5": 0.03991486132144928,
  "ema_200": 0.028677595779299736,
  "sma_200": 0.02741650864481926,
  "usd_index_high": 0.025830570608377457,
  "usd_index_low": 0.025377072393894196,
  "sma_50": 0.02305474504828453,
  "xle_open": 0.02260339818894863,
  "macd_signal": 0.022557104006409645,
  "sma_20": 0.022203272208571434,
  "xlf_low": 0.021653566509485245,
  "bb_upper": 0.02127205766737461,
  "ema_50": 0.021135086193680763,
  "vix_sma_10": 0.020913809537887573,
  "ema_10": 0.020904500037431717,
  "ema_20": 0.01939166896045208,
  "volume_sma_20": 0.01811719872057438,
  "xlk_low": 0.017540520057082176,
  "bb_lower": 0.01735619641840458
}