{
  "xle_open": 0.07180406898260117,
  "volatility_5": 0.04127833992242813,
  "sma_200": 0.03732401505112648,
  "sma_50": 0.03702378273010254,
  "sma_10": 0.03498729318380356,
  "ema_200": 0.028906207531690598,
  "ema_50": 0.026215363293886185,
  "vix_sma_10": 0.02583620510995388,
  "usd_index_high": 0.024402372539043427,
  "bb_upper": 0.023299260064959526,
  "ema_20": 0.023294897750020027,
  "xlf_high": 0.022274648770689964,
  "macd_signal": 0.021938839927315712,
  "volume_ratio": 0.02028489299118519,
  "xlk_high": 0.019322361797094345,
  "usd_index_low": 0.018762515857815742,
  "volume_sma_20": 0.016783587634563446,
  "xlf_rel_strength": 0.01578211411833763,
  "usd_index_close": 0.015500262379646301,
  "treasury_10y_high": 0.015203929506242275
}