{
  "ema_200": 0.05667569860816002,
  "usd_index_low": 0.05339600145816803,
  "vix_sma_10": 0.04913080856204033,
  "xlk_close": 0.04164478927850723,
  "xle_low": 0.038811564445495605,
  "sma_200": 0.03835361823439598,
  "ema_10": 0.03215288743376732,
  "usd_index_close": 0.030491305515170097,
  "ema_50": 0.02829967811703682,
  "ema_20": 0.027320174500346184,
  "volume_sma_20": 0.024631068110466003,
  "treasury_10y_close": 0.023877590894699097,
  "sma_10": 0.022587962448596954,
  "xle_close": 0.022503554821014404,
  "macd": 0.021935783326625824,
  "sma_50": 0.021356752142310143,
  "sma_20": 0.019956305623054504,
  "usd_index_open": 0.01948343962430954,
  "xlk_high": 0.018262779340147972,
  "atr_14": 0.01818545162677765
}