{
  "sma_50": 0.04358464479446411,
  "xle_open": 0.04110068082809448,
  "volatility_5": 0.03846680372953415,
  "xlf_high": 0.03465844690799713,
  "ema_200": 0.03239646181464195,
  "sma_10": 0.031467147171497345,
  "usd_index_low": 0.030140576884150505,
  "macd_signal": 0.02661074511706829,
  "sma_200": 0.024391448125243187,
  "ema_10": 0.023862192407250404,
  "ema_50": 0.02371247671544552,
  "vix_sma_10": 0.023626813665032387,
  "bb_upper": 0.02236688882112503,
  "usd_index_high": 0.020223066210746765,
  "xlk_high": 0.01902979426085949,
  "ema_20": 0.01777029037475586,
  "xlf_open": 0.01769240014255047,
  "volume_ratio": 0.016657758504152298,
  "xlk_low": 0.016377855092287064,
  "usd_index_open": 0.015966853126883507
}