{
  "vix_high": 0.03408616781234741,
  "bb_lower": 0.02974655292928219,
  "volume_ratio": 0.024574341252446175,
  "treasury_10y_low": 0.023926010355353355,
  "sma_50": 0.02332424744963646,
  "yield_change": 0.022948166355490685,
  "sma_10": 0.02187860570847988,
  "return_1d": 0.021539734676480293,
  "xlf_high": 0.02143598347902298,
  "rsi_14": 0.021349241957068443,
  "bb_upper": 0.020774241536855698,
  "vix_close": 0.020574644207954407,
  "sma_200": 0.018791159614920616,
  "ema_200": 0.018060147762298584,
  "usd_index_low": 0.018046556040644646,
  "volatility_5": 0.017831316217780113,
  "usd_index_open": 0.017793571576476097,
  "xlf_low": 0.017044121399521828,
  "sp500_open": 0.016759848222136497,
  "xle_volume": 0.016591636463999748
}