{
  "xle_low": 0.06649557501077652,
  "ema_200": 0.05280749127268791,
  "usd_index_low": 0.041825491935014725,
  "bb_upper": 0.04029729217290878,
  "xle_open": 0.03987813740968704,
  "ema_10": 0.03840579092502594,
  "sma_200": 0.03627314791083336,
  "usd_index_open": 0.03127587214112282,
  "vix_sma_10": 0.02997407875955105,
  "xlf_low": 0.025527773424983025,
  "volume_sma_20": 0.02390183135867119,
  "usd_index_high": 0.022934867069125175,
  "xle_close": 0.022767335176467896,
  "sma_50": 0.02154402993619442,
  "xlf_high": 0.020399466156959534,
  "macd": 0.020007407292723656,
  "xlk_high": 0.019910847768187523,
  "sma_10": 0.01956125907599926,
  "xlk_close": 0.019286418333649635,
  "ema_50": 0.01867632567882538
}