{
  "sma_50": 0.043616123497486115,
  "xle_open": 0.039647817611694336,
  "xlf_high": 0.038487643003463745,
  "volatility_5": 0.03617938235402107,
  "ema_10": 0.0342598631978035,
  "bb_upper": 0.03276822343468666,
  "sma_200": 0.03061160072684288,
  "usd_index_low": 0.02993299625813961,
  "ema_50": 0.027057336643338203,
  "ema_200": 0.02567357011139393,
  "vix_sma_10": 0.024527188390493393,
  "macd_signal": 0.023127969354391098,
  "usd_index_high": 0.022732745856046677,
  "xlk_high": 0.02152104489505291,
  "sma_10": 0.020511571317911148,
  "vix_high": 0.01876954920589924,
  "xlf_low": 0.01802229695022106,
  "volume_sma_20": 0.016737433150410652,
  "macd": 0.01650962047278881,
  "rsi_14": 0.016417665407061577
}