{
  "ema_200": 0.06819675117731094,
  "usd_index_low": 0.04837769642472267,
  "xle_low": 0.04458053037524223,
  "sma_200": 0.04097427800297737,
  "vix_sma_10": 0.03975926339626312,
  "ema_10": 0.030511826276779175,
  "xle_close": 0.03038582019507885,
  "usd_index_close": 0.028849666938185692,
  "xle_open": 0.027941986918449402,
  "macd": 0.02709573693573475,
  "volume_sma_20": 0.026295742020010948,
  "xlk_high": 0.02593453787267208,
  "xlk_close": 0.02307012304663658,
  "usd_index_high": 0.022846495732665062,
  "sma_20": 0.021889137104153633,
  "bb_upper": 0.02148410677909851,
  "vix_low": 0.021213548257946968,
  "treasury_10y_close": 0.019988486543297768,
  "macd_diff": 0.019879791885614395,
  "ema_20": 0.019288135692477226
}