{
  "xle_open": 0.04148910939693451,
  "volatility_5": 0.03904535993933678,
  "ema_200": 0.03601224347949028,
  "sma_50": 0.03377874568104744,
  "sma_200": 0.03303004056215286,
  "usd_index_high": 0.02787851169705391,
  "bb_upper": 0.02729078382253647,
  "xlf_high": 0.025739818811416626,
  "vix_sma_10": 0.02543317712843418,
  "ema_50": 0.024626802653074265,
  "macd_signal": 0.022747360169887543,
  "ema_20": 0.0212691742926836,
  "sma_10": 0.01995520479977131,
  "usd_index_low": 0.019625702872872353,
  "xlk_low": 0.018809901550412178,
  "volume_ratio": 0.018674423918128014,
  "xlf_rel_strength": 0.01843169517815113,
  "volume_sma_20": 0.01818978041410446,
  "rsi_14": 0.017232384532690048,
  "vix_open": 0.017059480771422386
}