{
  "xle_open": 0.05390506610274315,
  "sma_50": 0.043285708874464035,
  "volatility_5": 0.0380951464176178,
  "sma_200": 0.03692155331373215,
  "ema_10": 0.0333099402487278,
  "xlf_high": 0.033042825758457184,
  "usd_index_low": 0.03196759521961212,
  "ema_200": 0.028421903029084206,
  "bb_upper": 0.02617330476641655,
  "vix_sma_10": 0.023839687928557396,
  "ema_50": 0.022740017622709274,
  "usd_index_high": 0.022733552381396294,
  "macd_signal": 0.021985722705721855,
  "xlf_low": 0.021961558610200882,
  "bb_lower": 0.01952226459980011,
  "xlf_close": 0.017938625067472458,
  "macd": 0.016440780833363533,
  "volume_ratio": 0.015706997364759445,
  "xlf_rel_strength": 0.01549460832029581,
  "atr_14": 0.015069854445755482
}