{
  "xle_open": 0.06354480981826782,
  "volatility_5": 0.04196867346763611,
  "sma_200": 0.0410919152200222,
  "xlf_high": 0.035600561648607254,
  "ema_200": 0.028624771162867546,
  "bb_upper": 0.027728719636797905,
  "usd_index_high": 0.02759428881108761,
  "ema_50": 0.027458637952804565,
  "usd_index_low": 0.021681129932403564,
  "macd_signal": 0.021662382408976555,
  "sma_10": 0.020999254658818245,
  "ema_10": 0.020983440801501274,
  "vix_sma_10": 0.020891431719064713,
  "sma_50": 0.019887100905179977,
  "volume_ratio": 0.019611027091741562,
  "xlk_high": 0.01938781514763832,
  "xlf_rel_strength": 0.018695669248700142,
  "xlf_open": 0.017535295337438583,
  "volume_sma_20": 0.017321456223726273,
  "rsi_14": 0.014940665103495121
}