{
  "xle_open": 0.04304997995495796,
  "volatility_5": 0.0419691726565361,
  "sma_50": 0.038924217224121094,
  "xlf_high": 0.038013797253370285,
  "sma_200": 0.034855008125305176,
  "ema_200": 0.030225973576307297,
  "usd_index_high": 0.028451189398765564,
  "sma_10": 0.028119072318077087,
  "bb_upper": 0.025155197829008102,
  "ema_10": 0.023360826075077057,
  "macd_signal": 0.023302163928747177,
  "ema_50": 0.02302943542599678,
  "volume_ratio": 0.021135617047548294,
  "ema_20": 0.020775865763425827,
  "vix_sma_10": 0.020641867071390152,
  "usd_index_low": 0.018057314679026604,
  "xlk_high": 0.017925698310136795,
  "xlf_rel_strength": 0.016532864421606064,
  "xle_close": 0.016524754464626312,
  "treasury_10y_open": 0.016217902302742004
}