{
  "xle_low": 0.07806041836738586,
  "ema_200": 0.06425067037343979,
  "xle_open": 0.048596590757369995,
  "sma_200": 0.03922763839364052,
  "volume_sma_20": 0.03649146109819412,
  "xle_close": 0.03626159578561783,
  "usd_index_low": 0.03616401180624962,
  "vix_sma_10": 0.035230476409196854,
  "ema_10": 0.03210217133164406,
  "usd_index_close": 0.023015154525637627,
  "macd_diff": 0.02298702858388424,
  "xlk_close": 0.021874485537409782,
  "sma_10": 0.021586593240499496,
  "sma_50": 0.020581239834427834,
  "usd_index_open": 0.02003023959696293,
  "ema_50": 0.01979585736989975,
  "macd": 0.019360365346074104,
  "usd_index_high": 0.018086019903421402,
  "volatility_20": 0.01782524771988392,
  "macd_signal": 0.017785437405109406
}