{
  "xle_low": 0.07566070556640625,
  "usd_index_low": 0.0657677948474884,
  "ema_200": 0.05648355185985565,
  "xle_close": 0.046851079910993576,
  "sma_200": 0.036479800939559937,
  "volume_sma_20": 0.028068074956536293,
  "usd_index_open": 0.02601252682507038,
  "vix_sma_10": 0.025050057098269463,
  "ema_10": 0.024948369711637497,
  "sma_10": 0.024890799075365067,
  "macd": 0.0239779744297266,
  "sma_50": 0.02316441759467125,
  "xlk_close": 0.02166866697371006,
  "bb_upper": 0.020887792110443115,
  "usd_index_high": 0.020339513197541237,
  "macd_diff": 0.020175103098154068,
  "sma_20": 0.019211940467357635,
  "xlk_high": 0.018834451213479042,
  "usd_index_close": 0.018243325874209404,
  "xlf_high": 0.01759166829288006
}