{
  "sma_10": 0.05080386623740196,
  "volatility_5": 0.04640547186136246,
  "xle_high": 0.03768746554851532,
  "ema_200": 0.031711988151073456,
  "sma_200": 0.031212160363793373,
  "usd_index_high": 0.026239395141601562,
  "xle_open": 0.026093335822224617,
  "ema_20": 0.0255386121571064,
  "xlf_high": 0.023913603276014328,
  "bb_upper": 0.023900453001260757,
  "macd_signal": 0.02378212846815586,
  "sma_50": 0.023019254207611084,
  "usd_index_low": 0.02272314392030239,
  "xlk_high": 0.020273936912417412,
  "ema_10": 0.020212404429912567,
  "xle_low": 0.018354229629039764,
  "vix_sma_10": 0.018062155693769455,
  "treasury_10y_open": 0.017488978803157806,
  "volume_sma_20": 0.017319772392511368,
  "macd_diff": 0.01674651727080345
}