{
  "vix_high": 0.03242142125964165,
  "sma_200": 0.026679394766688347,
  "treasury_10y_low": 0.025725925341248512,
  "volume_ratio": 0.024006299674510956,
  "bb_upper": 0.022432269528508186,
  "rsi_14": 0.021880468353629112,
  "vix_open": 0.0216408409178257,
  "bb_lower": 0.02131858840584755,
  "vix_close": 0.021232442930340767,
  "yield_change": 0.020900946110486984,
  "return_1d": 0.02039400115609169,
  "xlf_high": 0.02000124752521515,
  "ema_200": 0.01993713527917862,
  "xlf_rel_strength": 0.019175050780177116,
  "xle_high": 0.01892576366662979,
  "usd_index_high": 0.01854170858860016,
  "macd_signal": 0.01843099668622017,
  "macd_diff": 0.017825106158852577,
  "xlk_open": 0.017655491828918457,
  "usd_index_open": 0.017643405124545097
}