{
  "vix_high": 0.030620671808719635,
  "bb_upper": 0.02733270451426506,
  "xlf_open": 0.026588505133986473,
  "xle_high": 0.026048796251416206,
  "yield_change": 0.02513173408806324,
  "vix_close": 0.024709366261959076,
  "volume_ratio": 0.02413003332912922,
  "treasury_10y_low": 0.02149634249508381,
  "rsi_14": 0.021357182413339615,
  "return_1d": 0.021300965920090675,
  "xlf_high": 0.020940814167261124,
  "xlk_high": 0.019573168829083443,
  "usd_index_low": 0.018766263499855995,
  "bb_lower": 0.01834268309175968,
  "sma_50": 0.01825258880853653,
  "xlf_rel_strength": 0.01810298301279545,
  "xlk_close": 0.01779259368777275,
  "usd_index_open": 0.017787672579288483,
  "xlk_low": 0.01726025715470314,
  "sma_200": 0.01707206480205059
}