{
  "xle_low": 0.06428010016679764,
  "ema_10": 0.06036048009991646,
  "ema_200": 0.04868262633681297,
  "sma_200": 0.04389692470431328,
  "vix_sma_10": 0.04097491502761841,
  "usd_index_low": 0.038226742297410965,
  "usd_index_open": 0.03193408623337746,
  "sma_50": 0.03083459660410881,
  "treasury_10y_high": 0.027955763041973114,
  "xle_close": 0.026104969903826714,
  "sma_10": 0.025916311889886856,
  "xlk_close": 0.025446508079767227,
  "ema_20": 0.02374010905623436,
  "macd": 0.021399885416030884,
  "volume_sma_20": 0.020686468109488487,
  "xlf_low": 0.019156431779265404,
  "macd_diff": 0.019068630412220955,
  "xlf_close": 0.0189941618591547,
  "bb_upper": 0.0188802070915699,
  "volatility_20": 0.01793237030506134
}