{
  "vix_high": 0.030219146981835365,
  "bb_upper": 0.027951300144195557,
  "volume_ratio": 0.027746157720685005,
  "xlk_high": 0.02664933167397976,
  "bb_lower": 0.025147365406155586,
  "return_1d": 0.023005301132798195,
  "yield_change": 0.022324997931718826,
  "vix_open": 0.022250907495617867,
  "sma_50": 0.02185654081404209,
  "vix_close": 0.02154453471302986,
  "rsi_14": 0.019463328644633293,
  "stoch_d": 0.01917269639670849,
  "xlf_high": 0.019034691154956818,
  "usd_index_open": 0.018835948780179024,
  "treasury_10y_low": 0.018504317849874496,
  "ema_50": 0.018442638218402863,
  "ema_10": 0.01831795647740364,
  "bb_pct": 0.018255405128002167,
  "ema_200": 0.017854901030659676,
  "volatility_5": 0.017568478360772133
}