{
  "vix_high": 0.034702084958553314,
  "vix_low": 0.02757393941283226,
  "xle_open": 0.02488734945654869,
  "yield_change": 0.023870384320616722,
  "return_1d": 0.022688522934913635,
  "xlk_low": 0.02150336466729641,
  "bb_upper": 0.02136884070932865,
  "rsi_14": 0.02110891230404377,
  "vix_close": 0.020927459001541138,
  "bb_pct": 0.02060321904718876,
  "vix_open": 0.019403986632823944,
  "usd_index_low": 0.01932382769882679,
  "treasury_10y_low": 0.01919529400765896,
  "volatility_5": 0.01898440532386303,
  "bb_lower": 0.018765831366181374,
  "ema_200": 0.018565138801932335,
  "treasury_10y_open": 0.01850634627044201,
  "vix_change": 0.017755908891558647,
  "volume_sma_20": 0.017331555485725403,
  "sma_200": 0.01724223978817463
}