{
  "vix_high": 0.033325958997011185,
  "xlf_high": 0.02839597687125206,
  "bb_lower": 0.0242516677826643,
  "bb_upper": 0.024219462648034096,
  "xlk_low": 0.02358478121459484,
  "sma_200": 0.022921539843082428,
  "volume_ratio": 0.022823307663202286,
  "yield_change": 0.022360239177942276,
  "treasury_10y_low": 0.02234981581568718,
  "vix_close": 0.021159928292036057,
  "vix_open": 0.020690618082880974,
  "return_1d": 0.019851800054311752,
  "vix_change": 0.01894654519855976,
  "ema_200": 0.018922122195363045,
  "vix_low": 0.01890436001121998,
  "rsi_14": 0.018569201231002808,
  "sma_10": 0.01847722940146923,
  "stoch_k": 0.018031463027000427,
  "macd_signal": 0.017414629459381104,
  "volatility_5": 0.017224246636033058
}