{
  "xle_open": 0.0495501309633255,
  "ema_200": 0.04423119127750397,
  "volatility_5": 0.035834088921546936,
  "bb_upper": 0.03194480016827583,
  "sma_200": 0.03168832138180733,
  "sma_50": 0.026591798290610313,
  "xlf_high": 0.025611190125346184,
  "sma_20": 0.025339098647236824,
  "ema_50": 0.02405751310288906,
  "vix_sma_10": 0.023973634466528893,
  "usd_index_high": 0.022895680740475655,
  "volume_ratio": 0.0225727166980505,
  "macd_signal": 0.02106434851884842,
  "sma_10": 0.019838150590658188,
  "rsi_14": 0.018392451107501984,
  "volume_sma_20": 0.01767352968454361,
  "xlf_rel_strength": 0.016461094841361046,
  "usd_index_low": 0.01640806347131729,
  "volatility_20": 0.01639426499605179,
  "usd_index_close": 0.016124041751027107
}