{
  "vix_high": 0.03366711735725403,
  "treasury_10y_low": 0.03314913436770439,
  "bb_upper": 0.027104483917355537,
  "vix_close": 0.0239418875426054,
  "yield_change": 0.023525921627879143,
  "volume_ratio": 0.0231955423951149,
  "xlk_open": 0.02088930830359459,
  "xlf_low": 0.020835354924201965,
  "volatility_5": 0.020350007340312004,
  "return_1d": 0.020207995548844337,
  "bb_lower": 0.019711656495928764,
  "sma_200": 0.019564982503652573,
  "sma_10": 0.019450806081295013,
  "macd_diff": 0.019128229469060898,
  "ema_200": 0.01856968365609646,
  "rsi_14": 0.018088877201080322,
  "xlf_close": 0.017927540466189384,
  "usd_index_low": 0.01777130924165249,
  "stoch_d": 0.01746283657848835,
  "ema_50": 0.017374228686094284
}