{
  "xle_low": 0.08058285713195801,
  "usd_index_low": 0.054478615522384644,
  "ema_200": 0.04774140566587448,
  "ema_10": 0.04264865070581436,
  "sma_200": 0.03691854327917099,
  "bb_lower": 0.03222154080867767,
  "xlk_close": 0.030879469588398933,
  "usd_index_close": 0.02673189900815487,
  "sma_50": 0.0260477215051651,
  "xle_close": 0.02519061043858528,
  "volume_sma_20": 0.025142725557088852,
  "vix_sma_10": 0.02353246696293354,
  "sma_10": 0.022514138370752335,
  "macd": 0.021627984941005707,
  "sma_20": 0.019270164892077446,
  "usd_index_high": 0.019219528883695602,
  "xlf_high": 0.019165340811014175,
  "ema_50": 0.018929945304989815,
  "bb_upper": 0.017692895606160164,
  "macd_signal": 0.017149871215224266
}