{
  "sma_10": 0.03697418048977852,
  "vix_high": 0.0323476642370224,
  "vix_close": 0.02772693894803524,
  "bb_lower": 0.023641355335712433,
  "yield_change": 0.023222828283905983,
  "volume_ratio": 0.022769369184970856,
  "bb_upper": 0.02160792052745819,
  "sma_200": 0.020911602303385735,
  "macd_diff": 0.020902562886476517,
  "rsi_14": 0.019922208040952682,
  "xle_high": 0.019742649048566818,
  "sma_50": 0.019704552367329597,
  "return_1d": 0.019646458327770233,
  "stoch_d": 0.01963087171316147,
  "volatility_5": 0.019353492185473442,
  "usd_index_open": 0.019048359245061874,
  "bb_pct": 0.01826499029994011,
  "usd_index_low": 0.018233992159366608,
  "xlf_low": 0.017958752810955048,
  "xlk_close": 0.017809154465794563
}