{
  "xle_low": 0.08180522918701172,
  "ema_200": 0.0632888451218605,
  "xle_open": 0.03983689844608307,
  "usd_index_close": 0.0380060113966465,
  "usd_index_low": 0.037663135677576065,
  "sma_200": 0.037359919399023056,
  "xlf_low": 0.03003651648759842,
  "ema_10": 0.027911556884646416,
  "vix_sma_10": 0.027587153017520905,
  "volume_sma_20": 0.027039993554353714,
  "macd": 0.02399986982345581,
  "sma_20": 0.023244764655828476,
  "treasury_10y_high": 0.022739514708518982,
  "treasury_10y_close": 0.02232290245592594,
  "macd_diff": 0.020155955106019974,
  "xlk_close": 0.019565818831324577,
  "atr_14": 0.018379416316747665,
  "sma_50": 0.01795113831758499,
  "xlf_high": 0.016475671902298927,
  "usd_index_high": 0.016405804082751274
}