{
  "xle_low": 0.09564489126205444,
  "ema_200": 0.05152790620923042,
  "ema_10": 0.05102037265896797,
  "sma_200": 0.0423964262008667,
  "vix_sma_10": 0.04227186366915703,
  "usd_index_low": 0.039187636226415634,
  "xle_close": 0.034227292984724045,
  "usd_index_open": 0.03042462095618248,
  "macd": 0.024901242926716805,
  "volatility_20": 0.023717712610960007,
  "volume_sma_20": 0.02306373044848442,
  "xlf_low": 0.02190030738711357,
  "sma_50": 0.021897902712225914,
  "ema_20": 0.019634926691651344,
  "xlk_close": 0.018703041598200798,
  "treasury_10y_open": 0.01846524514257908,
  "usd_index_close": 0.0179103072732687,
  "macd_diff": 0.017821179702878,
  "treasury_10y_close": 0.01723078452050686,
  "ema_50": 0.01633686013519764
}