{
  "xle_low": 0.11511822044849396,
  "usd_index_low": 0.052848588675260544,
  "ema_10": 0.050112199038267136,
  "ema_200": 0.043983615934848785,
  "sma_200": 0.03562159463763237,
  "sma_10": 0.03196397423744202,
  "sma_50": 0.025615118443965912,
  "volume_sma_20": 0.024324504658579826,
  "vix_sma_10": 0.023506831377744675,
  "xlf_high": 0.02323765866458416,
  "treasury_10y_high": 0.022128311917185783,
  "xlk_open": 0.021374914795160294,
  "xlk_low": 0.02116227149963379,
  "xlf_close": 0.02112233079969883,
  "bb_upper": 0.02029356360435486,
  "vix_close": 0.019799092784523964,
  "ema_20": 0.01943618804216385,
  "usd_index_high": 0.018748532980680466,
  "sma_20": 0.01805056259036064,
  "bb_lower": 0.018038388341665268
}