{
  "vix_high": 0.03502967581152916,
  "treasury_10y_low": 0.03327116370201111,
  "bb_lower": 0.03196018934249878,
  "sma_10": 0.026143627241253853,
  "volume_ratio": 0.025911845266819,
  "rsi_14": 0.024302760139107704,
  "xle_high": 0.022810688242316246,
  "return_1d": 0.022763250395655632,
  "bb_upper": 0.02213948220014572,
  "xlk_open": 0.02083156257867813,
  "yield_change": 0.020613888278603554,
  "sma_200": 0.02039438672363758,
  "volatility_5": 0.020286863669753075,
  "macd_signal": 0.019801076501607895,
  "vix_close": 0.01912635751068592,
  "vix_open": 0.0187135711312294,
  "bb_pct": 0.018528856337070465,
  "usd_index_high": 0.017744148150086403,
  "xlf_rel_strength": 0.017396623268723488,
  "volume_sma_20": 0.016893234103918076
}