{
  "sma_10": 0.04816950485110283,
  "ema_50": 0.04763162136077881,
  "xle_high": 0.042309146374464035,
  "volatility_5": 0.03866339474916458,
  "xlf_high": 0.03790958225727081,
  "ema_200": 0.03687457740306854,
  "bb_upper": 0.0313749834895134,
  "sma_200": 0.030293259769678116,
  "usd_index_low": 0.027164585888385773,
  "usd_index_high": 0.023689759895205498,
  "macd_signal": 0.022111091762781143,
  "xle_open": 0.02203918993473053,
  "sma_50": 0.02174512855708599,
  "xlk_high": 0.020970821380615234,
  "vix_sma_10": 0.017597822472453117,
  "volume_sma_20": 0.017383135855197906,
  "xle_low": 0.016996284946799278,
  "volatility_20": 0.01643374189734459,
  "sma_20": 0.016363121569156647,
  "ema_20": 0.01623268611729145
}