{
  "vix_high": 0.04188283532857895,
  "sma_10": 0.026416286826133728,
  "vix_open": 0.02506832405924797,
  "bb_upper": 0.02484608255326748,
  "bb_lower": 0.02347457781434059,
  "return_1d": 0.02301565743982792,
  "xlk_low": 0.02184046432375908,
  "xle_high": 0.021779784932732582,
  "volume_ratio": 0.02167370170354843,
  "treasury_10y_low": 0.021523492410779,
  "rsi_14": 0.021478399634361267,
  "xlk_open": 0.020745176821947098,
  "sma_200": 0.020739177241921425,
  "yield_change": 0.020715074613690376,
  "usd_index_high": 0.019940529018640518,
  "vix_close": 0.019635837525129318,
  "xle_rel_strength": 0.019406838342547417,
  "volatility_5": 0.01939694583415985,
  "macd_signal": 0.018510792404413223,
  "macd_diff": 0.017528215423226357
}