{
  "xle_low": 0.09950734674930573,
  "ema_200": 0.07249069213867188,
  "sma_200": 0.04116295650601387,
  "usd_index_low": 0.040876686573028564,
  "ema_10": 0.039124589413404465,
  "usd_index_close": 0.03489723801612854,
  "volume_sma_20": 0.03380738943815231,
  "xle_close": 0.02954290248453617,
  "usd_index_open": 0.028434138745069504,
  "xlk_close": 0.02399061620235443,
  "vix_sma_10": 0.02383597567677498,
  "xlk_high": 0.023431049659848213,
  "xlk_low": 0.022008191794157028,
  "macd": 0.020608678460121155,
  "macd_diff": 0.019771914929151535,
  "sma_50": 0.01894376613199711,
  "bb_lower": 0.018344761803746223,
  "bb_upper": 0.017851969227194786,
  "xlf_high": 0.017479507252573967,
  "volatility_20": 0.017324132844805717
}