{
  "xle_low": 0.08259006589651108,
  "ema_10": 0.04845674708485603,
  "xlk_close": 0.04771990329027176,
  "ema_200": 0.04590968042612076,
  "vix_sma_10": 0.03862252086400986,
  "sma_10": 0.036103855818510056,
  "sma_200": 0.031934283673763275,
  "usd_index_open": 0.027857977896928787,
  "xle_close": 0.026645664125680923,
  "usd_index_high": 0.02516808733344078,
  "volume_sma_20": 0.025080978870391846,
  "usd_index_close": 0.023153796792030334,
  "sma_50": 0.022818483412265778,
  "macd": 0.021572807803750038,
  "xlf_high": 0.02068137563765049,
  "macd_signal": 0.020617390051484108,
  "ema_50": 0.01921153999865055,
  "usd_index_low": 0.0185861773788929,
  "macd_diff": 0.018430380150675774,
  "sma_20": 0.017847565934062004
}