{
  "xle_low": 0.0726868212223053,
  "usd_index_low": 0.05899189040064812,
  "ema_200": 0.05248485878109932,
  "sma_200": 0.051478877663612366,
  "vix_sma_10": 0.043868716806173325,
  "ema_10": 0.04331498593091965,
  "xle_close": 0.03459608554840088,
  "xlk_high": 0.029149508103728294,
  "volume_sma_20": 0.02792767435312271,
  "usd_index_high": 0.026402264833450317,
  "xlf_high": 0.02378872223198414,
  "sma_20": 0.0219369325786829,
  "macd_diff": 0.021876204758882523,
  "usd_index_open": 0.021751461550593376,
  "sma_10": 0.02130337990820408,
  "ema_50": 0.020525965839624405,
  "xlk_close": 0.020478302612900734,
  "vix_high": 0.01946280710399151,
  "macd_signal": 0.018882175907492638,
  "macd": 0.017531421035528183
}