{
  "sma_200": 0.02979603409767151,
  "vix_high": 0.02916264533996582,
  "yield_change": 0.023445792496204376,
  "usd_index_low": 0.02312956191599369,
  "bb_lower": 0.022281968966126442,
  "vix_close": 0.022094033658504486,
  "vix_low": 0.021520748734474182,
  "return_1d": 0.021446123719215393,
  "treasury_10y_low": 0.020146969705820084,
  "volatility_5": 0.019953932613134384,
  "rsi_14": 0.019904717803001404,
  "sma_50": 0.019892362877726555,
  "bb_width": 0.019403405487537384,
  "ema_200": 0.019396517425775528,
  "xle_high": 0.019355595111846924,
  "bb_pct": 0.01866631954908371,
  "xle_rel_strength": 0.018374096602201462,
  "xle_close": 0.018037425354123116,
  "macd_signal": 0.01792472042143345,
  "volatility_20": 0.017900198698043823
}