{
  "xle_open": 0.061000462621450424,
  "sma_200": 0.052880335599184036,
  "volatility_5": 0.03227923810482025,
  "usd_index_low": 0.031386569142341614,
  "ema_200": 0.030635859817266464,
  "bb_upper": 0.03052191250026226,
  "macd_signal": 0.026226429268717766,
  "sma_10": 0.02609756588935852,
  "xlf_high": 0.024933667853474617,
  "vix_sma_10": 0.023562239482998848,
  "xlf_open": 0.023017466068267822,
  "sma_50": 0.022242559120059013,
  "usd_index_high": 0.02123151160776615,
  "ema_20": 0.01985134929418564,
  "ema_10": 0.01752062700688839,
  "volume_ratio": 0.01686452329158783,
  "ema_50": 0.016589637845754623,
  "xlf_low": 0.015978725627064705,
  "treasury_10y_open": 0.015327470377087593,
  "xlf_rel_strength": 0.015222650952637196
}