{
  "xle_open": 0.04692402854561806,
  "xle_high": 0.03784105181694031,
  "volatility_5": 0.03581561520695686,
  "sma_50": 0.03528086841106415,
  "ema_200": 0.032581087201833725,
  "sma_200": 0.029370838776230812,
  "vix_sma_10": 0.029202448204159737,
  "volume_ratio": 0.026741236448287964,
  "usd_index_high": 0.025195011869072914,
  "ema_50": 0.023984039202332497,
  "ema_10": 0.023132704198360443,
  "xlf_high": 0.022850679233670235,
  "bb_upper": 0.022348981350660324,
  "macd_signal": 0.020985634997487068,
  "usd_index_low": 0.020454294979572296,
  "rsi_14": 0.02020898088812828,
  "volume_sma_20": 0.019352033734321594,
  "xlf_low": 0.01924849860370159,
  "volatility_20": 0.018584610894322395,
  "atr_14": 0.01794673688709736
}