{
  "xle_low": 0.08113683760166168,
  "ema_10": 0.058315180242061615,
  "xlk_close": 0.04935253784060478,
  "ema_200": 0.043967682868242264,
  "sma_200": 0.03732292354106903,
  "usd_index_open": 0.03610186651349068,
  "vix_sma_10": 0.035064149647951126,
  "usd_index_close": 0.033092200756073,
  "usd_index_low": 0.03294644132256508,
  "sma_50": 0.02795618213713169,
  "xle_close": 0.02350560761988163,
  "volume_sma_20": 0.02334926836192608,
  "volatility_20": 0.023033415898680687,
  "macd": 0.022924624383449554,
  "sma_20": 0.020630544051527977,
  "sma_10": 0.020214861258864403,
  "ema_20": 0.019107896834611893,
  "xlf_close": 0.018304545432329178,
  "usd_index_high": 0.01804850995540619,
  "vix_close": 0.017701584845781326
}