{
  "ema_10": 0.07049933820962906,
  "xle_low": 0.06445988267660141,
  "ema_200": 0.050429850816726685,
  "vix_sma_10": 0.04233894869685173,
  "sma_200": 0.039481449872255325,
  "usd_index_low": 0.03310409188270569,
  "xle_close": 0.030354827642440796,
  "ema_20": 0.028283391147851944,
  "usd_index_close": 0.028165623545646667,
  "usd_index_open": 0.026768643409013748,
  "sma_50": 0.025029517710208893,
  "bb_lower": 0.024998623877763748,
  "macd": 0.024458251893520355,
  "sma_10": 0.02322630025446415,
  "xlf_high": 0.02252953127026558,
  "volume_sma_20": 0.02041851170361042,
  "xle_high": 0.019640106707811356,
  "ema_50": 0.018965953961014748,
  "xlf_low": 0.01854686625301838,
  "usd_index_high": 0.018295632675290108
}