{
  "ema_50": 0.07462673634290695,
  "xle_open": 0.03841611370444298,
  "ema_200": 0.03761977702379227,
  "sma_200": 0.03364117071032524,
  "volatility_5": 0.033406127244234085,
  "ema_10": 0.0298351738601923,
  "bb_upper": 0.02825423702597618,
  "sma_10": 0.026887498795986176,
  "usd_index_low": 0.026877261698246002,
  "macd_signal": 0.02435481734573841,
  "xlf_high": 0.02301068976521492,
  "vix_sma_10": 0.022152593359351158,
  "xlk_high": 0.02187044359743595,
  "sma_50": 0.02112872712314129,
  "treasury_10y_open": 0.018337495625019073,
  "vix_high": 0.017504001036286354,
  "ema_20": 0.016997091472148895,
  "volume_ratio": 0.016634730622172356,
  "xlf_low": 0.0165657140314579,
  "xlk_close": 0.016391495242714882
}