{
  "xle_low": 0.06708111613988876,
  "ema_200": 0.057722121477127075,
  "usd_index_low": 0.05426140874624252,
  "ema_10": 0.03833857923746109,
  "xlk_close": 0.03750758245587349,
  "sma_200": 0.03708823025226593,
  "vix_sma_10": 0.033504728227853775,
  "sma_10": 0.031206894665956497,
  "volume_sma_20": 0.030238769948482513,
  "ema_20": 0.02785179391503334,
  "usd_index_close": 0.02656480111181736,
  "usd_index_high": 0.023668058216571808,
  "xle_close": 0.021722067147493362,
  "xlf_high": 0.020480090752243996,
  "macd_diff": 0.02029966562986374,
  "xlk_high": 0.019675835967063904,
  "ema_50": 0.019418247044086456,
  "sma_50": 0.01934671401977539,
  "macd": 0.018433284014463425,
  "bb_upper": 0.01780308224260807
}