{
  "vix_high": 0.03570733591914177,
  "volume_ratio": 0.028407540172338486,
  "vix_close": 0.024747218936681747,
  "yield_change": 0.024543022736907005,
  "treasury_10y_low": 0.0233188197016716,
  "xlk_low": 0.023154431954026222,
  "bb_upper": 0.02251330576837063,
  "bb_pct": 0.02224026806652546,
  "bb_lower": 0.021534249186515808,
  "rsi_14": 0.021103883162140846,
  "ema_200": 0.020833639428019524,
  "return_1d": 0.020220354199409485,
  "sma_10": 0.020211435854434967,
  "volatility_5": 0.01941339485347271,
  "usd_index_low": 0.01902836374938488,
  "usd_index_open": 0.01814364083111286,
  "return_5d": 0.017165008932352066,
  "usd_index_high": 0.016773642972111702,
  "macd_diff": 0.016386955976486206,
  "macd_signal": 0.01634334959089756
}