{
  "volatility_5": 0.045283131301403046,
  "xle_open": 0.044773589819669724,
  "sma_200": 0.041382480412721634,
  "xlf_high": 0.03098764829337597,
  "ema_50": 0.030633270740509033,
  "sma_50": 0.02944745495915413,
  "ema_200": 0.02940835803747177,
  "bb_upper": 0.027756191790103912,
  "usd_index_high": 0.02750219963490963,
  "vix_sma_10": 0.0239944476634264,
  "macd_signal": 0.02360956184566021,
  "usd_index_low": 0.022172721102833748,
  "ema_20": 0.02120594121515751,
  "sma_10": 0.02079300582408905,
  "volume_ratio": 0.02020864188671112,
  "xlf_low": 0.019887417554855347,
  "ema_10": 0.019048403948545456,
  "atr_14": 0.018677299842238426,
  "xlf_rel_strength": 0.01805611327290535,
  "vix_high": 0.016872089356184006
}