{
  "xle_low": 0.0780181959271431,
  "ema_200": 0.05320731922984123,
  "usd_index_low": 0.05229717493057251,
  "ema_10": 0.03961637243628502,
  "xle_open": 0.03818802163004875,
  "sma_200": 0.034980446100234985,
  "volume_sma_20": 0.026471354067325592,
  "xlk_low": 0.025836803019046783,
  "usd_index_open": 0.02531050518155098,
  "xle_close": 0.02404210902750492,
  "bb_lower": 0.023931125178933144,
  "xlf_low": 0.023378347977995872,
  "usd_index_high": 0.02276230789721012,
  "treasury_10y_high": 0.02275080606341362,
  "vix_sma_10": 0.02201380953192711,
  "macd": 0.020659487694501877,
  "volatility_20": 0.019336646422743797,
  "sma_20": 0.018305044621229172,
  "xlf_high": 0.017708562314510345,
  "usd_index_close": 0.017435360699892044
}