{
  "xle_open": 0.057746440172195435,
  "volatility_5": 0.03879227116703987,
  "xlf_high": 0.03737768530845642,
  "sma_200": 0.03719506412744522,
  "ema_200": 0.03627198934555054,
  "sma_50": 0.029773902148008347,
  "usd_index_high": 0.026889394968748093,
  "ema_50": 0.025180062279105186,
  "ema_10": 0.02463049627840519,
  "bb_upper": 0.024347208440303802,
  "macd_signal": 0.023780319839715958,
  "ema_20": 0.02152142859995365,
  "sma_10": 0.021472690626978874,
  "usd_index_low": 0.020976431667804718,
  "vix_sma_10": 0.018311897292733192,
  "volume_ratio": 0.018261604011058807,
  "xlf_rel_strength": 0.018159015104174614,
  "xlk_low": 0.016987614333629608,
  "sma_20": 0.01649307832121849,
  "volatility_20": 0.01632600463926792
}