{
  "vix_high": 0.03705228865146637,
  "sma_10": 0.03439972549676895,
  "bb_upper": 0.02664126269519329,
  "rsi_14": 0.024701841175556183,
  "volume_ratio": 0.02242303639650345,
  "sma_200": 0.022132782265543938,
  "yield_change": 0.021893836557865143,
  "vix_open": 0.02183585613965988,
  "return_1d": 0.020796723663806915,
  "bb_lower": 0.020573947578668594,
  "vix_close": 0.019953392446041107,
  "xlk_open": 0.019753068685531616,
  "usd_index_high": 0.01918327994644642,
  "volatility_5": 0.018490634858608246,
  "xle_open": 0.018469054251909256,
  "xlf_rel_strength": 0.018036864697933197,
  "treasury_10y_low": 0.017738834023475647,
  "macd_signal": 0.017148343846201897,
  "xlk_close": 0.01711561717092991,
  "bb_pct": 0.016861751675605774
}