{
  "bb_upper": 0.029006417840719223,
  "vix_high": 0.028240922838449478,
  "vix_low": 0.024501672014594078,
  "ema_200": 0.023031651973724365,
  "treasury_10y_low": 0.022860344499349594,
  "vix_open": 0.022787224501371384,
  "treasury_10y_open": 0.02274855598807335,
  "yield_change": 0.022661620751023293,
  "sma_200": 0.020763490349054337,
  "bb_pct": 0.0205173771828413,
  "vix_close": 0.020412884652614594,
  "return_5d": 0.019892290234565735,
  "usd_index_low": 0.01980605162680149,
  "return_1d": 0.019588911905884743,
  "bb_lower": 0.019480004906654358,
  "xlk_low": 0.019460871815681458,
  "sma_10": 0.01855815015733242,
  "volume_ratio": 0.018373629078269005,
  "macd_signal": 0.017377352342009544,
  "volatility_5": 0.01721540093421936
}