{
  "xle_open": 0.04685548320412636,
  "volatility_5": 0.03606000915169716,
  "sma_50": 0.03583671525120735,
  "ema_200": 0.034890055656433105,
  "sma_200": 0.03384019434452057,
  "usd_index_high": 0.03122175671160221,
  "xlf_high": 0.03000841662287712,
  "sma_10": 0.027684208005666733,
  "ema_50": 0.024518951773643494,
  "ema_10": 0.024271635338664055,
  "ema_20": 0.02335856854915619,
  "bb_upper": 0.022537438198924065,
  "macd_signal": 0.021709907799959183,
  "vix_sma_10": 0.0196640957146883,
  "usd_index_low": 0.018351493403315544,
  "xlk_low": 0.01763167977333069,
  "xlf_rel_strength": 0.01748068630695343,
  "volume_ratio": 0.017123065888881683,
  "xlf_low": 0.016948986798524857,
  "sma_20": 0.0168925654143095
}