{
  "xle_low": 0.06170577555894852,
  "ema_200": 0.05587129667401314,
  "usd_index_low": 0.04784375801682472,
  "vix_sma_10": 0.045274604111909866,
  "xle_close": 0.0441809818148613,
  "sma_200": 0.038635242730379105,
  "ema_10": 0.037809498608112335,
  "sma_50": 0.034118667244911194,
  "xlf_low": 0.030094394460320473,
  "sma_20": 0.025457577779889107,
  "ema_20": 0.023595254868268967,
  "usd_index_open": 0.022817810997366905,
  "volume_sma_20": 0.02232329547405243,
  "xlk_close": 0.022002963349223137,
  "ema_50": 0.021475384011864662,
  "sma_10": 0.021232323721051216,
  "bb_upper": 0.020829694345593452,
  "xlf_high": 0.020401790738105774,
  "macd": 0.018405258655548096,
  "treasury_10y_open": 0.017496896907687187
}