{
  "vix_high": 0.03193666413426399,
  "treasury_10y_low": 0.02747512422502041,
  "xle_high": 0.02577064000070095,
  "volume_ratio": 0.025589272379875183,
  "yield_change": 0.025358915328979492,
  "return_1d": 0.023249899968504906,
  "vix_close": 0.023218821734189987,
  "usd_index_low": 0.02164902165532112,
  "rsi_14": 0.02151617966592312,
  "ema_200": 0.021439973264932632,
  "sma_10": 0.020686034113168716,
  "bb_lower": 0.019895313307642937,
  "bb_upper": 0.019765591248869896,
  "bb_pct": 0.01938852295279503,
  "volatility_5": 0.019177986308932304,
  "xlk_open": 0.019167454913258553,
  "xlf_high": 0.018717125058174133,
  "bb_width": 0.018716687336564064,
  "xlk_low": 0.01869809255003929,
  "xlk_close": 0.01854800246655941
}