{
  "vix_high": 0.033415861427783966,
  "treasury_10y_low": 0.028200451284646988,
  "bb_lower": 0.026568526402115822,
  "rsi_14": 0.026071414351463318,
  "volume_ratio": 0.02569711022078991,
  "sma_200": 0.024171587079763412,
  "yield_change": 0.023498890921473503,
  "bb_upper": 0.023218762129545212,
  "return_1d": 0.02208174392580986,
  "xlk_open": 0.02196250855922699,
  "macd_signal": 0.021504029631614685,
  "vix_close": 0.021419549360871315,
  "xle_high": 0.020072972401976585,
  "ema_200": 0.019851746037602425,
  "xlf_low": 0.019760573282837868,
  "usd_index_high": 0.018741551786661148,
  "vix_open": 0.018291259184479713,
  "xlf_rel_strength": 0.018244026228785515,
  "vix_low": 0.017402194440364838,
  "return_10d": 0.017190340906381607
}