{
  "xle_open": 0.052601929754018784,
  "volatility_5": 0.03730417788028717,
  "sma_200": 0.03400809317827225,
  "ema_200": 0.03300652652978897,
  "ema_50": 0.031822413206100464,
  "ema_20": 0.028965452685952187,
  "usd_index_high": 0.027338044717907906,
  "bb_upper": 0.027137568220496178,
  "xlk_high": 0.024393681436777115,
  "sma_50": 0.024214226752519608,
  "usd_index_low": 0.024104246869683266,
  "vix_sma_10": 0.02346324734389782,
  "macd_signal": 0.023201674222946167,
  "xlf_high": 0.022928673774003983,
  "xlf_rel_strength": 0.018213799223303795,
  "treasury_10y_open": 0.01792963035404682,
  "ema_10": 0.017305554822087288,
  "volume_ratio": 0.017299747094511986,
  "macd_diff": 0.016766928136348724,
  "sma_10": 0.016476966440677643
}