{
  "sma_200": 0.03301458805799484,
  "vix_high": 0.02984769083559513,
  "treasury_10y_low": 0.025927182286977768,
  "vix_open": 0.02373361773788929,
  "xlk_low": 0.02296733669936657,
  "treasury_10y_open": 0.021416449919342995,
  "yield_change": 0.021162718534469604,
  "ema_200": 0.02109873667359352,
  "return_1d": 0.020431406795978546,
  "vix_low": 0.020318659022450447,
  "xle_high": 0.02003900334239006,
  "return_5d": 0.0196017324924469,
  "sma_10": 0.019180763512849808,
  "vix_close": 0.019169850274920464,
  "return_20d": 0.018415141850709915,
  "usd_index_close": 0.018400700762867928,
  "volume_ratio": 0.018036864697933197,
  "sma_50": 0.017315121367573738,
  "usd_index_low": 0.01722019724547863,
  "rsi_14": 0.01720171980559826
}