{
  "bb_upper": 0.030854837968945503,
  "sma_200": 0.027721619233489037,
  "xlf_open": 0.025767257437109947,
  "vix_high": 0.025559192523360252,
  "bb_lower": 0.02528563141822815,
  "yield_change": 0.02380618266761303,
  "vix_low": 0.022935958579182625,
  "treasury_10y_low": 0.01990487612783909,
  "vix_open": 0.019614823162555695,
  "vix_close": 0.01943175122141838,
  "xlk_close": 0.019322015345096588,
  "return_1d": 0.019107526168227196,
  "volume_ratio": 0.01899116113781929,
  "ema_200": 0.018969742581248283,
  "rsi_14": 0.01825488917529583,
  "usd_index_low": 0.017613481730222702,
  "stoch_d": 0.017503488808870316,
  "return_5d": 0.017011528834700584,
  "macd": 0.01699061132967472,
  "xlf_rel_strength": 0.01683519408106804
}