{
  "xle_high": 0.053711678832769394,
  "sma_10": 0.042480453848838806,
  "volatility_5": 0.03891833871603012,
  "sma_200": 0.0312715619802475,
  "usd_index_high": 0.03019532561302185,
  "xle_open": 0.029276736080646515,
  "ema_200": 0.027946297079324722,
  "bb_upper": 0.026120709255337715,
  "sma_50": 0.02589065581560135,
  "macd_signal": 0.024806777015328407,
  "usd_index_low": 0.021422266960144043,
  "ema_50": 0.020148560404777527,
  "vix_sma_10": 0.01971309818327427,
  "ema_20": 0.0192599818110466,
  "rsi_14": 0.019161898642778397,
  "xlf_high": 0.018954792991280556,
  "atr_14": 0.01872757077217102,
  "macd_diff": 0.017114127054810524,
  "xlk_high": 0.017088446766138077,
  "volatility_20": 0.015715932473540306
}