{
  "xle_low": 0.06401276588439941,
  "ema_10": 0.06219249591231346,
  "ema_200": 0.052374571561813354,
  "sma_200": 0.046069685369729996,
  "usd_index_low": 0.03396780416369438,
  "vix_sma_10": 0.03267801180481911,
  "xle_close": 0.03248719125986099,
  "sma_50": 0.029107853770256042,
  "sma_10": 0.02665049582719803,
  "usd_index_open": 0.02630569040775299,
  "ema_20": 0.02479548007249832,
  "bb_lower": 0.024104522541165352,
  "xlk_close": 0.02395779825747013,
  "treasury_10y_high": 0.022432560101151466,
  "volume_sma_20": 0.022080492228269577,
  "usd_index_close": 0.020348677411675453,
  "macd": 0.019732896238565445,
  "bb_upper": 0.019573597237467766,
  "treasury_10y_open": 0.01951817236840725,
  "vix_open": 0.01857043243944645
}