{
  "xle_low": 0.0689263641834259,
  "ema_200": 0.05886191874742508,
  "xle_open": 0.043411362916231155,
  "ema_10": 0.03807789087295532,
  "sma_200": 0.037873525172472,
  "vix_sma_10": 0.03516913577914238,
  "usd_index_low": 0.033070970326662064,
  "xle_close": 0.031420208513736725,
  "volume_sma_20": 0.030202802270650864,
  "usd_index_high": 0.02946615032851696,
  "ema_50": 0.028148014098405838,
  "usd_index_open": 0.02473851479589939,
  "macd_signal": 0.02017163671553135,
  "xle_high": 0.01947239600121975,
  "xlk_low": 0.019337590783834457,
  "xlk_high": 0.018946420401334763,
  "vix_high": 0.018768999725580215,
  "macd": 0.01866229623556137,
  "macd_diff": 0.018454233184456825,
  "xlk_close": 0.016501931473612785
}