{
  "ema_200": 0.04039321094751358,
  "xle_open": 0.03823356330394745,
  "volatility_5": 0.03657374158501625,
  "sma_50": 0.03415820002555847,
  "ema_50": 0.03374369814991951,
  "vix_sma_10": 0.026885230094194412,
  "volume_ratio": 0.026437927037477493,
  "sma_200": 0.025656670331954956,
  "bb_upper": 0.02521437592804432,
  "xlk_open": 0.022490601986646652,
  "usd_index_low": 0.021977029740810394,
  "usd_index_high": 0.021475523710250854,
  "macd_signal": 0.021056534722447395,
  "xle_high": 0.019987164065241814,
  "sma_20": 0.019075965508818626,
  "sma_10": 0.018893636763095856,
  "xlk_low": 0.018604883924126625,
  "ema_10": 0.017856357619166374,
  "xlf_low": 0.017623204737901688,
  "treasury_10y_open": 0.017536604776978493
}