{
  "vix_high": 0.02865513227880001,
  "bb_upper": 0.02415917068719864,
  "xlk_close": 0.023481855168938637,
  "xle_open": 0.02284790202975273,
  "xlk_low": 0.022502435371279716,
  "yield_change": 0.02196137234568596,
  "treasury_10y_low": 0.02193499356508255,
  "return_1d": 0.021925294771790504,
  "ema_200": 0.021797679364681244,
  "treasury_10y_open": 0.02068588137626648,
  "usd_index_low": 0.0206077191978693,
  "vix_low": 0.019864678382873535,
  "rsi_14": 0.01978875696659088,
  "xle_high": 0.01959729567170143,
  "vix_close": 0.019313961267471313,
  "vix_open": 0.019190797582268715,
  "macd_signal": 0.018974831327795982,
  "xlf_low": 0.018596412613987923,
  "volatility_5": 0.018552862107753754,
  "return_20d": 0.018091779202222824
}