{
  "xlf_high": 0.04619399458169937,
  "xle_high": 0.04519331455230713,
  "ema_50": 0.03826339170336723,
  "sma_10": 0.03705189749598503,
  "ema_200": 0.03388228639960289,
  "volatility_5": 0.03301128000020981,
  "sma_200": 0.031059829518198967,
  "xlk_high": 0.03007754497230053,
  "bb_upper": 0.02672727406024933,
  "macd_signal": 0.024562083184719086,
  "usd_index_low": 0.02449851855635643,
  "treasury_10y_open": 0.02439536526799202,
  "xle_open": 0.021772267296910286,
  "xle_low": 0.021648891270160675,
  "sma_50": 0.02100500464439392,
  "ema_20": 0.02056152932345867,
  "usd_index_high": 0.0194576196372509,
  "vix_sma_10": 0.0193795058876276,
  "xlf_open": 0.017382940277457237,
  "volume_sma_20": 0.0165749229490757
}