{
  "xle_low": 0.09395495802164078,
  "ema_200": 0.05204305052757263,
  "sma_200": 0.04366156831383705,
  "usd_index_low": 0.04149913415312767,
  "usd_index_close": 0.03446660563349724,
  "volume_sma_20": 0.0329681821167469,
  "ema_10": 0.032183852046728134,
  "vix_sma_10": 0.027951663359999657,
  "macd": 0.026013724505901337,
  "ema_50": 0.025424888357520103,
  "xlk_low": 0.025202525779604912,
  "xlf_high": 0.023760966956615448,
  "xle_close": 0.02286878041923046,
  "usd_index_open": 0.022290043532848358,
  "bb_upper": 0.02027423307299614,
  "treasury_10y_high": 0.019899705424904823,
  "sma_50": 0.019025571644306183,
  "atr_14": 0.018731920048594475,
  "sma_20": 0.01731463521718979,
  "macd_signal": 0.017300687730312347
}