{
  "sma_50": 0.043655626475811005,
  "sma_200": 0.03819611296057701,
  "ema_200": 0.035130687057971954,
  "volatility_5": 0.03464842587709427,
  "xle_high": 0.0308612659573555,
  "xle_open": 0.028353877365589142,
  "usd_index_low": 0.02759862132370472,
  "xlf_high": 0.02748740278184414,
  "bb_upper": 0.02654794044792652,
  "ema_50": 0.026180557906627655,
  "usd_index_high": 0.02556156925857067,
  "sma_10": 0.024417441338300705,
  "vix_sma_10": 0.02229057066142559,
  "macd_signal": 0.021777452901005745,
  "treasury_10y_open": 0.02108912542462349,
  "volume_sma_20": 0.020968763157725334,
  "volume_ratio": 0.020399674773216248,
  "xle_low": 0.020106246694922447,
  "xlk_high": 0.01819365657866001,
  "xlk_low": 0.015627168118953705
}