{
  "xle_low": 0.0689050555229187,
  "ema_200": 0.05415778234601021,
  "usd_index_low": 0.05181604251265526,
  "ema_10": 0.03755765035748482,
  "sma_200": 0.03653658181428909,
  "usd_index_high": 0.03165082260966301,
  "usd_index_close": 0.030316650867462158,
  "volume_sma_20": 0.029519420117139816,
  "vix_sma_10": 0.028638189658522606,
  "xle_close": 0.02712186612188816,
  "xlf_open": 0.026488376781344414,
  "macd": 0.02360517345368862,
  "treasury_10y_close": 0.02253536693751812,
  "macd_diff": 0.02139907330274582,
  "sma_50": 0.01994924247264862,
  "sma_20": 0.019633468240499496,
  "xle_high": 0.018527166917920113,
  "bb_lower": 0.01814655400812626,
  "xlk_close": 0.017828859388828278,
  "macd_signal": 0.01776808127760887
}