{
  "vix_high": 0.03754290193319321,
  "sma_200": 0.027831368148326874,
  "bb_lower": 0.02688745968043804,
  "vix_open": 0.025784969329833984,
  "volume_ratio": 0.025406405329704285,
  "yield_change": 0.02372811920940876,
  "vix_close": 0.02244487591087818,
  "xlf_low": 0.02223610319197178,
  "return_1d": 0.022210976108908653,
  "xle_high": 0.02205601893365383,
  "rsi_14": 0.021333515644073486,
  "treasury_10y_low": 0.020833779126405716,
  "sma_10": 0.020623736083507538,
  "macd_signal": 0.01992117054760456,
  "bb_upper": 0.01821289397776127,
  "xlk_open": 0.017914753407239914,
  "usd_index_high": 0.017313580960035324,
  "macd_diff": 0.01708122342824936,
  "xle_rel_strength": 0.016818556934595108,
  "ema_200": 0.016776030883193016
}