{
  "xle_low": 0.06891921907663345,
  "ema_200": 0.05955008044838905,
  "usd_index_low": 0.04190975800156593,
  "vix_sma_10": 0.04120344668626785,
  "ema_10": 0.037812840193510056,
  "sma_200": 0.03588435798883438,
  "xle_close": 0.03377735614776611,
  "xlf_high": 0.030063804239034653,
  "usd_index_open": 0.02896379493176937,
  "sma_10": 0.025421852245926857,
  "usd_index_close": 0.025034205988049507,
  "ema_50": 0.023702820762991905,
  "volume_sma_20": 0.02291250042617321,
  "sma_50": 0.022518785670399666,
  "bb_lower": 0.02179490402340889,
  "macd": 0.02115500718355179,
  "ema_20": 0.020803630352020264,
  "volatility_20": 0.01968514174222946,
  "macd_diff": 0.019167879596352577,
  "xlf_low": 0.018716417253017426
}