{
  "xle_low": 0.09962516278028488,
  "ema_10": 0.05991039425134659,
  "ema_200": 0.04265880957245827,
  "usd_index_low": 0.038341060280799866,
  "sma_200": 0.037522874772548676,
  "vix_sma_10": 0.02866317704319954,
  "bb_upper": 0.026409294456243515,
  "sma_50": 0.025527779012918472,
  "xlf_close": 0.024480514228343964,
  "volume_sma_20": 0.02347697876393795,
  "xlf_high": 0.021504119038581848,
  "bb_lower": 0.02149546891450882,
  "treasury_10y_close": 0.0200541652739048,
  "sma_20": 0.020018626004457474,
  "usd_index_close": 0.019955521449446678,
  "macd": 0.01977856457233429,
  "treasury_10y_high": 0.019731134176254272,
  "usd_index_open": 0.019197994843125343,
  "atr_14": 0.018660269677639008,
  "usd_index_high": 0.01853349804878235
}