{
  "ema_200": 0.06433552503585815,
  "xlk_close": 0.052814725786447525,
  "vix_sma_10": 0.04236038029193878,
  "xle_low": 0.03903661295771599,
  "volume_sma_20": 0.03607507422566414,
  "sma_200": 0.03464150428771973,
  "ema_20": 0.03301005810499191,
  "ema_10": 0.0322786346077919,
  "usd_index_close": 0.02803155779838562,
  "bb_lower": 0.025875721126794815,
  "xlf_high": 0.025666499510407448,
  "xlk_high": 0.023462090641260147,
  "usd_index_low": 0.022296320647001266,
  "usd_index_open": 0.022275632247328758,
  "volatility_20": 0.020985428243875504,
  "sma_20": 0.01990155503153801,
  "usd_index_high": 0.019864745438098907,
  "xlk_low": 0.019698714837431908,
  "macd": 0.018782198429107666,
  "sma_50": 0.0184393972158432
}