{
  "xle_open": 0.03802424296736717,
  "sma_200": 0.03715130686759949,
  "volatility_5": 0.03711310401558876,
  "sma_50": 0.03360975533723831,
  "ema_10": 0.03095184452831745,
  "volume_ratio": 0.02655583620071411,
  "ema_200": 0.02614937350153923,
  "bb_upper": 0.024498453363776207,
  "ema_50": 0.02447042241692543,
  "xle_high": 0.02442953549325466,
  "ema_20": 0.0243487898260355,
  "usd_index_low": 0.024108154699206352,
  "sma_10": 0.023990554735064507,
  "usd_index_high": 0.022515656426548958,
  "vix_sma_10": 0.020517623052001,
  "macd_signal": 0.020413292571902275,
  "xlk_open": 0.01925414614379406,
  "treasury_10y_open": 0.01901094801723957,
  "atr_14": 0.01781325414776802,
  "rsi_14": 0.017755873501300812
}