{
  "vix_high": 0.03437396138906479,
  "sma_200": 0.03199441358447075,
  "vix_open": 0.028213774785399437,
  "volume_ratio": 0.02484419196844101,
  "vix_close": 0.02454250119626522,
  "yield_change": 0.02269860915839672,
  "bb_lower": 0.021788787096738815,
  "treasury_10y_low": 0.021595334634184837,
  "xle_high": 0.0207978505641222,
  "return_1d": 0.02060815691947937,
  "sma_10": 0.01983039453625679,
  "volatility_5": 0.019777290523052216,
  "rsi_14": 0.019613008946180344,
  "xlf_high": 0.019466858357191086,
  "usd_index_high": 0.0194543544203043,
  "stoch_d": 0.018640339374542236,
  "vix_low": 0.0185952577739954,
  "ema_200": 0.018096139654517174,
  "macd_diff": 0.018032396212220192,
  "macd_signal": 0.017506536096334457
}