{
  "vix_high": 0.03353630378842354,
  "sma_10": 0.030566267669200897,
  "bb_lower": 0.030076514929533005,
  "volume_ratio": 0.024176813662052155,
  "yield_change": 0.022142453119158745,
  "bb_upper": 0.02211061678826809,
  "return_1d": 0.02166583575308323,
  "rsi_14": 0.021634984761476517,
  "xlf_high": 0.02133510448038578,
  "treasury_10y_low": 0.02087467350065708,
  "vix_close": 0.02000468410551548,
  "sma_50": 0.019556356593966484,
  "usd_index_low": 0.018500978127121925,
  "ema_200": 0.01844187267124653,
  "usd_index_open": 0.017692431807518005,
  "ema_50": 0.017563585191965103,
  "sp500_open": 0.017405470833182335,
  "xle_volume": 0.017352940514683723,
  "sma_200": 0.017066653817892075,
  "volatility_5": 0.016726328060030937
}