{
  "bb_upper": 0.031822822988033295,
  "vix_high": 0.028832515701651573,
  "ema_20": 0.02644176408648491,
  "yield_change": 0.024384303018450737,
  "vix_close": 0.023937582969665527,
  "sma_10": 0.023525260388851166,
  "sma_200": 0.020899876952171326,
  "bb_lower": 0.020009435713291168,
  "treasury_10y_open": 0.0199521966278553,
  "usd_index_low": 0.019567836076021194,
  "ema_200": 0.01950003392994404,
  "treasury_10y_low": 0.01929495297372341,
  "vix_open": 0.019093263894319534,
  "volume_ratio": 0.0186658576130867,
  "vix_low": 0.018430478870868683,
  "volatility_5": 0.018256034702062607,
  "return_1d": 0.017978157848119736,
  "rsi_14": 0.01778755895793438,
  "return_5d": 0.017776058986783028,
  "xle_volume": 0.017134102061390877
}