{
  "xle_low": 0.0782570168375969,
  "ema_200": 0.07294898480176926,
  "usd_index_low": 0.05634462460875511,
  "sma_200": 0.037672579288482666,
  "usd_index_close": 0.032972630113363266,
  "ema_20": 0.03229973465204239,
  "volume_sma_20": 0.02859741635620594,
  "xlf_low": 0.028510605916380882,
  "treasury_10y_close": 0.0283314548432827,
  "macd": 0.027749739587306976,
  "xlk_low": 0.024092059582471848,
  "ema_10": 0.023314112797379494,
  "usd_index_open": 0.02195887453854084,
  "xle_close": 0.02185293845832348,
  "macd_diff": 0.02054203487932682,
  "sma_20": 0.02015148662030697,
  "usd_index_high": 0.01856040582060814,
  "vix_sma_10": 0.017728159204125404,
  "ema_50": 0.01740143448114395,
  "sma_10": 0.01713222824037075
}