{
  "xle_open": 0.04609985649585724,
  "sma_50": 0.038983047008514404,
  "volatility_5": 0.034366294741630554,
  "usd_index_low": 0.031223738566040993,
  "xlf_high": 0.030841685831546783,
  "bb_upper": 0.02989412099123001,
  "vix_sma_10": 0.02634422853589058,
  "sma_200": 0.026306934654712677,
  "ema_200": 0.026271747425198555,
  "ema_50": 0.02593068778514862,
  "sma_10": 0.025627873837947845,
  "macd_signal": 0.025089113041758537,
  "usd_index_high": 0.02158726006746292,
  "ema_10": 0.020757850259542465,
  "vix_high": 0.018747903406620026,
  "ema_20": 0.01837414689362049,
  "volume_sma_20": 0.018280787393450737,
  "xle_high": 0.01747089810669422,
  "xlk_high": 0.017451299354434013,
  "volume_ratio": 0.017046097666025162
}