{
  "sma_10": 0.046412449330091476,
  "ema_50": 0.04257045313715935,
  "xle_high": 0.036727726459503174,
  "volatility_5": 0.0361781008541584,
  "ema_200": 0.035495825111866,
  "xlf_high": 0.028784917667508125,
  "bb_upper": 0.02797234244644642,
  "sma_50": 0.027139075100421906,
  "sma_200": 0.02616208977997303,
  "macd_signal": 0.025218704715371132,
  "usd_index_high": 0.023536626249551773,
  "xle_open": 0.022215059027075768,
  "ema_20": 0.02105771377682686,
  "xle_low": 0.02093227207660675,
  "vix_sma_10": 0.020815152674913406,
  "usd_index_low": 0.020673222839832306,
  "treasury_10y_open": 0.019761299714446068,
  "xlk_low": 0.017692508175969124,
  "xlf_low": 0.016741959378123283,
  "volume_sma_20": 0.01662614196538925
}