{
  "xle_low": 0.07207132875919342,
  "ema_200": 0.04585207626223564,
  "xlk_close": 0.04366500675678253,
  "ema_10": 0.04287366941571236,
  "sma_200": 0.03950490802526474,
  "usd_index_low": 0.038550227880477905,
  "vix_sma_10": 0.03668889030814171,
  "xle_close": 0.03169212117791176,
  "sma_10": 0.031394220888614655,
  "sma_50": 0.024453938007354736,
  "xlf_high": 0.023931721225380898,
  "ema_50": 0.022464556619524956,
  "usd_index_close": 0.02239385060966015,
  "bb_lower": 0.021538101136684418,
  "volume_sma_20": 0.021199027076363564,
  "xle_high": 0.02024584449827671,
  "usd_index_high": 0.019909705966711044,
  "ema_20": 0.017850542441010475,
  "volatility_20": 0.01753951795399189,
  "xlf_low": 0.017082035541534424
}