{
  "sma_50": 0.058394256979227066,
  "xle_open": 0.03727681189775467,
  "volatility_5": 0.035107824951410294,
  "ema_200": 0.03350355103611946,
  "sma_200": 0.03286329656839371,
  "ema_50": 0.028089333325624466,
  "bb_upper": 0.027121230959892273,
  "usd_index_low": 0.026280608028173447,
  "xle_high": 0.02596546895802021,
  "xlf_high": 0.02453165128827095,
  "xlf_open": 0.02192077599465847,
  "macd_signal": 0.02130006067454815,
  "atr_14": 0.020732371136546135,
  "usd_index_high": 0.02051173709332943,
  "volume_ratio": 0.020339209586381912,
  "vix_sma_10": 0.019047588109970093,
  "sma_10": 0.018956640735268593,
  "xlf_low": 0.018827490508556366,
  "ema_20": 0.018534628674387932,
  "xlk_low": 0.016534455120563507
}