{
  "sma_10": 0.03406307473778725,
  "vix_high": 0.028701068833470345,
  "sma_200": 0.02837895043194294,
  "usd_index_high": 0.024872062727808952,
  "return_1d": 0.023791437968611717,
  "volume_ratio": 0.0237673781812191,
  "xlk_low": 0.02189025655388832,
  "yield_change": 0.021108748391270638,
  "vix_open": 0.020896045491099358,
  "vix_close": 0.0206966120749712,
  "xlf_open": 0.020539995282888412,
  "treasury_10y_low": 0.02053559198975563,
  "bb_lower": 0.02050056867301464,
  "rsi_14": 0.019926046952605247,
  "xlf_high": 0.01883099600672722,
  "bb_upper": 0.018577681854367256,
  "xlf_rel_strength": 0.01772897131741047,
  "ema_200": 0.017719188705086708,
  "volatility_20": 0.01727849617600441,
  "macd_diff": 0.01720600761473179
}