{
  "xle_high": 0.045784782618284225,
  "volatility_5": 0.041711822152137756,
  "sma_10": 0.041052237153053284,
  "ema_200": 0.03394130617380142,
  "sma_200": 0.03073267824947834,
  "xlk_high": 0.027549248188734055,
  "sma_20": 0.026286089792847633,
  "usd_index_high": 0.02618766389787197,
  "bb_upper": 0.02515416592359543,
  "ema_10": 0.02486434206366539,
  "macd_signal": 0.02432151325047016,
  "xle_open": 0.023909693583846092,
  "sma_50": 0.02301773801445961,
  "ema_20": 0.022184006869792938,
  "vix_sma_10": 0.02197481505572796,
  "ema_50": 0.01940031163394451,
  "volume_sma_20": 0.018513193354010582,
  "usd_index_low": 0.017801329493522644,
  "atr_14": 0.01769775152206421,
  "xlk_low": 0.017674686387181282
}