{
  "xle_open": 0.047934774309396744,
  "ema_200": 0.04051635041832924,
  "volatility_5": 0.03250076621770859,
  "sma_50": 0.03176794946193695,
  "sma_200": 0.027830984443426132,
  "usd_index_high": 0.026959296315908432,
  "vix_sma_10": 0.02469392865896225,
  "ema_10": 0.024390527978539467,
  "ema_50": 0.023271318525075912,
  "sma_10": 0.02321740984916687,
  "usd_index_low": 0.021587075665593147,
  "ema_20": 0.0215069018304348,
  "xlf_high": 0.02117242105305195,
  "bb_upper": 0.021097002550959587,
  "xlk_open": 0.019613167271018028,
  "macd_signal": 0.01911921612918377,
  "xlk_high": 0.018246965482831,
  "sma_20": 0.01720357872545719,
  "treasury_10y_open": 0.016998661682009697,
  "volume_ratio": 0.016957644373178482
}