{
  "xle_low": 0.08548357337713242,
  "ema_200": 0.05348995700478554,
  "sma_200": 0.03964877128601074,
  "usd_index_close": 0.03452823683619499,
  "usd_index_low": 0.03379087150096893,
  "vix_sma_10": 0.0331791415810585,
  "xlk_close": 0.03200841322541237,
  "ema_10": 0.03184499219059944,
  "sma_50": 0.029852552339434624,
  "volume_sma_20": 0.029531119391322136,
  "bb_lower": 0.029313238337635994,
  "usd_index_open": 0.02846291847527027,
  "xlk_high": 0.0254225991666317,
  "atr_14": 0.020846711471676826,
  "macd": 0.020813187584280968,
  "xlf_high": 0.01938391476869583,
  "usd_index_high": 0.0173482708632946,
  "ema_20": 0.017277175560593605,
  "macd_signal": 0.016995159909129143,
  "xlk_low": 0.01694423332810402
}