{
  "vix_high": 0.03310137987136841,
  "treasury_10y_low": 0.030171914026141167,
  "volume_ratio": 0.027320392429828644,
  "xlf_high": 0.026251692324876785,
  "yield_change": 0.02252897061407566,
  "bb_upper": 0.02238110639154911,
  "sma_10": 0.022378291934728622,
  "vix_close": 0.02201235294342041,
  "return_1d": 0.021679414436221123,
  "bb_lower": 0.021591320633888245,
  "bb_pct": 0.020548012107610703,
  "rsi_14": 0.020524026826024055,
  "usd_index_low": 0.01994941756129265,
  "xlk_open": 0.019585464149713516,
  "vix_open": 0.019568374380469322,
  "xlf_close": 0.018929578363895416,
  "volatility_5": 0.018369197845458984,
  "bb_width": 0.018268434330821037,
  "usd_index_open": 0.017695926129817963,
  "macd_diff": 0.0175474900752306
}