{
  "usd_index_low": 0.06423171609640121,
  "xle_low": 0.06049880385398865,
  "ema_10": 0.04751018434762955,
  "ema_200": 0.046837665140628815,
  "xle_high": 0.036651868373155594,
  "sma_10": 0.033116891980171204,
  "sma_200": 0.03282782435417175,
  "vix_sma_10": 0.03055162914097309,
  "xle_close": 0.029952362179756165,
  "sma_20": 0.02934606745839119,
  "sma_50": 0.029289918020367622,
  "treasury_10y_high": 0.024479057639837265,
  "xlf_high": 0.02446429245173931,
  "usd_index_close": 0.023252157494425774,
  "xlf_low": 0.02262091636657715,
  "macd": 0.021389780566096306,
  "volume_sma_20": 0.02085341140627861,
  "ema_20": 0.018638459965586662,
  "ema_50": 0.017948061227798462,
  "bb_lower": 0.01777932234108448
}