{
  "bb_upper": 0.037876494228839874,
  "vix_high": 0.027884822338819504,
  "vix_low": 0.02686884254217148,
  "yield_change": 0.02301749773323536,
  "volume_ratio": 0.022544369101524353,
  "xlk_low": 0.022452834993600845,
  "sma_200": 0.021953484043478966,
  "treasury_10y_low": 0.02110462076961994,
  "bb_lower": 0.02083650976419449,
  "usd_index_low": 0.02079681307077408,
  "vix_close": 0.0205883476883173,
  "rsi_14": 0.019857149571180344,
  "vix_open": 0.019438019022345543,
  "macd_signal": 0.018857616931200027,
  "ema_200": 0.018831852823495865,
  "bb_pct": 0.0183632243424654,
  "return_1d": 0.01799507439136505,
  "xle_volume": 0.017389453947544098,
  "volatility_5": 0.01734445057809353,
  "return_5d": 0.01728004589676857
}