{
  "ema_200": 0.06059444323182106,
  "xle_low": 0.04472096264362335,
  "xle_open": 0.040643736720085144,
  "vix_sma_10": 0.040486615151166916,
  "usd_index_low": 0.03932484611868858,
  "ema_10": 0.03731387481093407,
  "sma_200": 0.036379337310791016,
  "volume_sma_20": 0.031099554151296616,
  "usd_index_high": 0.02969217859208584,
  "usd_index_close": 0.027245841920375824,
  "xlk_close": 0.025462718680500984,
  "usd_index_open": 0.02456824854016304,
  "xle_close": 0.024509834125638008,
  "sma_50": 0.024193236604332924,
  "xle_high": 0.023698890581727028,
  "xlk_low": 0.022039996460080147,
  "macd": 0.02201676182448864,
  "ema_50": 0.019816260784864426,
  "treasury_10y_high": 0.019779954105615616,
  "bb_upper": 0.019625859335064888
}