{
  "xle_open": 0.056429337710142136,
  "sma_200": 0.04205995425581932,
  "volatility_5": 0.03553888201713562,
  "ema_200": 0.030881443992257118,
  "usd_index_high": 0.030094750225543976,
  "ema_50": 0.029794054105877876,
  "sma_50": 0.02578512206673622,
  "xlf_high": 0.02550268918275833,
  "bb_upper": 0.023612242192029953,
  "sma_10": 0.022725367918610573,
  "ema_20": 0.022646497935056686,
  "macd_signal": 0.02163061499595642,
  "vix_sma_10": 0.020754210650920868,
  "xle_low": 0.01991407200694084,
  "volume_ratio": 0.019503898918628693,
  "usd_index_low": 0.01878894865512848,
  "treasury_10y_open": 0.01834668219089508,
  "atr_14": 0.01729636825621128,
  "volatility_20": 0.017186148092150688,
  "xlf_open": 0.016374750062823296
}