{
  "xle_low": 0.10018322616815567,
  "ema_200": 0.06436455994844437,
  "usd_index_low": 0.05554967746138573,
  "ema_50": 0.0473947748541832,
  "sma_200": 0.03857162222266197,
  "ema_10": 0.02753705158829689,
  "macd": 0.026699760928750038,
  "volume_sma_20": 0.026147380471229553,
  "sma_20": 0.02552754431962967,
  "usd_index_high": 0.02467632107436657,
  "vix_sma_10": 0.023064035922288895,
  "usd_index_close": 0.022279443219304085,
  "xle_close": 0.022268112748861313,
  "treasury_10y_close": 0.021030617877840996,
  "xlf_open": 0.019593913108110428,
  "xlf_high": 0.01956642046570778,
  "xlk_high": 0.019007515162229538,
  "vix_close": 0.018875906243920326,
  "treasury_10y_high": 0.01849253475666046,
  "sma_50": 0.0160763431340456
}