{
  "sma_200": 0.0280769020318985,
  "vix_high": 0.02754359319806099,
  "bb_upper": 0.027292292565107346,
  "treasury_10y_low": 0.024454282596707344,
  "sma_10": 0.02320711687207222,
  "yield_change": 0.02259783446788788,
  "vix_low": 0.02255070209503174,
  "bb_pct": 0.021542806178331375,
  "xlk_high": 0.021216226741671562,
  "treasury_10y_open": 0.02019449882209301,
  "vix_close": 0.020156990736722946,
  "vix_open": 0.020065801218152046,
  "return_1d": 0.019936349242925644,
  "rsi_14": 0.0197386983782053,
  "xlk_low": 0.019150715321302414,
  "macd_signal": 0.018922461196780205,
  "xlk_rel_strength": 0.018125314265489578,
  "volatility_20": 0.018056420609354973,
  "xlk_close": 0.01805093325674534,
  "volume_ratio": 0.017822308465838432
}