{
  "vix_high": 0.03702350705862045,
  "treasury_10y_low": 0.02924848347902298,
  "bb_lower": 0.02706163004040718,
  "vix_open": 0.0259128175675869,
  "sma_200": 0.025841834023594856,
  "macd_signal": 0.02426736429333687,
  "bb_upper": 0.023873407393693924,
  "volume_ratio": 0.023009005934000015,
  "yield_change": 0.02261471562087536,
  "rsi_14": 0.022152094170451164,
  "sma_10": 0.022034654393792152,
  "return_1d": 0.021630605682730675,
  "volatility_5": 0.020948102697730064,
  "usd_index_high": 0.02070613205432892,
  "vix_close": 0.02043822966516018,
  "ema_200": 0.020409123972058296,
  "xlk_open": 0.019999176263809204,
  "xle_high": 0.0199310090392828,
  "xlf_rel_strength": 0.018814165145158768,
  "bb_pct": 0.01760946959257126
}