{
  "vix_high": 0.0333440937101841,
  "xlf_high": 0.029239963740110397,
  "sma_10": 0.02878955565392971,
  "bb_upper": 0.02750641480088234,
  "volume_ratio": 0.025501949712634087,
  "treasury_10y_low": 0.02342684008181095,
  "yield_change": 0.022941911593079567,
  "vix_close": 0.022337481379508972,
  "xlk_open": 0.021335607394576073,
  "return_1d": 0.02113003097474575,
  "rsi_14": 0.020612699910998344,
  "xle_high": 0.020472679287195206,
  "bb_lower": 0.020458286628127098,
  "ema_200": 0.020342526957392693,
  "bb_pct": 0.019541151821613312,
  "vix_open": 0.019520750269293785,
  "volatility_5": 0.017567770555615425,
  "usd_index_high": 0.017158912494778633,
  "usd_index_low": 0.01684371754527092,
  "xlk_low": 0.016794778406620026
}