{
  "sma_200": 0.032669372856616974,
  "bb_upper": 0.03046370856463909,
  "vix_high": 0.029554614797234535,
  "treasury_10y_low": 0.027157314121723175,
  "vix_low": 0.0246257483959198,
  "ema_20": 0.02300582267343998,
  "xlk_close": 0.022491304203867912,
  "yield_change": 0.021388497203588486,
  "ema_200": 0.021012388169765472,
  "bb_lower": 0.01980077661573887,
  "vix_close": 0.019272999837994576,
  "xlk_low": 0.019187141209840775,
  "volatility_5": 0.018851153552532196,
  "usd_index_low": 0.0187702476978302,
  "return_1d": 0.018468083813786507,
  "vix_open": 0.018281051889061928,
  "xle_open": 0.018270833417773247,
  "volume_ratio": 0.018152721226215363,
  "xlk_high": 0.017600808292627335,
  "vix_change": 0.017168456688523293
}