{
  "xle_low": 0.07657746225595474,
  "ema_10": 0.05998898670077324,
  "xlk_close": 0.05026853084564209,
  "ema_200": 0.04819981008768082,
  "sma_200": 0.037482600659132004,
  "usd_index_open": 0.032521817833185196,
  "sma_50": 0.030779961496591568,
  "vix_sma_10": 0.03047776408493519,
  "usd_index_low": 0.03007405996322632,
  "usd_index_close": 0.025144118815660477,
  "volume_sma_20": 0.02366938441991806,
  "macd": 0.022812586277723312,
  "sma_20": 0.022801674902439117,
  "ema_20": 0.021387621760368347,
  "xle_close": 0.020547986030578613,
  "volatility_20": 0.020485786721110344,
  "xlf_close": 0.019202427938580513,
  "xlf_high": 0.018538612872362137,
  "xlf_low": 0.018219631165266037,
  "macd_diff": 0.01808871328830719
}