{
  "vix_high": 0.03559280186891556,
  "treasury_10y_low": 0.026563018560409546,
  "volume_ratio": 0.025430655106902122,
  "rsi_14": 0.02478657104074955,
  "vix_open": 0.024115782231092453,
  "bb_lower": 0.023895638063549995,
  "usd_index_high": 0.023474209010601044,
  "bb_upper": 0.022672120481729507,
  "sma_200": 0.02265527844429016,
  "xle_high": 0.021065011620521545,
  "yield_change": 0.020945023745298386,
  "return_1d": 0.02081725001335144,
  "vix_close": 0.020505815744400024,
  "volatility_5": 0.019442496821284294,
  "xlk_open": 0.01931855082511902,
  "ema_10": 0.019168008118867874,
  "macd_signal": 0.018530087545514107,
  "sma_10": 0.018314337357878685,
  "xlf_low": 0.01697251945734024,
  "ema_200": 0.016824768856167793
}