{
  "vix_high": 0.03227005898952484,
  "xlf_open": 0.031559377908706665,
  "treasury_10y_low": 0.02634359523653984,
  "xlk_low": 0.024038590490818024,
  "volume_ratio": 0.023588640615344048,
  "bb_lower": 0.02344951033592224,
  "xlf_high": 0.023232169449329376,
  "xlk_open": 0.02303461916744709,
  "yield_change": 0.02271132916212082,
  "vix_open": 0.021300313994288445,
  "usd_index_high": 0.021124061197042465,
  "rsi_14": 0.020159292966127396,
  "return_1d": 0.019856471568346024,
  "return_10d": 0.019309967756271362,
  "sma_200": 0.019220896065235138,
  "macd_signal": 0.018742652609944344,
  "volatility_5": 0.018259188160300255,
  "xle_high": 0.018081435933709145,
  "xlf_rel_strength": 0.017792562022805214,
  "ema_200": 0.01737067848443985
}