{
  "sma_10": 0.047938089817762375,
  "volatility_5": 0.04295561462640762,
  "xle_high": 0.042584072798490524,
  "sma_200": 0.035410325974226,
  "ema_200": 0.0313718281686306,
  "sma_50": 0.025664424523711205,
  "ema_20": 0.025504369288682938,
  "macd_signal": 0.02421477995812893,
  "xlk_low": 0.02419476956129074,
  "usd_index_high": 0.023803308606147766,
  "bb_upper": 0.023701438680291176,
  "usd_index_low": 0.023501943796873093,
  "xle_open": 0.021274877712130547,
  "xle_low": 0.021243751049041748,
  "xlf_high": 0.021150100976228714,
  "ema_50": 0.020558040589094162,
  "ema_10": 0.019965659826993942,
  "vix_sma_10": 0.019781744107604027,
  "volume_sma_20": 0.01803644560277462,
  "xle_close": 0.01719064638018608
}