{
  "sma_200": 0.03513757139444351,
  "vix_high": 0.026941051706671715,
  "sma_10": 0.02618366852402687,
  "vix_open": 0.02480698935687542,
  "vix_low": 0.024734079837799072,
  "treasury_10y_low": 0.024662654846906662,
  "ema_200": 0.023800062015652657,
  "xlk_low": 0.021084314212203026,
  "yield_change": 0.020128805190324783,
  "bb_lower": 0.0197336133569479,
  "return_1d": 0.019649570807814598,
  "treasury_10y_open": 0.019184105098247528,
  "return_20d": 0.019043751060962677,
  "usd_index_low": 0.018380815163254738,
  "rsi_14": 0.018320446833968163,
  "vix_close": 0.018220065161585808,
  "return_5d": 0.017745329067111015,
  "volatility_5": 0.01771492138504982,
  "sma_50": 0.017629096284508705,
  "volume_ratio": 0.01753854565322399
}