{
  "vix_high": 0.03485581651329994,
  "bb_upper": 0.025342730805277824,
  "xlf_high": 0.024481814354658127,
  "volume_ratio": 0.024341972544789314,
  "treasury_10y_low": 0.02324272133409977,
  "vix_close": 0.022890478372573853,
  "usd_index_low": 0.021862633526325226,
  "yield_change": 0.021839985623955727,
  "rsi_14": 0.021618615835905075,
  "xlk_open": 0.020666075870394707,
  "return_1d": 0.020380079746246338,
  "sma_50": 0.020170800387859344,
  "xle_high": 0.019673701375722885,
  "xlf_open": 0.019408956170082092,
  "sma_200": 0.01804978772997856,
  "stoch_d": 0.018025314435362816,
  "bb_lower": 0.017940843477845192,
  "ema_200": 0.017838163301348686,
  "volatility_5": 0.01726730540394783,
  "macd_diff": 0.016993986442685127
}