{
  "xle_low": 0.07705619931221008,
  "ema_200": 0.054671354591846466,
  "usd_index_low": 0.052452586591243744,
  "ema_10": 0.04633735865354538,
  "xlk_close": 0.03872169926762581,
  "vix_sma_10": 0.03613882511854172,
  "xle_close": 0.034611333161592484,
  "xlf_high": 0.033271949738264084,
  "sma_200": 0.02899337187409401,
  "sma_10": 0.026532715186476707,
  "sma_50": 0.025520380586385727,
  "ema_50": 0.025001484900712967,
  "volatility_20": 0.023386826738715172,
  "macd": 0.021735744550824165,
  "volume_sma_20": 0.021385231986641884,
  "usd_index_open": 0.02023203670978546,
  "sma_20": 0.019118191674351692,
  "xlk_high": 0.01795874908566475,
  "usd_index_close": 0.017480991780757904,
  "ema_20": 0.017338739708065987
}