{
  "vix_high": 0.031872984021902084,
  "bb_upper": 0.029177233576774597,
  "xlk_open": 0.025469228625297546,
  "volume_ratio": 0.025393551215529442,
  "yield_change": 0.024881305173039436,
  "xlf_high": 0.024431418627500534,
  "sma_50": 0.023630792275071144,
  "ema_200": 0.023111041635274887,
  "vix_close": 0.022451335564255714,
  "rsi_14": 0.022216705605387688,
  "treasury_10y_low": 0.022079570218920708,
  "usd_index_low": 0.021514764055609703,
  "return_1d": 0.02052086405456066,
  "bb_pct": 0.020030999556183815,
  "bb_lower": 0.019583484157919884,
  "xle_high": 0.019272515550255775,
  "macd_diff": 0.01812829077243805,
  "vix_open": 0.01802653819322586,
  "xlf_low": 0.017903801053762436,
  "volatility_5": 0.01729707419872284
}