{
  "xle_low": 0.10289216786623001,
  "ema_200": 0.056308045983314514,
  "usd_index_close": 0.03751574829220772,
  "xle_open": 0.036649055778980255,
  "volume_sma_20": 0.03506030887365341,
  "sma_200": 0.034897029399871826,
  "ema_10": 0.03478309512138367,
  "usd_index_low": 0.029393061995506287,
  "xle_close": 0.027830488979816437,
  "ema_20": 0.025829413905739784,
  "usd_index_high": 0.024825163185596466,
  "xlk_close": 0.02469511143863201,
  "vix_sma_10": 0.02190917544066906,
  "sma_20": 0.021771876141428947,
  "atr_14": 0.020710647106170654,
  "macd": 0.020483143627643585,
  "bb_lower": 0.01968972012400627,
  "treasury_10y_high": 0.019593119621276855,
  "volatility_20": 0.017516080290079117,
  "ema_50": 0.01708480343222618
}