{
  "xle_open": 0.044131286442279816,
  "sma_50": 0.037385016679763794,
  "volatility_5": 0.03393574431538582,
  "bb_upper": 0.031719282269477844,
  "sma_200": 0.030957456678152084,
  "ema_200": 0.028333526104688644,
  "volume_ratio": 0.026894986629486084,
  "usd_index_high": 0.026151670143008232,
  "ema_50": 0.025242911651730537,
  "xle_high": 0.024824852123856544,
  "ema_20": 0.02475215122103691,
  "macd_signal": 0.02423914708197117,
  "vix_sma_10": 0.022800752893090248,
  "ema_10": 0.02213786356151104,
  "xlf_high": 0.021838180720806122,
  "usd_index_low": 0.017917867749929428,
  "vix_low": 0.01702730916440487,
  "atr_14": 0.016943762078881264,
  "sma_10": 0.016565779224038124,
  "rsi_14": 0.016521478071808815
}