{
  "bb_upper": 0.034524381160736084,
  "xlk_low": 0.028054747730493546,
  "vix_high": 0.027376919984817505,
  "sma_200": 0.02431647665798664,
  "vix_open": 0.023493388667702675,
  "usd_index_low": 0.02339072898030281,
  "yield_change": 0.023192450404167175,
  "vix_low": 0.022424081340432167,
  "treasury_10y_low": 0.021958915516734123,
  "macd_diff": 0.019821608439087868,
  "return_1d": 0.019747212529182434,
  "xlk_high": 0.019031401723623276,
  "return_5d": 0.01889886148273945,
  "treasury_10y_open": 0.018894176930189133,
  "ema_200": 0.018491843715310097,
  "return_20d": 0.018178172409534454,
  "xle_high": 0.017827315255999565,
  "volume_ratio": 0.017798515036702156,
  "vix_close": 0.01718832738697529,
  "sma_10": 0.01684213988482952
}