{
  "ema_50": 0.04130314663052559,
  "sma_10": 0.039986103773117065,
  "xle_high": 0.03797328844666481,
  "volatility_5": 0.037362221628427505,
  "xle_open": 0.029594073072075844,
  "ema_200": 0.02957579493522644,
  "bb_upper": 0.0295091699808836,
  "usd_index_high": 0.027491603046655655,
  "xlk_high": 0.026884546503424644,
  "ema_10": 0.025448884814977646,
  "sma_200": 0.02508220449090004,
  "sma_50": 0.024694813415408134,
  "macd_signal": 0.0223219096660614,
  "vix_sma_10": 0.021637653931975365,
  "xle_low": 0.020760269835591316,
  "xlk_low": 0.0202016718685627,
  "xlf_high": 0.01852289028465748,
  "usd_index_low": 0.01848265901207924,
  "ema_20": 0.016614368185400963,
  "volume_sma_20": 0.01656494103372097
}