{
  "vix_high": 0.027578888460993767,
  "xle_open": 0.025828946381807327,
  "yield_change": 0.02459053136408329,
  "xlf_open": 0.02345530316233635,
  "sma_200": 0.023137658834457397,
  "bb_lower": 0.022772055119276047,
  "treasury_10y_low": 0.022683463990688324,
  "vix_low": 0.02254844456911087,
  "volatility_5": 0.020535148680210114,
  "return_1d": 0.020253986120224,
  "sma_10": 0.020168988034129143,
  "vix_close": 0.019769927486777306,
  "xle_high": 0.019653860479593277,
  "ema_200": 0.01959824003279209,
  "xlk_high": 0.019121414050459862,
  "bb_upper": 0.01895655319094658,
  "usd_index_low": 0.01883086934685707,
  "vix_open": 0.0186772458255291,
  "xlk_low": 0.017533471807837486,
  "xlk_close": 0.017000867053866386
}