{
  "xle_open": 0.04772481694817543,
  "volatility_5": 0.040415722876787186,
  "sma_200": 0.038506168872117996,
  "bb_upper": 0.03044189140200615,
  "xlf_high": 0.030073650181293488,
  "ema_10": 0.02899353578686714,
  "ema_200": 0.028152164071798325,
  "sma_50": 0.027790648862719536,
  "ema_50": 0.02714431844651699,
  "usd_index_low": 0.0260656476020813,
  "macd_signal": 0.025191528722643852,
  "vix_sma_10": 0.022567667067050934,
  "usd_index_high": 0.02137063629925251,
  "sma_10": 0.019580937922000885,
  "xlf_low": 0.018865633755922318,
  "xlf_rel_strength": 0.018758073449134827,
  "xlk_low": 0.018559154123067856,
  "volume_ratio": 0.018279453739523888,
  "ema_20": 0.018210848793387413,
  "vix_high": 0.016182677820324898
}