{
  "xle_open": 0.04594101384282112,
  "volatility_5": 0.03935273736715317,
  "ema_200": 0.03807680308818817,
  "sma_50": 0.032187141478061676,
  "sma_200": 0.03135855495929718,
  "usd_index_high": 0.029441166669130325,
  "xlf_high": 0.028257125988602638,
  "macd_signal": 0.026130815967917442,
  "sma_10": 0.025609012693166733,
  "bb_upper": 0.02537062205374241,
  "ema_20": 0.025029413402080536,
  "usd_index_low": 0.024434920400381088,
  "vix_sma_10": 0.022079266607761383,
  "ema_50": 0.021087361499667168,
  "volume_ratio": 0.01961256004869938,
  "ema_10": 0.019355492666363716,
  "vix_low": 0.017383163794875145,
  "treasury_10y_open": 0.016935821622610092,
  "xle_high": 0.016604918986558914,
  "sma_20": 0.016470689326524734
}