{
  "xle_low": 0.07790637016296387,
  "ema_200": 0.065302774310112,
  "usd_index_low": 0.04776563495397568,
  "ema_10": 0.04449331387877464,
  "xle_close": 0.04202305153012276,
  "sma_200": 0.03894916921854019,
  "usd_index_high": 0.03828393295407295,
  "xlk_close": 0.02880198508501053,
  "ema_50": 0.026957092806696892,
  "ema_20": 0.026482533663511276,
  "xlf_low": 0.02623562514781952,
  "vix_sma_10": 0.02551058866083622,
  "volume_sma_20": 0.024267591536045074,
  "macd": 0.022337531670928,
  "atr_14": 0.02186841331422329,
  "sma_20": 0.021653812378644943,
  "treasury_10y_open": 0.01992904767394066,
  "macd_diff": 0.018923886120319366,
  "treasury_10y_close": 0.018527720123529434,
  "macd_signal": 0.018267657607793808
}