{
  "sma_50": 0.0439089834690094,
  "volatility_5": 0.03755854070186615,
  "xle_open": 0.03423465043306351,
  "sma_200": 0.03400124981999397,
  "ema_50": 0.029423363506793976,
  "ema_200": 0.029406310990452766,
  "xlf_high": 0.02692713402211666,
  "xle_high": 0.02678464911878109,
  "bb_upper": 0.025671906769275665,
  "usd_index_low": 0.025283560156822205,
  "macd_signal": 0.024125440046191216,
  "xlk_low": 0.023231152445077896,
  "xlf_open": 0.020704232156276703,
  "sma_10": 0.02069251239299774,
  "vix_sma_10": 0.020534703508019447,
  "usd_index_high": 0.019533755257725716,
  "xle_low": 0.018739541992545128,
  "volume_ratio": 0.018082240596413612,
  "treasury_10y_open": 0.017312977463006973,
  "xlf_rel_strength": 0.016511213034391403
}