{
  "xle_low": 0.07500322163105011,
  "xlk_close": 0.056964706629514694,
  "ema_10": 0.05350470170378685,
  "ema_200": 0.04445470869541168,
  "sma_200": 0.034729041159152985,
  "usd_index_low": 0.03145637735724449,
  "vix_sma_10": 0.03110060840845108,
  "usd_index_open": 0.030957525596022606,
  "sma_50": 0.03013264387845993,
  "usd_index_close": 0.027002235874533653,
  "ema_20": 0.024279039353132248,
  "sma_20": 0.023564152419567108,
  "volatility_20": 0.021756049245595932,
  "macd": 0.02151753008365631,
  "volume_sma_20": 0.021217040717601776,
  "xlf_close": 0.0207844115793705,
  "xle_close": 0.02036423608660698,
  "sma_10": 0.019522588700056076,
  "xlf_high": 0.019202547147870064,
  "treasury_10y_high": 0.018348535522818565
}