{
  "xle_low": 0.07443302869796753,
  "ema_200": 0.05373286083340645,
  "ema_10": 0.049322329461574554,
  "sma_200": 0.045022979378700256,
  "usd_index_low": 0.039038583636283875,
  "vix_sma_10": 0.037878792732954025,
  "sma_50": 0.028643561527132988,
  "usd_index_open": 0.026687653735280037,
  "xle_close": 0.02538694441318512,
  "sma_10": 0.024937480688095093,
  "ema_20": 0.023886138573288918,
  "treasury_10y_high": 0.022468458861112595,
  "xlk_close": 0.021849477663636208,
  "macd": 0.021685564890503883,
  "volume_sma_20": 0.021078545600175858,
  "ema_50": 0.021078500896692276,
  "treasury_10y_open": 0.020944176241755486,
  "xlf_close": 0.020485982298851013,
  "bb_upper": 0.020465673878788948,
  "usd_index_close": 0.019883960485458374
}