{
  "sma_50": 0.03828147053718567,
  "volatility_5": 0.03739311173558235,
  "xle_open": 0.03697212412953377,
  "ema_200": 0.03490512818098068,
  "xle_high": 0.03478379547595978,
  "sma_200": 0.029876016080379486,
  "usd_index_high": 0.027242859825491905,
  "bb_upper": 0.026177285239100456,
  "xlf_high": 0.025056535378098488,
  "volume_ratio": 0.02386174537241459,
  "macd_signal": 0.02297436259686947,
  "vix_sma_10": 0.022476671263575554,
  "sma_20": 0.022064056247472763,
  "ema_10": 0.0219118669629097,
  "xle_low": 0.019833190366625786,
  "treasury_10y_open": 0.019785284996032715,
  "ema_50": 0.019781768321990967,
  "usd_index_low": 0.019579045474529266,
  "ema_20": 0.017439767718315125,
  "xlk_high": 0.016771219670772552
}