{
  "xle_low": 0.08478527516126633,
  "ema_200": 0.05654159560799599,
  "usd_index_low": 0.03570739924907684,
  "sma_200": 0.034661732614040375,
  "volume_sma_20": 0.0324428528547287,
  "xle_high": 0.031304147094488144,
  "xle_close": 0.03113539330661297,
  "ema_10": 0.029708117246627808,
  "usd_index_close": 0.029000399634242058,
  "vix_sma_10": 0.02604849450290203,
  "usd_index_open": 0.025686541572213173,
  "xlk_high": 0.025018325075507164,
  "ema_50": 0.0249130018055439,
  "macd": 0.02383919060230255,
  "xlk_close": 0.0230728592723608,
  "bb_lower": 0.022996531799435616,
  "usd_index_high": 0.021754348650574684,
  "sma_50": 0.019673507660627365,
  "xlf_low": 0.0192866213619709,
  "macd_diff": 0.01828872039914131
}