{
  "volatility_5": 0.04233710095286369,
  "xle_open": 0.04186773672699928,
  "xlf_high": 0.03619392216205597,
  "ema_200": 0.033350907266139984,
  "ema_50": 0.03073851577937603,
  "sma_200": 0.029766125604510307,
  "usd_index_high": 0.02703840285539627,
  "sma_50": 0.02671545371413231,
  "bb_upper": 0.02608891949057579,
  "sma_10": 0.024015657603740692,
  "vix_sma_10": 0.023253852501511574,
  "macd_signal": 0.023097382858395576,
  "usd_index_low": 0.022097337990999222,
  "xlk_high": 0.021078338846564293,
  "volume_ratio": 0.02000890113413334,
  "treasury_10y_open": 0.018643314018845558,
  "xlf_low": 0.01798173412680626,
  "xlf_rel_strength": 0.016563288867473602,
  "volume_sma_20": 0.016362719237804413,
  "treasury_10y_low": 0.016286233440041542
}