{
  "ema_200": 0.06454820185899734,
  "usd_index_low": 0.055994465947151184,
  "xle_low": 0.04717213287949562,
  "vix_sma_10": 0.04321885108947754,
  "sma_200": 0.04214341565966606,
  "treasury_10y_close": 0.0383225679397583,
  "usd_index_close": 0.033673834055662155,
  "sma_20": 0.02813837118446827,
  "xle_close": 0.026784559711813927,
  "usd_index_high": 0.02616744488477707,
  "volume_sma_20": 0.025941388681530952,
  "macd": 0.02549917995929718,
  "treasury_10y_high": 0.02477727271616459,
  "ema_20": 0.02251199446618557,
  "xlk_low": 0.02103072591125965,
  "volatility_20": 0.017866825684905052,
  "xlf_open": 0.01739976741373539,
  "sma_10": 0.016716603189706802,
  "ema_10": 0.01661471277475357,
  "macd_signal": 0.016112495213747025
}