{
  "vix_high": 0.02938915602862835,
  "vix_low": 0.028047019615769386,
  "sma_200": 0.027832141146063805,
  "xle_open": 0.02340865507721901,
  "yield_change": 0.02314760349690914,
  "treasury_10y_open": 0.021715205162763596,
  "xlk_low": 0.021354589611291885,
  "ema_200": 0.02097316086292267,
  "treasury_10y_low": 0.020474394783377647,
  "xle_high": 0.02010348066687584,
  "bb_upper": 0.01992967166006565,
  "xlk_close": 0.019518490880727768,
  "return_1d": 0.01921081729233265,
  "bb_width": 0.019083386287093163,
  "bb_lower": 0.01879548840224743,
  "vix_close": 0.01878318563103676,
  "volatility_5": 0.01877165399491787,
  "volume_ratio": 0.018754659220576286,
  "rsi_14": 0.01806757040321827,
  "vix_open": 0.01747581921517849
}