{
  "xle_low": 0.07188121229410172,
  "ema_200": 0.05763185769319534,
  "sma_200": 0.0412583127617836,
  "ema_10": 0.0402105376124382,
  "xlk_close": 0.03826114162802696,
  "vix_sma_10": 0.029667137190699577,
  "xle_close": 0.028219103813171387,
  "volume_sma_20": 0.02804306335747242,
  "bb_lower": 0.027841564267873764,
  "usd_index_close": 0.027462737634778023,
  "usd_index_high": 0.027212629094719887,
  "usd_index_low": 0.02622067742049694,
  "usd_index_open": 0.025867799296975136,
  "volatility_20": 0.02278916724026203,
  "treasury_10y_high": 0.02241652086377144,
  "macd": 0.021863656118512154,
  "sma_20": 0.020842546597123146,
  "macd_signal": 0.020621033385396004,
  "sma_50": 0.020283633843064308,
  "macd_diff": 0.019297556951642036
}