{
  "vix_high": 0.030213238671422005,
  "volume_ratio": 0.026686370372772217,
  "sma_50": 0.026217913255095482,
  "treasury_10y_low": 0.02328065223991871,
  "sma_200": 0.022883864119648933,
  "bb_lower": 0.022583918645977974,
  "yield_change": 0.022269364446401596,
  "usd_index_high": 0.022036029025912285,
  "ema_200": 0.021224789321422577,
  "rsi_14": 0.021109992638230324,
  "return_1d": 0.02068510092794895,
  "vix_close": 0.0200444757938385,
  "xlk_open": 0.019682591781020164,
  "vix_open": 0.01936466433107853,
  "ema_20": 0.019194085150957108,
  "bb_pct": 0.019067788496613503,
  "xlf_rel_strength": 0.01894879899919033,
  "xle_high": 0.018873050808906555,
  "macd_signal": 0.018476303666830063,
  "volatility_5": 0.018137751147150993
}