{
  "xle_low": 0.07031384110450745,
  "ema_200": 0.060634538531303406,
  "usd_index_low": 0.042727384716272354,
  "xle_close": 0.0405607745051384,
  "sma_200": 0.038925401866436005,
  "usd_index_open": 0.03228788822889328,
  "xlk_close": 0.030254248529672623,
  "ema_10": 0.030041391029953957,
  "volume_sma_20": 0.028644554316997528,
  "sma_10": 0.027310743927955627,
  "xlf_high": 0.027278916910290718,
  "vix_sma_10": 0.02718706615269184,
  "ema_50": 0.025719506666064262,
  "macd": 0.02125200815498829,
  "xlk_high": 0.019412195309996605,
  "usd_index_high": 0.018547268584370613,
  "macd_diff": 0.01854143664240837,
  "sma_20": 0.01812770776450634,
  "sma_50": 0.017946401610970497,
  "usd_index_close": 0.016863549128174782
}