{
  "sma_200": 0.03244936093688011,
  "vix_high": 0.03152700513601303,
  "treasury_10y_low": 0.026654882356524467,
  "bb_lower": 0.024401890113949776,
  "vix_low": 0.024074681103229523,
  "vix_close": 0.0227127056568861,
  "usd_index_low": 0.022558758035302162,
  "yield_change": 0.02249797247350216,
  "usd_index_open": 0.022380731999874115,
  "rsi_14": 0.02219361811876297,
  "bb_pct": 0.021308809518814087,
  "return_1d": 0.02092808112502098,
  "usd_index_high": 0.019521433860063553,
  "treasury_10y_open": 0.018734173849225044,
  "vix_change": 0.017557410523295403,
  "volatility_5": 0.017135120928287506,
  "xle_volume": 0.01678510196506977,
  "return_10d": 0.016483832150697708,
  "volatility_20": 0.01645982265472412,
  "xle_close": 0.016294710338115692
}