{
  "xle_open": 0.051114343106746674,
  "volatility_5": 0.03423387557268143,
  "sma_50": 0.033052895218133926,
  "sma_200": 0.03167135640978813,
  "bb_upper": 0.03009924665093422,
  "usd_index_high": 0.02957700565457344,
  "ema_200": 0.029357323423027992,
  "ema_50": 0.02702460251748562,
  "usd_index_low": 0.025980304926633835,
  "vix_sma_10": 0.024055374786257744,
  "volume_ratio": 0.023741019889712334,
  "ema_20": 0.023680303245782852,
  "xle_high": 0.023574348539114,
  "macd_signal": 0.021887145936489105,
  "xle_low": 0.019589778035879135,
  "sma_10": 0.0195592250674963,
  "xlk_open": 0.019157802686095238,
  "rsi_14": 0.018297715112566948,
  "xlf_high": 0.017642894759774208,
  "sma_20": 0.017586201429367065
}