{
  "ema_50": 0.07226783782243729,
  "xle_open": 0.04166029766201973,
  "ema_200": 0.036039240658283234,
  "sma_200": 0.03527461737394333,
  "volatility_5": 0.032839585095644,
  "usd_index_low": 0.028688594698905945,
  "bb_upper": 0.02853230945765972,
  "vix_sma_10": 0.024780364707112312,
  "sma_10": 0.024545758962631226,
  "xlf_high": 0.02418965846300125,
  "macd_signal": 0.02234611101448536,
  "ema_10": 0.021667877212166786,
  "vix_high": 0.02130873128771782,
  "sma_50": 0.02122713066637516,
  "usd_index_high": 0.020680414512753487,
  "xlf_low": 0.019666433334350586,
  "xlf_open": 0.018004821613430977,
  "volume_ratio": 0.01788032241165638,
  "sma_20": 0.017834117636084557,
  "xlk_high": 0.016800953075289726
}