{
  "vix_high": 0.029403937980532646,
  "vix_low": 0.02806112729012966,
  "sma_200": 0.027846140787005424,
  "xle_open": 0.0234204288572073,
  "yield_change": 0.023159245029091835,
  "treasury_10y_open": 0.021726127713918686,
  "xlk_low": 0.0213653314858675,
  "ema_200": 0.020983710885047913,
  "treasury_10y_low": 0.020484693348407745,
  "xle_high": 0.020113592967391014,
  "bb_upper": 0.019939694553613663,
  "xlk_close": 0.019528308883309364,
  "return_1d": 0.01922048069536686,
  "bb_width": 0.01909298449754715,
  "bb_lower": 0.018804941326379776,
  "vix_close": 0.018792632967233658,
  "volatility_5": 0.01878109574317932,
  "volume_ratio": 0.01876409351825714,
  "rsi_14": 0.018076658248901367,
  "vix_open": 0.01748461090028286
}