{
  "vix_high": 0.03657788410782814,
  "treasury_10y_low": 0.02926633134484291,
  "sma_200": 0.026982024312019348,
  "vix_open": 0.02628447115421295,
  "rsi_14": 0.025842120870947838,
  "yield_change": 0.02368941903114319,
  "volume_ratio": 0.02303890511393547,
  "xle_high": 0.02265876904129982,
  "bb_lower": 0.02261330932378769,
  "usd_index_high": 0.02147575281560421,
  "volatility_5": 0.021212514489889145,
  "macd_signal": 0.02090657688677311,
  "ema_200": 0.020833037793636322,
  "return_1d": 0.020750215277075768,
  "xlk_low": 0.019877342507243156,
  "bb_upper": 0.019540799781680107,
  "vix_close": 0.01880183443427086,
  "xlk_open": 0.01793704181909561,
  "return_5d": 0.017595749348402023,
  "return_10d": 0.017313547432422638
}