{
  "xle_low": 0.07554526627063751,
  "ema_10": 0.06898517906665802,
  "usd_index_low": 0.0490909069776535,
  "ema_200": 0.048853613436222076,
  "sma_200": 0.040935445576906204,
  "sma_50": 0.0364292711019516,
  "usd_index_open": 0.030271165072917938,
  "xlf_low": 0.028534090146422386,
  "vix_sma_10": 0.028115805238485336,
  "xlf_high": 0.02543969638645649,
  "ema_50": 0.02497711591422558,
  "xle_close": 0.02491629682481289,
  "ema_20": 0.022249480709433556,
  "macd": 0.02087407559156418,
  "sma_20": 0.02068459242582321,
  "usd_index_close": 0.020037958398461342,
  "volume_sma_20": 0.01918160915374756,
  "bb_width": 0.017132366076111794,
  "vix_close": 0.01697419583797455,
  "bb_lower": 0.016556784510612488
}