{
  "xle_open": 0.05158703029155731,
  "sma_50": 0.04445565491914749,
  "volatility_5": 0.03798681125044823,
  "ema_200": 0.03420574218034744,
  "sma_200": 0.027879035100340843,
  "bb_upper": 0.027868812903761864,
  "usd_index_high": 0.02742099016904831,
  "macd_signal": 0.02651936560869217,
  "ema_50": 0.024742284789681435,
  "xlf_high": 0.02254592254757881,
  "vix_sma_10": 0.021120905876159668,
  "usd_index_low": 0.020668944343924522,
  "ema_10": 0.020654667168855667,
  "sma_10": 0.019245998933911324,
  "xlk_low": 0.019161401316523552,
  "volume_ratio": 0.019017400220036507,
  "xlf_rel_strength": 0.018763596192002296,
  "rsi_14": 0.01737302541732788,
  "ema_20": 0.01722848415374756,
  "xlk_open": 0.016897214576601982
}