{
  "sma_200": 0.0317872129380703,
  "vix_high": 0.02910161390900612,
  "vix_low": 0.02526777610182762,
  "bb_upper": 0.025017596781253815,
  "bb_lower": 0.02233663946390152,
  "yield_change": 0.022291313856840134,
  "vix_close": 0.022081825882196426,
  "usd_index_low": 0.02140546590089798,
  "treasury_10y_open": 0.021102583035826683,
  "xle_open": 0.019393036141991615,
  "return_5d": 0.019334515556693077,
  "bb_pct": 0.019129902124404907,
  "return_1d": 0.019077565521001816,
  "volume_ratio": 0.01880285143852234,
  "ema_200": 0.01845673844218254,
  "vix_open": 0.018381908535957336,
  "treasury_10y_low": 0.017763126641511917,
  "ema_10": 0.017643656581640244,
  "vix_change": 0.017495496198534966,
  "xlk_low": 0.01746065728366375
}