{
  "xle_open": 0.04590538516640663,
  "ema_200": 0.04050777480006218,
  "volatility_5": 0.03789600357413292,
  "usd_index_high": 0.033521559089422226,
  "sma_200": 0.03161522373557091,
  "xlf_high": 0.027331028133630753,
  "sma_50": 0.025751395151019096,
  "bb_upper": 0.024655189365148544,
  "ema_50": 0.024299897253513336,
  "macd_signal": 0.024053407832980156,
  "xle_high": 0.02295968122780323,
  "volume_ratio": 0.022120384499430656,
  "ema_20": 0.021983901038765907,
  "vix_sma_10": 0.021529588848352432,
  "ema_10": 0.0209976676851511,
  "sma_10": 0.020334474742412567,
  "treasury_10y_open": 0.017846088856458664,
  "xlk_high": 0.01712551899254322,
  "volatility_20": 0.01677565462887287,
  "atr_14": 0.01634930819272995
}