{
  "xle_low": 0.0721437856554985,
  "ema_200": 0.06050572916865349,
  "sma_50": 0.04802059754729271,
  "ema_10": 0.04308526590466499,
  "vix_sma_10": 0.04180465638637543,
  "sma_200": 0.03945782035589218,
  "usd_index_low": 0.0322861410677433,
  "usd_index_open": 0.028742654249072075,
  "xle_close": 0.028345312923192978,
  "xlf_low": 0.026364164426922798,
  "xlk_close": 0.025263255462050438,
  "sma_20": 0.021260052919387817,
  "volatility_20": 0.021173132583498955,
  "ema_50": 0.02057061344385147,
  "xlf_high": 0.019719718024134636,
  "macd": 0.01952236331999302,
  "usd_index_close": 0.019157880917191505,
  "sma_10": 0.01785297505557537,
  "ema_20": 0.017325254157185555,
  "macd_diff": 0.016661014407873154
}