{
  "xle_high": 0.05274104326963425,
  "sma_10": 0.03851404786109924,
  "ema_50": 0.03842011094093323,
  "volatility_5": 0.03720882534980774,
  "xle_open": 0.03492540493607521,
  "ema_200": 0.03466147556900978,
  "sma_200": 0.0313054621219635,
  "bb_upper": 0.027129970490932465,
  "xlk_high": 0.026181576773524284,
  "xlf_high": 0.02418840304017067,
  "usd_index_low": 0.024174977093935013,
  "macd_signal": 0.023390617221593857,
  "usd_index_high": 0.02085421048104763,
  "xlk_low": 0.01945474185049534,
  "ema_20": 0.019126800820231438,
  "sma_20": 0.018789153546094894,
  "ema_10": 0.018714910373091698,
  "treasury_10y_open": 0.018502917140722275,
  "vix_sma_10": 0.01723829284310341,
  "sma_50": 0.01704145222902298
}