{
  "xle_low": 0.09756964445114136,
  "ema_200": 0.0528668649494648,
  "sma_200": 0.045759305357933044,
  "usd_index_low": 0.03814179450273514,
  "volume_sma_20": 0.03451891988515854,
  "usd_index_close": 0.03251146152615547,
  "ema_10": 0.030673310160636902,
  "ema_50": 0.029077578336000443,
  "xlf_high": 0.028840448707342148,
  "xle_close": 0.02785283699631691,
  "xlk_low": 0.026400644332170486,
  "macd": 0.024408649653196335,
  "vix_sma_10": 0.02393162250518799,
  "usd_index_open": 0.022867310792207718,
  "atr_14": 0.021111810579895973,
  "xlf_open": 0.019642824307084084,
  "bb_upper": 0.01799611747264862,
  "treasury_10y_high": 0.017485378310084343,
  "sma_50": 0.016948692500591278,
  "macd_signal": 0.01689242757856846
}