{
  "xle_open": 0.043665558099746704,
  "volatility_5": 0.03747780621051788,
  "sma_50": 0.032912421971559525,
  "ema_200": 0.031817782670259476,
  "xle_high": 0.03147349879145622,
  "usd_index_high": 0.031179185956716537,
  "sma_200": 0.028833184391260147,
  "volume_ratio": 0.02780868671834469,
  "vix_sma_10": 0.026517916470766068,
  "xlf_high": 0.025575220584869385,
  "macd_signal": 0.024459607899188995,
  "ema_50": 0.022295592352747917,
  "ema_20": 0.022252140566706657,
  "sma_10": 0.019507139921188354,
  "xlk_open": 0.01847239024937153,
  "usd_index_low": 0.018336931243538857,
  "bb_upper": 0.017841769382357597,
  "bb_lower": 0.01758146844804287,
  "xlf_rel_strength": 0.01731865294277668,
  "ema_10": 0.017055734992027283
}