{
  "xle_low": 0.0921885222196579,
  "ema_200": 0.04968307167291641,
  "xle_close": 0.04839082062244415,
  "xlk_close": 0.04682336002588272,
  "sma_200": 0.03431827574968338,
  "xlf_high": 0.0324665792286396,
  "usd_index_open": 0.03043762780725956,
  "vix_sma_10": 0.029291238635778427,
  "usd_index_low": 0.026031071320176125,
  "volume_sma_20": 0.024405496194958687,
  "ema_20": 0.023009121417999268,
  "usd_index_high": 0.022626889869570732,
  "sma_10": 0.022327376529574394,
  "bb_upper": 0.022033097222447395,
  "ema_10": 0.02034727856516838,
  "sma_50": 0.0200654324144125,
  "macd": 0.01953267864882946,
  "macd_signal": 0.01912798546254635,
  "usd_index_close": 0.01883130893111229,
  "xlk_high": 0.01805138774216175
}