{
  "vix_high": 0.026619110256433487,
  "ema_50": 0.026578834280371666,
  "xlf_high": 0.026291709393262863,
  "vix_low": 0.02509203366935253,
  "usd_index_low": 0.024985095486044884,
  "bb_upper": 0.023552723228931427,
  "xlf_open": 0.023548629134893417,
  "sma_200": 0.023194700479507446,
  "yield_change": 0.02120952121913433,
  "xlk_low": 0.020857661962509155,
  "treasury_10y_open": 0.020104287192225456,
  "vix_close": 0.019582679495215416,
  "bb_lower": 0.019221916794776917,
  "volatility_5": 0.019081370905041695,
  "return_1d": 0.018425364047288895,
  "rsi_14": 0.01768445037305355,
  "return_20d": 0.017351530492305756,
  "xlf_rel_strength": 0.017224792391061783,
  "xlk_high": 0.017115294933319092,
  "treasury_10y_low": 0.01654994860291481
}