{
  "xle_low": 0.08688337355852127,
  "ema_10": 0.04878998175263405,
  "sma_200": 0.042370837181806564,
  "ema_200": 0.04232984036207199,
  "usd_index_close": 0.04062020778656006,
  "xlk_close": 0.03759871795773506,
  "xle_close": 0.032045841217041016,
  "vix_sma_10": 0.03140053153038025,
  "volume_sma_20": 0.024920474737882614,
  "ema_20": 0.02416987717151642,
  "usd_index_low": 0.02267073094844818,
  "bb_lower": 0.02213446795940399,
  "macd": 0.02198466658592224,
  "xle_open": 0.021772267296910286,
  "xlk_low": 0.020708445459604263,
  "sma_20": 0.02028038538992405,
  "vix_high": 0.019993891939520836,
  "sma_10": 0.019854912534356117,
  "usd_index_high": 0.018976042047142982,
  "macd_diff": 0.018163099884986877
}