{
  "xle_high": 0.05339471995830536,
  "sma_10": 0.04309792071580887,
  "volatility_5": 0.041443731635808945,
  "ema_20": 0.036958515644073486,
  "ema_200": 0.03414652496576309,
  "sma_50": 0.029112262651324272,
  "usd_index_high": 0.026908211410045624,
  "xlk_high": 0.022889811545610428,
  "vix_sma_10": 0.022313488647341728,
  "treasury_10y_open": 0.022278588265180588,
  "macd_signal": 0.022205784916877747,
  "bb_upper": 0.02175387553870678,
  "xle_open": 0.02119402587413788,
  "xlf_open": 0.020833207294344902,
  "sma_200": 0.020511019974946976,
  "ema_50": 0.020324088633060455,
  "usd_index_low": 0.01859493926167488,
  "vix_low": 0.016935331746935844,
  "rsi_14": 0.016420409083366394,
  "return_5d": 0.016163954511284828
}