{
  "xle_low": 0.08451276272535324,
  "ema_200": 0.0469701811671257,
  "ema_10": 0.04575686901807785,
  "sma_200": 0.03973890095949173,
  "xle_open": 0.0373605452477932,
  "usd_index_low": 0.036397673189640045,
  "xle_close": 0.03605009987950325,
  "xlk_close": 0.03122231923043728,
  "volume_sma_20": 0.030715160071849823,
  "usd_index_close": 0.02969481609761715,
  "vix_sma_10": 0.028624873608350754,
  "bb_lower": 0.025496670976281166,
  "macd_diff": 0.023136278614401817,
  "atr_14": 0.022262897342443466,
  "vix_high": 0.02101515419781208,
  "usd_index_high": 0.020731700584292412,
  "ema_20": 0.020224224776029587,
  "sma_20": 0.01988021843135357,
  "xlk_low": 0.01985061541199684,
  "xlk_high": 0.01893819309771061
}