{
  "ema_200": 0.059586357325315475,
  "xle_low": 0.05893024429678917,
  "usd_index_low": 0.055984802544116974,
  "ema_10": 0.050232574343681335,
  "vix_sma_10": 0.037534769624471664,
  "xle_close": 0.036912158131599426,
  "sma_200": 0.03556332737207413,
  "xlk_close": 0.03348954766988754,
  "volume_sma_20": 0.029061472043395042,
  "xlf_high": 0.026160433888435364,
  "sma_50": 0.02299790270626545,
  "usd_index_open": 0.022847693413496017,
  "macd_diff": 0.022665314376354218,
  "xlf_low": 0.022137805819511414,
  "ema_50": 0.020963303744792938,
  "macd": 0.020299032330513,
  "sma_20": 0.018684349954128265,
  "ema_20": 0.018464917317032814,
  "bb_upper": 0.01816585287451744,
  "macd_signal": 0.01741357333958149
}