{
  "bb_upper": 0.03368319943547249,
  "sma_10": 0.027423657476902008,
  "vix_high": 0.02693100832402706,
  "vix_low": 0.025322429835796356,
  "sma_200": 0.024685990065336227,
  "vix_open": 0.022815968841314316,
  "xlf_open": 0.022224027663469315,
  "yield_change": 0.021712390705943108,
  "vix_close": 0.021317152306437492,
  "bb_lower": 0.021139035001397133,
  "xlk_high": 0.019499322399497032,
  "ema_10": 0.019206613302230835,
  "ema_200": 0.01803073287010193,
  "return_1d": 0.01795317605137825,
  "usd_index_low": 0.01756058633327484,
  "treasury_10y_open": 0.017363855615258217,
  "volume_sma_20": 0.017280789092183113,
  "return_5d": 0.01713850535452366,
  "volume_ratio": 0.01701653003692627,
  "vix_change": 0.016944922506809235
}