{
  "xle_low": 0.06653648614883423,
  "ema_200": 0.050394900143146515,
  "ema_10": 0.04186079278588295,
  "sma_10": 0.0402836836874485,
  "sma_200": 0.03832314535975456,
  "usd_index_low": 0.03737369179725647,
  "xle_close": 0.030549686402082443,
  "bb_upper": 0.030018918216228485,
  "vix_sma_10": 0.02768908627331257,
  "xlk_close": 0.026507167145609856,
  "ema_50": 0.02570062130689621,
  "usd_index_high": 0.023533491417765617,
  "xlf_high": 0.022846313193440437,
  "volatility_20": 0.02274172194302082,
  "usd_index_open": 0.022060023620724678,
  "volume_sma_20": 0.021928975358605385,
  "xlk_high": 0.021613366901874542,
  "sma_20": 0.020035868510603905,
  "macd": 0.019406458362936974,
  "sma_50": 0.019083326682448387
}