{
  "bb_lower": 0.03461065888404846,
  "vix_high": 0.03416396304965019,
  "xlf_low": 0.03115117736160755,
  "volume_ratio": 0.027760757133364677,
  "treasury_10y_low": 0.02381722629070282,
  "xlk_open": 0.023728838190436363,
  "rsi_14": 0.023483414202928543,
  "vix_open": 0.023389244452118874,
  "yield_change": 0.022339899092912674,
  "xle_high": 0.022097021341323853,
  "sma_200": 0.020951632410287857,
  "sma_10": 0.019901467487215996,
  "macd_signal": 0.019784023985266685,
  "usd_index_high": 0.019550727680325508,
  "volatility_5": 0.019267112016677856,
  "bb_pct": 0.018621232360601425,
  "return_1d": 0.018468614667654037,
  "xle_rel_strength": 0.018032316118478775,
  "xle_close": 0.01789582520723343,
  "ema_10": 0.017633764073252678
}