{
  "ema_200": 0.06497004628181458,
  "xle_low": 0.048480670899152756,
  "sma_200": 0.04226918891072273,
  "usd_index_close": 0.04103965312242508,
  "ema_10": 0.03944900631904602,
  "usd_index_low": 0.036824289709329605,
  "vix_sma_10": 0.03494654595851898,
  "xlk_close": 0.03223488852381706,
  "xlf_high": 0.03084862232208252,
  "volume_sma_20": 0.030383853241801262,
  "volatility_20": 0.024479512125253677,
  "usd_index_high": 0.02414388582110405,
  "sma_50": 0.024026907980442047,
  "macd": 0.022309493273496628,
  "xle_high": 0.02213653177022934,
  "bb_upper": 0.01928754895925522,
  "xlk_high": 0.01877392828464508,
  "bb_lower": 0.018747128546237946,
  "vix_open": 0.01756160520017147,
  "vix_high": 0.01657937839627266
}