{
  "xle_low": 0.07054866850376129,
  "ema_10": 0.060572199523448944,
  "xlk_close": 0.04584682360291481,
  "ema_200": 0.04445120692253113,
  "sma_200": 0.0387272946536541,
  "usd_index_low": 0.0366755910217762,
  "usd_index_open": 0.036137305200099945,
  "vix_sma_10": 0.031702812761068344,
  "sma_50": 0.030933016911149025,
  "usd_index_close": 0.026284784078598022,
  "volatility_20": 0.023319212719798088,
  "volume_sma_20": 0.022570470348000526,
  "sma_20": 0.021577294915914536,
  "xlf_close": 0.021441813558340073,
  "macd": 0.02071026898920536,
  "sma_10": 0.019820943474769592,
  "macd_diff": 0.01926269195973873,
  "ema_20": 0.018962329253554344,
  "xle_close": 0.01890775002539158,
  "treasury_10y_high": 0.018831197172403336
}