{
  "xle_high": 0.04417477548122406,
  "ema_50": 0.04207604005932808,
  "sma_10": 0.041800592094659805,
  "volatility_5": 0.04166410118341446,
  "usd_index_low": 0.031620170921087265,
  "ema_200": 0.031437017023563385,
  "sma_200": 0.028945427387952805,
  "bb_upper": 0.028298255056142807,
  "macd_signal": 0.02600669674575329,
  "usd_index_high": 0.025050394237041473,
  "sma_50": 0.021605271846055984,
  "ema_10": 0.02143661119043827,
  "vix_sma_10": 0.01997523196041584,
  "xle_open": 0.019696323201060295,
  "xlf_high": 0.018534455448389053,
  "sma_20": 0.017778823152184486,
  "treasury_10y_open": 0.017356563359498978,
  "xlf_low": 0.017002763226628304,
  "macd_diff": 0.016143150627613068,
  "volume_sma_20": 0.015858866274356842
}