{
  "xle_low": 0.1034357100725174,
  "usd_index_low": 0.04937710240483284,
  "ema_10": 0.04270939156413078,
  "ema_200": 0.03942422941327095,
  "sma_200": 0.03777916729450226,
  "sma_10": 0.03292614594101906,
  "sma_50": 0.027844222262501717,
  "volume_sma_20": 0.02703722007572651,
  "vix_sma_10": 0.02471546269953251,
  "xlk_open": 0.022593315690755844,
  "ema_20": 0.022318677976727486,
  "xlf_high": 0.02223225124180317,
  "treasury_10y_high": 0.02188287489116192,
  "usd_index_close": 0.02184596098959446,
  "usd_index_high": 0.021636322140693665,
  "bb_upper": 0.02144947089254856,
  "xlf_close": 0.02033056505024433,
  "xlk_close": 0.018835479393601418,
  "bb_lower": 0.018456682562828064,
  "vix_close": 0.017736557871103287
}