{
  "xle_low": 0.07293149083852768,
  "ema_200": 0.04575413838028908,
  "sma_200": 0.04415002837777138,
  "ema_10": 0.040809936821460724,
  "xle_open": 0.04025718942284584,
  "xlk_close": 0.035505764186382294,
  "volume_sma_20": 0.033021461218595505,
  "usd_index_low": 0.031836386770009995,
  "xle_close": 0.03166390210390091,
  "usd_index_close": 0.028138699010014534,
  "vix_sma_10": 0.02808132767677307,
  "ema_20": 0.025107689201831818,
  "vix_high": 0.02311015874147415,
  "macd_diff": 0.02299361862242222,
  "xlk_low": 0.022880766540765762,
  "usd_index_open": 0.02245393767952919,
  "usd_index_high": 0.02178233303129673,
  "macd": 0.020648472011089325,
  "bb_lower": 0.01942986249923706,
  "sma_20": 0.018900737166404724
}