{
  "vix_high": 0.03647058084607124,
  "bb_upper": 0.025275669991970062,
  "return_1d": 0.024855555966496468,
  "vix_close": 0.023902112618088722,
  "rsi_14": 0.023588895797729492,
  "yield_change": 0.023150889202952385,
  "bb_lower": 0.02138454094529152,
  "volume_ratio": 0.021366208791732788,
  "bb_pct": 0.021293826401233673,
  "treasury_10y_low": 0.02040846087038517,
  "xlf_high": 0.01994618959724903,
  "usd_index_open": 0.019678140059113503,
  "ema_200": 0.019339732825756073,
  "vix_open": 0.01897822692990303,
  "usd_index_high": 0.01887885108590126,
  "return_5d": 0.01862310618162155,
  "volatility_5": 0.018245864659547806,
  "xlk_high": 0.01792076788842678,
  "macd_diff": 0.017616182565689087,
  "macd_signal": 0.017539270222187042
}