{
  "xle_low": 0.08099546283483505,
  "ema_200": 0.05678577721118927,
  "ema_10": 0.05271301791071892,
  "sma_200": 0.04197247326374054,
  "vix_sma_10": 0.036298640072345734,
  "usd_index_close": 0.0330984890460968,
  "usd_index_low": 0.031645823270082474,
  "xlf_high": 0.03025253862142563,
  "ema_20": 0.029701370745897293,
  "volume_sma_20": 0.027157532051205635,
  "xle_close": 0.027112629264593124,
  "usd_index_high": 0.023861583322286606,
  "xlk_low": 0.02276710793375969,
  "macd": 0.022186001762747765,
  "treasury_10y_close": 0.02092692442238331,
  "bb_lower": 0.019969046115875244,
  "sma_20": 0.01910790428519249,
  "macd_diff": 0.018937429413199425,
  "treasury_10y_low": 0.018408123403787613,
  "sma_50": 0.017913559451699257
}