{
  "vix_high": 0.03346205875277519,
  "treasury_10y_low": 0.027747154235839844,
  "xle_open": 0.0267323087900877,
  "yield_change": 0.02461126446723938,
  "bb_upper": 0.02444593980908394,
  "volatility_5": 0.020891692489385605,
  "vix_low": 0.020467227324843407,
  "vix_close": 0.020062776282429695,
  "volume_ratio": 0.01964966580271721,
  "ema_200": 0.019282370805740356,
  "xlk_close": 0.019100166857242584,
  "bb_lower": 0.01899571530520916,
  "xlk_low": 0.018763726577162743,
  "return_1d": 0.018520621582865715,
  "usd_index_open": 0.018424687907099724,
  "return_20d": 0.017922844737768173,
  "usd_index_low": 0.01790403015911579,
  "xlf_open": 0.017734894528985023,
  "volatility_20": 0.017700139433145523,
  "vix_open": 0.017660677433013916
}