{
  "xle_high": 0.045351073145866394,
  "sma_10": 0.03969351574778557,
  "volatility_5": 0.0383046492934227,
  "ema_200": 0.037493251264095306,
  "sma_200": 0.034688740968704224,
  "xlf_high": 0.03306962177157402,
  "bb_upper": 0.031598836183547974,
  "sma_50": 0.03123890608549118,
  "usd_index_low": 0.026876013725996017,
  "xle_open": 0.024194587022066116,
  "usd_index_high": 0.023172659799456596,
  "macd_signal": 0.022815296426415443,
  "ema_50": 0.022170264273881912,
  "ema_20": 0.02177509292960167,
  "vix_sma_10": 0.0179014652967453,
  "treasury_10y_open": 0.017459237948060036,
  "xle_low": 0.017450053244829178,
  "volume_sma_20": 0.016331464052200317,
  "rsi_14": 0.016172662377357483,
  "ema_10": 0.015584122389554977
}