{
  "sma_50": 0.05158093944191933,
  "xlf_high": 0.04415275901556015,
  "xle_open": 0.04009556397795677,
  "ema_200": 0.03574139624834061,
  "volatility_5": 0.03164546564221382,
  "sma_200": 0.03139319270849228,
  "usd_index_low": 0.0289214625954628,
  "ema_50": 0.026821445673704147,
  "ema_10": 0.02543826960027218,
  "sma_10": 0.024501275271177292,
  "bb_upper": 0.024487866088747978,
  "vix_sma_10": 0.023621633648872375,
  "xlf_open": 0.02196349762380123,
  "macd_signal": 0.021872108802199364,
  "usd_index_high": 0.02100284770131111,
  "sma_20": 0.017470337450504303,
  "volume_ratio": 0.01682256907224655,
  "bb_pct": 0.016282539814710617,
  "rsi_14": 0.01610707677900791,
  "xle_high": 0.015558737330138683
}