{
  "vix_high": 0.033864594995975494,
  "sma_200": 0.032219965010881424,
  "sma_10": 0.02514493465423584,
  "xlk_open": 0.023807013407349586,
  "treasury_10y_low": 0.02333797514438629,
  "volume_ratio": 0.023302825167775154,
  "rsi_14": 0.02319595403969288,
  "vix_open": 0.02264929935336113,
  "bb_lower": 0.022520385682582855,
  "usd_index_high": 0.021998612210154533,
  "yield_change": 0.021848861128091812,
  "xle_high": 0.021736903116106987,
  "xlk_low": 0.020905613899230957,
  "macd_signal": 0.020220335572957993,
  "return_1d": 0.01977248676121235,
  "vix_close": 0.019330119714140892,
  "volatility_5": 0.0193270742893219,
  "xlf_rel_strength": 0.018055442720651627,
  "usd_index_low": 0.01726522296667099,
  "ema_200": 0.017020270228385925
}