{
  "xle_low": 0.10331279039382935,
  "usd_index_low": 0.060748033225536346,
  "ema_200": 0.043619610369205475,
  "sma_200": 0.0414607897400856,
  "ema_10": 0.040149230509996414,
  "sma_10": 0.029024509713053703,
  "ema_20": 0.027530478313565254,
  "xlk_open": 0.027143318206071854,
  "sma_50": 0.026336323469877243,
  "treasury_10y_high": 0.024325411766767502,
  "volume_sma_20": 0.02333776466548443,
  "vix_sma_10": 0.02317163348197937,
  "xlf_close": 0.02200262062251568,
  "usd_index_close": 0.021112961694598198,
  "bb_upper": 0.020499151200056076,
  "xlk_low": 0.019252019003033638,
  "sma_20": 0.01870182529091835,
  "macd": 0.017711583524942398,
  "usd_index_high": 0.01665663719177246,
  "xlf_high": 0.016423920169472694
}