{
  "xle_low": 0.06602540612220764,
  "usd_index_low": 0.05908333137631416,
  "ema_200": 0.04753144085407257,
  "ema_10": 0.04709840565919876,
  "vix_sma_10": 0.04323386028409004,
  "xle_close": 0.042216796427965164,
  "sma_200": 0.03219957649707794,
  "sma_10": 0.029768409207463264,
  "macd": 0.02672434039413929,
  "sma_50": 0.02544897049665451,
  "usd_index_open": 0.024660950526595116,
  "xlk_high": 0.024113183841109276,
  "xlk_close": 0.023609904572367668,
  "xlf_low": 0.023202840238809586,
  "sma_20": 0.021420592442154884,
  "vix_close": 0.02121933549642563,
  "treasury_10y_close": 0.020993104204535484,
  "xlf_high": 0.020283503457903862,
  "volatility_20": 0.019977707415819168,
  "volume_sma_20": 0.019832449033856392
}