{
  "usd_index_low": 0.07435031235218048,
  "xle_low": 0.06909902393817902,
  "sma_200": 0.04775421321392059,
  "ema_200": 0.04424981400370598,
  "sma_10": 0.03391353413462639,
  "xle_close": 0.033651724457740784,
  "vix_sma_10": 0.032872844487428665,
  "usd_index_close": 0.03144196420907974,
  "ema_10": 0.027579564601182938,
  "bb_lower": 0.026281537488102913,
  "ema_50": 0.025298992171883583,
  "sma_50": 0.025124112144112587,
  "macd": 0.022548705339431763,
  "usd_index_high": 0.02229839377105236,
  "volume_sma_20": 0.02197885885834694,
  "treasury_10y_high": 0.02165447175502777,
  "macd_diff": 0.020469486713409424,
  "macd_signal": 0.018215373158454895,
  "xlk_high": 0.017090080305933952,
  "xlf_high": 0.016278328374028206
}