{
  "sma_200": 0.04885195195674896,
  "xle_open": 0.04793165251612663,
  "sma_50": 0.0475434809923172,
  "volatility_5": 0.035122696310281754,
  "usd_index_low": 0.030656062066555023,
  "xlf_high": 0.02915438823401928,
  "ema_200": 0.0278816856443882,
  "ema_50": 0.02742181159555912,
  "xlf_low": 0.025673486292362213,
  "vix_sma_10": 0.024911804124712944,
  "macd_signal": 0.022044651210308075,
  "sma_10": 0.02126779593527317,
  "xlk_low": 0.02126362733542919,
  "bb_upper": 0.021199097856879234,
  "usd_index_high": 0.019314901903271675,
  "xlf_open": 0.018484370782971382,
  "ema_10": 0.018429195508360863,
  "volume_ratio": 0.01676918752491474,
  "volume_sma_20": 0.015620131976902485,
  "macd": 0.01502554677426815
}