{
  "xle_low": 0.07713381946086884,
  "ema_200": 0.05822251737117767,
  "usd_index_low": 0.0543329082429409,
  "sma_200": 0.05132695287466049,
  "xle_close": 0.044518038630485535,
  "ema_10": 0.03651709482073784,
  "vix_sma_10": 0.03389940410852432,
  "usd_index_high": 0.028567517176270485,
  "xlk_close": 0.02676958218216896,
  "volume_sma_20": 0.025434648618102074,
  "ema_50": 0.022971296682953835,
  "xlk_high": 0.02265153080224991,
  "usd_index_open": 0.02098221704363823,
  "sma_20": 0.020421141758561134,
  "macd": 0.01939464919269085,
  "macd_signal": 0.019097713753581047,
  "macd_diff": 0.018916580826044083,
  "xlf_high": 0.017964348196983337,
  "xlk_low": 0.017620496451854706,
  "sma_10": 0.0170243252068758
}