{
  "xle_low": 0.11738848686218262,
  "usd_index_low": 0.06771361082792282,
  "ema_10": 0.05773252621293068,
  "ema_200": 0.04241504520177841,
  "sma_200": 0.040829140692949295,
  "usd_index_open": 0.031819336116313934,
  "ema_20": 0.02721775509417057,
  "sma_20": 0.027047347277402878,
  "sma_50": 0.026548542082309723,
  "volume_sma_20": 0.02279709465801716,
  "vix_sma_10": 0.02136366441845894,
  "sma_10": 0.021274778991937637,
  "macd": 0.019662512466311455,
  "ema_50": 0.0191208329051733,
  "treasury_10y_high": 0.018851114436984062,
  "xlf_high": 0.017644116654992104,
  "treasury_10y_open": 0.01749494858086109,
  "bb_upper": 0.017415236681699753,
  "usd_index_close": 0.017325161024928093,
  "treasury_10y_low": 0.016727473586797714
}