{
  "xle_low": 0.08456999808549881,
  "ema_10": 0.05277472734451294,
  "ema_200": 0.05136244744062424,
  "usd_index_low": 0.04644443467259407,
  "sma_200": 0.03910038620233536,
  "vix_sma_10": 0.034688159823417664,
  "xle_close": 0.03274843841791153,
  "usd_index_close": 0.02981800213456154,
  "macd": 0.02206840179860592,
  "sma_50": 0.02191004902124405,
  "ema_50": 0.021544968709349632,
  "usd_index_high": 0.02146955393254757,
  "treasury_10y_open": 0.02146630547940731,
  "volume_sma_20": 0.021408330649137497,
  "xlf_low": 0.01999298296868801,
  "sma_10": 0.019449079409241676,
  "xlk_close": 0.018726317211985588,
  "bb_lower": 0.018361400812864304,
  "usd_index_open": 0.0183128472417593,
  "macd_signal": 0.018298225477337837
}