{
  "vix_high": 0.03156478330492973,
  "sma_200": 0.030489131808280945,
  "bb_lower": 0.025778692215681076,
  "volume_ratio": 0.02481115236878395,
  "yield_change": 0.023357652127742767,
  "vix_close": 0.022442391142249107,
  "treasury_10y_low": 0.022204264998435974,
  "xlf_high": 0.0219857320189476,
  "rsi_14": 0.021059704944491386,
  "usd_index_low": 0.02081291750073433,
  "return_1d": 0.020137768238782883,
  "xlk_open": 0.01947084255516529,
  "ema_200": 0.019106760621070862,
  "xlk_low": 0.019027089700102806,
  "usd_index_open": 0.01851053722202778,
  "xlk_high": 0.01833329349756241,
  "bb_width": 0.01744987629354,
  "volume_sma_20": 0.016719704493880272,
  "volatility_5": 0.016537807881832123,
  "sma_10": 0.016342245042324066
}