{
  "xle_high": 0.047389231622219086,
  "volatility_5": 0.03951874002814293,
  "sma_10": 0.03741101548075676,
  "ema_200": 0.03590214625000954,
  "ema_50": 0.034089360386133194,
  "xlf_high": 0.03276105970144272,
  "bb_upper": 0.03095652163028717,
  "macd_signal": 0.02829888090491295,
  "sma_200": 0.027301453053951263,
  "usd_index_low": 0.02614228054881096,
  "ema_10": 0.02426149882376194,
  "xle_open": 0.02253679372370243,
  "usd_index_high": 0.021748337894678116,
  "sma_50": 0.021487362682819366,
  "treasury_10y_open": 0.018263593316078186,
  "xle_low": 0.01732589490711689,
  "rsi_14": 0.01697571761906147,
  "xlk_high": 0.016776559874415398,
  "volume_sma_20": 0.01659359596669674,
  "ema_20": 0.016544513404369354
}