{
  "ema_200": 0.05812542885541916,
  "usd_index_low": 0.05579083412885666,
  "xle_low": 0.0538642518222332,
  "vix_sma_10": 0.042234066873788834,
  "xle_open": 0.03806677460670471,
  "sma_200": 0.03431222587823868,
  "ema_20": 0.03214266151189804,
  "usd_index_close": 0.029426831752061844,
  "treasury_10y_close": 0.02839944139122963,
  "xlf_high": 0.027807891368865967,
  "treasury_10y_high": 0.02701578661799431,
  "macd": 0.026938721537590027,
  "ema_10": 0.02644992433488369,
  "volume_sma_20": 0.02541865035891533,
  "atr_14": 0.02408560924232006,
  "usd_index_open": 0.021077817305922508,
  "bb_upper": 0.02062675543129444,
  "sma_20": 0.019924312829971313,
  "sma_50": 0.018832456320524216,
  "xlk_close": 0.0168608408421278
}