{
  "sma_50": 0.05348541587591171,
  "sma_200": 0.03828016296029091,
  "usd_index_low": 0.03682885691523552,
  "volatility_5": 0.03543756902217865,
  "xle_open": 0.03465089574456215,
  "ema_200": 0.03275660052895546,
  "xlk_low": 0.02739478461444378,
  "vix_sma_10": 0.027134491130709648,
  "ema_50": 0.026889977976679802,
  "xlf_high": 0.02551320753991604,
  "bb_upper": 0.02420886605978012,
  "sma_10": 0.021613551303744316,
  "usd_index_high": 0.02086969092488289,
  "macd_signal": 0.020680861547589302,
  "xlf_low": 0.017922062426805496,
  "volatility_20": 0.01738954707980156,
  "vix_high": 0.0171047355979681,
  "ema_20": 0.016529956832528114,
  "xlf_open": 0.01651793345808983,
  "atr_14": 0.016060734167695045
}