{
  "xle_low": 0.1054999902844429,
  "usd_index_low": 0.048823531717061996,
  "ema_200": 0.04787259176373482,
  "sma_200": 0.03771071508526802,
  "xle_close": 0.035085517913103104,
  "ema_10": 0.0335228256881237,
  "usd_index_high": 0.02750912308692932,
  "sma_20": 0.026613913476467133,
  "usd_index_close": 0.02630430832505226,
  "macd": 0.02533543109893799,
  "vix_sma_10": 0.024876538664102554,
  "volume_sma_20": 0.02293252944946289,
  "ema_20": 0.02222338505089283,
  "usd_index_open": 0.020964235067367554,
  "treasury_10y_close": 0.020757164806127548,
  "atr_14": 0.02011715993285179,
  "bb_lower": 0.01964167132973671,
  "macd_diff": 0.019274340942502022,
  "xle_high": 0.019068345427513123,
  "sma_50": 0.01809397153556347
}