{
  "bb_upper": 0.032706670463085175,
  "vix_high": 0.0277748703956604,
  "sma_200": 0.027302151545882225,
  "usd_index_low": 0.025133231654763222,
  "treasury_10y_low": 0.02475796639919281,
  "yield_change": 0.023117156699299812,
  "vix_low": 0.02298886701464653,
  "bb_pct": 0.021694643422961235,
  "ema_50": 0.02125200629234314,
  "xlk_low": 0.020938264206051826,
  "ema_200": 0.020304737612605095,
  "xlk_high": 0.020284151658415794,
  "rsi_14": 0.019846424460411072,
  "return_1d": 0.019633814692497253,
  "vix_close": 0.01871190033853054,
  "xle_close": 0.01797712780535221,
  "xlf_open": 0.017853032797574997,
  "ema_20": 0.017466887831687927,
  "stoch_d": 0.017295649275183678,
  "volatility_5": 0.016698801890015602
}