{
  "xle_low": 0.07179247587919235,
  "ema_10": 0.06088245287537575,
  "ema_200": 0.05138260871171951,
  "sma_200": 0.041901905089616776,
  "usd_index_close": 0.040752917528152466,
  "vix_sma_10": 0.03935597836971283,
  "usd_index_low": 0.03832054138183594,
  "xlf_high": 0.0342198871076107,
  "xlk_close": 0.028682556003332138,
  "volume_sma_20": 0.027688872069120407,
  "sma_50": 0.026443397626280785,
  "usd_index_open": 0.02232409082353115,
  "ema_50": 0.02207036316394806,
  "macd": 0.02048119343817234,
  "macd_diff": 0.02007451467216015,
  "ema_20": 0.01963588409125805,
  "volatility_20": 0.01896190457046032,
  "xle_close": 0.018588244915008545,
  "sma_10": 0.018158532679080963,
  "treasury_10y_high": 0.01766064018011093
}