{
  "ema_200": 0.04015868157148361,
  "sma_50": 0.03444302827119827,
  "volatility_5": 0.03389428183436394,
  "xle_open": 0.03368165343999863,
  "xle_high": 0.029210077598690987,
  "xlf_high": 0.029114870354533195,
  "sma_200": 0.028607672080397606,
  "bb_upper": 0.027541518211364746,
  "ema_10": 0.027214083820581436,
  "macd_signal": 0.025219257920980453,
  "sma_20": 0.023702697828412056,
  "vix_sma_10": 0.02246256358921528,
  "usd_index_low": 0.022099751979112625,
  "sma_10": 0.02122395671904087,
  "ema_20": 0.021003933623433113,
  "usd_index_high": 0.02008115127682686,
  "ema_50": 0.01985817961394787,
  "xlk_close": 0.01975245028734207,
  "xlf_low": 0.019230786710977554,
  "volume_ratio": 0.01920066960155964
}