{
  "bb_upper": 0.03155289217829704,
  "vix_high": 0.030829032883048058,
  "xlk_open": 0.027418531477451324,
  "treasury_10y_low": 0.026983756572008133,
  "yield_change": 0.02363622933626175,
  "volume_ratio": 0.02301942929625511,
  "sma_200": 0.02287157066166401,
  "vix_close": 0.022838925942778587,
  "xlk_high": 0.020929524675011635,
  "xle_high": 0.020716045051813126,
  "return_1d": 0.020463239401578903,
  "sma_10": 0.02040131576359272,
  "volatility_5": 0.019396165385842323,
  "xlk_close": 0.019044142216444016,
  "usd_index_low": 0.019038211554288864,
  "xlf_high": 0.018511589616537094,
  "ema_10": 0.018452659249305725,
  "bb_pct": 0.01805906929075718,
  "ema_200": 0.01732916384935379,
  "macd_signal": 0.017231138423085213
}