{
  "sma_200": 0.04468558356165886,
  "volatility_5": 0.03838077187538147,
  "xle_open": 0.035906191915273666,
  "bb_upper": 0.03297489881515503,
  "ema_50": 0.03269176930189133,
  "usd_index_high": 0.03213353827595711,
  "ema_200": 0.03132089599967003,
  "xle_high": 0.031213602051138878,
  "volume_ratio": 0.02597443014383316,
  "sma_50": 0.02563397027552128,
  "ema_20": 0.024657508358359337,
  "macd_signal": 0.024597616866230965,
  "vix_sma_10": 0.021675316616892815,
  "xlk_high": 0.019218001514673233,
  "atr_14": 0.018099527806043625,
  "ema_10": 0.01734735816717148,
  "sma_10": 0.017335575073957443,
  "xlk_low": 0.01664072461426258,
  "xlf_high": 0.01609518751502037,
  "macd_diff": 0.016052518039941788
}