{
  "sma_10": 0.051929671317338943,
  "xle_high": 0.04643421992659569,
  "volatility_5": 0.04250798746943474,
  "sma_200": 0.036694034934043884,
  "sma_50": 0.02990567311644554,
  "usd_index_high": 0.027145544067025185,
  "usd_index_low": 0.026173962280154228,
  "ema_200": 0.026148978620767593,
  "xlf_high": 0.025817058980464935,
  "bb_upper": 0.025649093091487885,
  "xle_open": 0.022435322403907776,
  "macd_signal": 0.02179916389286518,
  "xle_low": 0.019542019814252853,
  "vix_sma_10": 0.01830012910068035,
  "xlk_open": 0.017285922542214394,
  "volume_sma_20": 0.01667800545692444,
  "usd_index_open": 0.01610141061246395,
  "xle_close": 0.01595122367143631,
  "macd_diff": 0.015810620039701462,
  "treasury_10y_low": 0.015693742781877518
}