{
  "xle_high": 0.04519061744213104,
  "volatility_5": 0.04055659845471382,
  "sma_10": 0.03929678723216057,
  "xle_open": 0.029702069237828255,
  "sma_200": 0.029685640707612038,
  "bb_upper": 0.027456460520625114,
  "ema_200": 0.02742602303624153,
  "ema_50": 0.024991221725940704,
  "usd_index_high": 0.024901386350393295,
  "sma_20": 0.024339750409126282,
  "macd_signal": 0.024112822487950325,
  "sma_50": 0.023989981040358543,
  "vix_sma_10": 0.02374839223921299,
  "usd_index_low": 0.022718826308846474,
  "ema_20": 0.019424067810177803,
  "xlf_high": 0.017678841948509216,
  "rsi_14": 0.0175697710365057,
  "xlk_open": 0.017329568043351173,
  "xlf_open": 0.017075389623641968,
  "volume_sma_20": 0.01706060580909252
}