{
  "sma_10": 0.052287716418504715,
  "xle_high": 0.05074765533208847,
  "volatility_5": 0.040279313921928406,
  "sma_50": 0.03682791069149971,
  "sma_200": 0.03617941960692406,
  "usd_index_high": 0.029665382578969002,
  "ema_200": 0.027894314378499985,
  "xle_open": 0.026689346879720688,
  "macd_signal": 0.024137871339917183,
  "bb_upper": 0.021593941375613213,
  "vix_sma_10": 0.020262936130166054,
  "xlk_open": 0.019193340092897415,
  "usd_index_low": 0.019097551703453064,
  "xlf_high": 0.01812591217458248,
  "ema_50": 0.017450524494051933,
  "xlk_high": 0.017355548217892647,
  "xlf_rel_strength": 0.01699998416006565,
  "atr_14": 0.01642797701060772,
  "treasury_10y_open": 0.016304099932312965,
  "ema_20": 0.0157771073281765
}