{
  "ema_200": 0.05908524617552757,
  "usd_index_low": 0.054945141077041626,
  "xle_low": 0.05030812695622444,
  "sma_200": 0.04357625171542168,
  "vix_sma_10": 0.03599081560969353,
  "ema_10": 0.03435281291604042,
  "usd_index_close": 0.03017980419099331,
  "sma_20": 0.03004869818687439,
  "xle_close": 0.029794957488775253,
  "volume_sma_20": 0.028487209230661392,
  "bb_lower": 0.02802819386124611,
  "macd": 0.022831838577985764,
  "xlk_low": 0.021670980378985405,
  "sma_50": 0.02121112309396267,
  "treasury_10y_open": 0.02032652497291565,
  "xlf_close": 0.019835596904158592,
  "xlf_low": 0.01838529482483864,
  "ema_50": 0.0179938692599535,
  "usd_index_high": 0.01789497397840023,
  "volatility_20": 0.017100865021348
}