{
  "vix_high": 0.034310564398765564,
  "xlf_high": 0.032105620950460434,
  "xlk_open": 0.028895551338791847,
  "volume_ratio": 0.02537688985466957,
  "ema_10": 0.024311484768986702,
  "sma_200": 0.023056384176015854,
  "yield_change": 0.02266884222626686,
  "bb_lower": 0.021572818979620934,
  "rsi_14": 0.020933257415890694,
  "vix_open": 0.02084769867360592,
  "vix_close": 0.020487619563937187,
  "return_1d": 0.020370276644825935,
  "treasury_10y_low": 0.02014242112636566,
  "sma_10": 0.018405761569738388,
  "volatility_5": 0.01835356093943119,
  "return_10d": 0.017631178721785545,
  "stoch_k": 0.017596252262592316,
  "bb_pct": 0.016866562888026237,
  "vix_low": 0.01635891944169998,
  "xlf_rel_strength": 0.01634606532752514
}