{
  "xle_open": 0.04909351095557213,
  "ema_200": 0.03720676153898239,
  "volatility_5": 0.035740070044994354,
  "ema_50": 0.029315674677491188,
  "sma_20": 0.027929341420531273,
  "sma_200": 0.026398364454507828,
  "sma_50": 0.02575443685054779,
  "macd_signal": 0.025483818724751472,
  "usd_index_high": 0.025085655972361565,
  "bb_upper": 0.023151066154241562,
  "sma_10": 0.022745229303836823,
  "vix_sma_10": 0.021778708323836327,
  "usd_index_low": 0.02164876088500023,
  "volume_ratio": 0.01988186687231064,
  "ema_10": 0.01972968317568302,
  "xlk_open": 0.019398488104343414,
  "xlf_high": 0.018854670226573944,
  "rsi_14": 0.01848526857793331,
  "atr_14": 0.018476730212569237,
  "ema_20": 0.018362874165177345
}