{
  "ema_200": 0.059468407183885574,
  "sma_200": 0.05032162368297577,
  "xle_low": 0.050083793699741364,
  "ema_10": 0.04596094414591789,
  "vix_sma_10": 0.04222702980041504,
  "xlk_close": 0.04070715233683586,
  "usd_index_low": 0.04051835462450981,
  "usd_index_close": 0.03807568550109863,
  "macd": 0.03013911470770836,
  "volume_sma_20": 0.02707294374704361,
  "vix_open": 0.023919979110360146,
  "volatility_20": 0.02389499358832836,
  "sma_50": 0.022812578827142715,
  "xlf_high": 0.02111693285405636,
  "xle_high": 0.02065866068005562,
  "bb_lower": 0.019864438101649284,
  "usd_index_open": 0.018833480775356293,
  "treasury_10y_high": 0.018132304772734642,
  "macd_diff": 0.017525745555758476,
  "sma_20": 0.016314981505274773
}