{
  "xle_low": 0.08041246980428696,
  "ema_200": 0.05939703807234764,
  "usd_index_low": 0.05778499320149422,
  "ema_50": 0.056127000600099564,
  "xlk_close": 0.04832660034298897,
  "sma_200": 0.03135664016008377,
  "macd": 0.02992265485227108,
  "usd_index_close": 0.02947722002863884,
  "volume_sma_20": 0.02739836648106575,
  "sma_20": 0.026147212833166122,
  "treasury_10y_close": 0.024306505918502808,
  "xle_high": 0.023871317505836487,
  "sma_10": 0.02353937178850174,
  "ema_20": 0.02164221554994583,
  "vix_sma_10": 0.021526359021663666,
  "atr_14": 0.017539430409669876,
  "sma_50": 0.01671615242958069,
  "bb_upper": 0.016699371859431267,
  "xlf_low": 0.0166309867054224,
  "xlk_low": 0.015915362164378166
}