{
  "ema_200": 0.06964188814163208,
  "sma_200": 0.053824737668037415,
  "usd_index_low": 0.050264257937669754,
  "xle_low": 0.04538967087864876,
  "vix_sma_10": 0.043196506798267365,
  "usd_index_close": 0.039622195065021515,
  "ema_10": 0.03410240262746811,
  "xle_open": 0.032331570982933044,
  "xlf_low": 0.027124252170324326,
  "volume_sma_20": 0.02417396381497383,
  "ema_20": 0.02307984232902527,
  "usd_index_high": 0.022942349314689636,
  "treasury_10y_close": 0.021938199177384377,
  "macd_signal": 0.02155960164964199,
  "macd": 0.021430209279060364,
  "atr_14": 0.021349329501390457,
  "sma_10": 0.020752547308802605,
  "sma_50": 0.02059650421142578,
  "macd_diff": 0.018398437649011612,
  "xlf_high": 0.018009301275014877
}