{
  "xle_high": 0.044420838356018066,
  "sma_10": 0.04317283630371094,
  "ema_50": 0.03953743353486061,
  "volatility_5": 0.03730018064379692,
  "xlf_high": 0.03432510793209076,
  "sma_200": 0.028778329491615295,
  "ema_200": 0.027468504384160042,
  "sma_50": 0.027200689539313316,
  "macd_signal": 0.024870900437235832,
  "usd_index_low": 0.024826912209391594,
  "bb_upper": 0.02441025711596012,
  "xle_low": 0.02243768237531185,
  "usd_index_high": 0.022157728672027588,
  "xle_open": 0.02053770422935486,
  "xlf_low": 0.01980390027165413,
  "sma_20": 0.019542498514056206,
  "xlk_low": 0.01927843876183033,
  "treasury_10y_open": 0.017489198595285416,
  "vix_sma_10": 0.016786985099315643,
  "volume_sma_20": 0.016199124976992607
}