{
  "sma_200": 0.049195051193237305,
  "vix_high": 0.034339789301157,
  "vix_open": 0.025332165881991386,
  "bb_lower": 0.02430855482816696,
  "yield_change": 0.022594641894102097,
  "volume_ratio": 0.02243979088962078,
  "vix_close": 0.021995188668370247,
  "usd_index_high": 0.021611148491501808,
  "return_1d": 0.021417934447526932,
  "xlk_open": 0.021030884236097336,
  "xle_high": 0.020617501810193062,
  "vix_low": 0.020207708701491356,
  "volatility_5": 0.01963779889047146,
  "sma_10": 0.01913793571293354,
  "xlf_high": 0.019084811210632324,
  "rsi_14": 0.018763594329357147,
  "stoch_d": 0.01870822347700596,
  "vix_change": 0.018477700650691986,
  "treasury_10y_low": 0.017553389072418213,
  "macd_signal": 0.017543010413646698
}