{
  "xlk_low": 0.03056948632001877,
  "vix_high": 0.029360102489590645,
  "bb_upper": 0.02925422415137291,
  "xlf_high": 0.02485107257962227,
  "usd_index_low": 0.02463587000966072,
  "treasury_10y_low": 0.024120692163705826,
  "vix_low": 0.02356821298599243,
  "xle_open": 0.022139031440019608,
  "yield_change": 0.02122543565928936,
  "vix_close": 0.020684661343693733,
  "xle_high": 0.02008451335132122,
  "rsi_14": 0.019826188683509827,
  "stoch_d": 0.019716430455446243,
  "bb_lower": 0.019580775871872902,
  "usd_index_open": 0.019131701439619064,
  "ema_200": 0.01820460706949234,
  "return_1d": 0.017848005518317223,
  "volatility_5": 0.0176869947463274,
  "vix_open": 0.017452221363782883,
  "volume_ratio": 0.017310824245214462
}