{
  "vix_high": 0.03615900129079819,
  "bb_upper": 0.031726449728012085,
  "bb_lower": 0.025535546243190765,
  "vix_close": 0.024966321885585785,
  "volume_ratio": 0.022850267589092255,
  "yield_change": 0.021983299404382706,
  "return_1d": 0.02176847495138645,
  "rsi_14": 0.02142852544784546,
  "ema_200": 0.01989986002445221,
  "bb_pct": 0.01985239051282406,
  "xlk_open": 0.019678525626659393,
  "sma_10": 0.019427485764026642,
  "usd_index_high": 0.018996426835656166,
  "xlf_high": 0.018737781792879105,
  "vix_open": 0.018683815374970436,
  "treasury_10y_low": 0.018443509936332703,
  "volatility_5": 0.017861206084489822,
  "usd_index_open": 0.01784248650074005,
  "vix_change": 0.016731785610318184,
  "xle_rel_strength": 0.016604412347078323
}