{
  "xle_low": 0.08656236529350281,
  "ema_10": 0.053657423704862595,
  "xlk_close": 0.045865509659051895,
  "sma_200": 0.04172670096158981,
  "ema_50": 0.038692399859428406,
  "ema_200": 0.038493406027555466,
  "usd_index_low": 0.03481970727443695,
  "usd_index_open": 0.03453647717833519,
  "xlf_high": 0.02570256032049656,
  "bb_lower": 0.023343931883573532,
  "sma_50": 0.022015687078237534,
  "macd": 0.021400872617959976,
  "vix_sma_10": 0.02056390605866909,
  "atr_14": 0.020406827330589294,
  "volume_sma_20": 0.020013783127069473,
  "treasury_10y_high": 0.01989312283694744,
  "usd_index_close": 0.01939190737903118,
  "sma_10": 0.019342446699738503,
  "usd_index_high": 0.01897629164159298,
  "xle_close": 0.01727795973420143
}