{
  "sma_200": 0.03883587568998337,
  "bb_upper": 0.028784755617380142,
  "vix_high": 0.027181830257177353,
  "treasury_10y_low": 0.024797994643449783,
  "vix_low": 0.022764302790164948,
  "yield_change": 0.021777328103780746,
  "bb_lower": 0.021613528952002525,
  "vix_close": 0.020061608403921127,
  "vix_open": 0.019640956073999405,
  "return_1d": 0.019467229023575783,
  "xle_high": 0.018878770992159843,
  "xlf_high": 0.01848112978041172,
  "ema_50": 0.01822386309504509,
  "volume_sma_20": 0.01822272315621376,
  "stoch_d": 0.018012726679444313,
  "xlf_open": 0.017875267192721367,
  "usd_index_low": 0.017523497343063354,
  "return_20d": 0.017471004277467728,
  "ema_200": 0.017315149307250977,
  "return_5d": 0.017092613503336906
}