{
  "vix_high": 0.035677503794431686,
  "sma_200": 0.025909695774316788,
  "vix_close": 0.02373688668012619,
  "return_1d": 0.023465344682335854,
  "rsi_14": 0.022622976452112198,
  "volume_ratio": 0.022283166646957397,
  "vix_open": 0.022153962403535843,
  "yield_change": 0.021996041759848595,
  "ema_200": 0.02121807262301445,
  "sma_10": 0.021094907075166702,
  "stoch_d": 0.021019864827394485,
  "usd_index_low": 0.020582498982548714,
  "treasury_10y_low": 0.020495453849434853,
  "xlf_high": 0.02045915648341179,
  "atr_14": 0.019934173673391342,
  "volatility_5": 0.019618747755885124,
  "xle_high": 0.019403867423534393,
  "xlk_open": 0.01904943957924843,
  "bb_lower": 0.018534623086452484,
  "bb_pct": 0.018017815425992012
}