{
  "xle_high": 0.047820914536714554,
  "ema_200": 0.04247254878282547,
  "sma_10": 0.04081897810101509,
  "volatility_5": 0.03476167842745781,
  "bb_upper": 0.029116904363036156,
  "sma_200": 0.027362806722521782,
  "macd_signal": 0.026323409751057625,
  "sma_50": 0.0246578361839056,
  "sma_20": 0.02436229959130287,
  "usd_index_high": 0.024238383397459984,
  "usd_index_low": 0.023488830775022507,
  "ema_20": 0.022793393582105637,
  "xlf_high": 0.021164964884519577,
  "xle_open": 0.018760528415441513,
  "vix_sma_10": 0.018747257068753242,
  "ema_10": 0.018646949902176857,
  "treasury_10y_open": 0.01789824478328228,
  "xlf_close": 0.017601506784558296,
  "ema_50": 0.0173049196600914,
  "xlk_high": 0.016548819839954376
}