{
  "vix_high": 0.035907868295907974,
  "sma_200": 0.02873803861439228,
  "bb_upper": 0.02556905895471573,
  "volume_ratio": 0.024168454110622406,
  "xlf_open": 0.023451853543519974,
  "vix_open": 0.022601092234253883,
  "yield_change": 0.022292910143733025,
  "bb_lower": 0.022084347903728485,
  "rsi_14": 0.020732341334223747,
  "return_1d": 0.019833452999591827,
  "vix_close": 0.019714806228876114,
  "usd_index_high": 0.019426563754677773,
  "ema_50": 0.0193945225328207,
  "volatility_5": 0.018708672374486923,
  "xlk_low": 0.01870330609381199,
  "xle_high": 0.01859331876039505,
  "usd_index_open": 0.0185795109719038,
  "bb_pct": 0.018496735021471977,
  "treasury_10y_low": 0.018171411007642746,
  "macd_signal": 0.017175722867250443
}