{
  "vix_high": 0.030030691996216774,
  "bb_upper": 0.026641681790351868,
  "xlf_high": 0.025415504351258278,
  "xlk_low": 0.025017764419317245,
  "xlf_open": 0.024702459573745728,
  "bb_lower": 0.024506516754627228,
  "vix_low": 0.024280192330479622,
  "treasury_10y_low": 0.023564275354146957,
  "vix_close": 0.02261575311422348,
  "usd_index_low": 0.0221308171749115,
  "rsi_14": 0.02095070295035839,
  "yield_change": 0.02094731666147709,
  "stoch_d": 0.02060646563768387,
  "ema_200": 0.01985638029873371,
  "volatility_5": 0.01943167857825756,
  "atr_14": 0.019405502825975418,
  "usd_index_open": 0.018863782286643982,
  "xle_open": 0.018836505711078644,
  "return_1d": 0.018178405240178108,
  "vix_open": 0.017396902665495872
}