{
  "bb_upper": 0.031639330089092255,
  "sma_10": 0.02955980971455574,
  "volume_ratio": 0.02710540033876896,
  "vix_high": 0.027063477784395218,
  "treasury_10y_low": 0.026519346982240677,
  "vix_close": 0.02493414655327797,
  "yield_change": 0.022423455491662025,
  "vix_open": 0.02094738744199276,
  "rsi_14": 0.02078578621149063,
  "ema_200": 0.020624494180083275,
  "xlk_low": 0.019975576549768448,
  "return_1d": 0.01995239593088627,
  "xle_high": 0.018853576853871346,
  "bb_lower": 0.01846163161098957,
  "bb_pct": 0.01799975149333477,
  "macd_diff": 0.017684543505311012,
  "return_5d": 0.017439406365156174,
  "xlk_rel_strength": 0.017252732068300247,
  "usd_index_low": 0.017061695456504822,
  "xlf_low": 0.01699424348771572
}