{
  "xlk_low": 0.03626380115747452,
  "bb_upper": 0.02896817773580551,
  "treasury_10y_low": 0.02886022999882698,
  "vix_high": 0.026452695950865746,
  "yield_change": 0.022906141355633736,
  "vix_low": 0.021702850237488747,
  "treasury_10y_open": 0.021105801686644554,
  "xlf_open": 0.02048753947019577,
  "sma_200": 0.02039467543363571,
  "ema_200": 0.020054247230291367,
  "xlk_close": 0.019399000331759453,
  "return_1d": 0.019015802070498466,
  "volatility_5": 0.018406782299280167,
  "volume_ratio": 0.018183091655373573,
  "macd_signal": 0.017948376014828682,
  "xle_close": 0.01782614178955555,
  "rsi_14": 0.01740715652704239,
  "bb_lower": 0.01737661100924015,
  "usd_index_high": 0.01700763776898384,
  "sma_10": 0.016928302124142647
}