{
  "sma_50": 0.051573242992162704,
  "xle_open": 0.03851567208766937,
  "sma_200": 0.03579907864332199,
  "volatility_5": 0.035170428454875946,
  "ema_200": 0.031787630170583725,
  "xle_high": 0.030846428126096725,
  "bb_upper": 0.028398776426911354,
  "macd_signal": 0.02706005983054638,
  "usd_index_high": 0.02324163168668747,
  "volume_ratio": 0.022787639871239662,
  "usd_index_low": 0.022330738604068756,
  "vix_sma_10": 0.02205580286681652,
  "xlf_high": 0.02141544036567211,
  "ema_10": 0.020076503977179527,
  "sma_10": 0.019504280760884285,
  "ema_20": 0.01849488727748394,
  "xlk_low": 0.017746999859809875,
  "ema_50": 0.01753336191177368,
  "treasury_10y_open": 0.01744440756738186,
  "vix_high": 0.015970826148986816
}