{
  "xle_low": 0.08758757263422012,
  "ema_200": 0.06090999394655228,
  "ema_10": 0.05676989257335663,
  "usd_index_low": 0.04226284474134445,
  "vix_sma_10": 0.03529491648077965,
  "xle_close": 0.03383534029126167,
  "sma_200": 0.03132038190960884,
  "xlk_close": 0.030504867434501648,
  "usd_index_open": 0.030280647799372673,
  "usd_index_close": 0.027901848778128624,
  "volume_sma_20": 0.026706090196967125,
  "ema_50": 0.022129984572529793,
  "sma_50": 0.020674165338277817,
  "macd": 0.017957665026187897,
  "treasury_10y_low": 0.017944354563951492,
  "xlf_low": 0.017858725041151047,
  "xlk_low": 0.01635933294892311,
  "macd_signal": 0.016203248873353004,
  "macd_diff": 0.01587955467402935,
  "volatility_20": 0.015469825826585293
}