{
  "xle_low": 0.09377818554639816,
  "ema_10": 0.04614520072937012,
  "ema_200": 0.04474666342139244,
  "sma_200": 0.037457630038261414,
  "usd_index_open": 0.03205104544758797,
  "xle_close": 0.03163277730345726,
  "usd_index_close": 0.031076552346348763,
  "vix_sma_10": 0.026059051975607872,
  "bb_lower": 0.025988202542066574,
  "volume_sma_20": 0.02589612640440464,
  "usd_index_low": 0.025056691840291023,
  "xlf_high": 0.022917984053492546,
  "ema_20": 0.02183581329882145,
  "atr_14": 0.020557250827550888,
  "treasury_10y_close": 0.019910456612706184,
  "macd": 0.01982950046658516,
  "xlk_close": 0.019181834533810616,
  "bb_upper": 0.019166018813848495,
  "treasury_10y_open": 0.01892697811126709,
  "sma_20": 0.018696997314691544
}