{
  "xle_open": 0.04752001911401749,
  "volatility_5": 0.039474986493587494,
  "sma_200": 0.037999238818883896,
  "ema_200": 0.03214794397354126,
  "bb_upper": 0.029207561165094376,
  "sma_50": 0.028064383193850517,
  "usd_index_high": 0.026462605223059654,
  "xlf_high": 0.026424573734402657,
  "usd_index_low": 0.026150137186050415,
  "ema_50": 0.024318212643265724,
  "sma_10": 0.024302154779434204,
  "ema_20": 0.022258734330534935,
  "vix_sma_10": 0.02149936743080616,
  "macd_signal": 0.021452443674206734,
  "volume_ratio": 0.02115187607705593,
  "xlf_open": 0.019648531451821327,
  "xlk_low": 0.017345629632472992,
  "atr_14": 0.016976039856672287,
  "ema_10": 0.016585951671004295,
  "xle_low": 0.015924448147416115
}