{
  "xle_open": 0.039529457688331604,
  "volatility_5": 0.03698566555976868,
  "sma_50": 0.035325199365615845,
  "ema_200": 0.030108202248811722,
  "bb_upper": 0.02937290444970131,
  "usd_index_high": 0.028708651661872864,
  "sma_200": 0.027935808524489403,
  "volume_ratio": 0.027557209134101868,
  "ema_50": 0.02729496732354164,
  "xle_high": 0.025801468640565872,
  "macd_signal": 0.022935206070542336,
  "vix_sma_10": 0.02288343943655491,
  "ema_20": 0.02221549302339554,
  "xle_close": 0.022000133991241455,
  "usd_index_low": 0.021159371361136436,
  "xlk_high": 0.021119864657521248,
  "sma_10": 0.020102035254240036,
  "xlf_high": 0.019804704934358597,
  "xlk_low": 0.01872464455664158,
  "volume_sma_20": 0.01752416230738163
}