{
  "xle_low": 0.07779861241579056,
  "sma_200": 0.04938964545726776,
  "ema_200": 0.048269473016262054,
  "ema_10": 0.04600348696112633,
  "usd_index_low": 0.04130807891488075,
  "vix_sma_10": 0.03827431797981262,
  "ema_20": 0.032168809324502945,
  "xle_close": 0.030032306909561157,
  "xlk_close": 0.028750522062182426,
  "sma_10": 0.02427431009709835,
  "ema_50": 0.023911528289318085,
  "usd_index_high": 0.023571372032165527,
  "usd_index_close": 0.023397864773869514,
  "volume_sma_20": 0.022588595747947693,
  "treasury_10y_open": 0.02218717895448208,
  "sma_20": 0.02031891420483589,
  "macd": 0.01973899081349373,
  "sma_50": 0.019289350137114525,
  "xlk_high": 0.01926635019481182,
  "usd_index_open": 0.01831153966486454
}