{
  "xlf_high": 0.029832987114787102,
  "vix_high": 0.029437605291604996,
  "sma_200": 0.028782879933714867,
  "volume_ratio": 0.026327142491936684,
  "bb_lower": 0.025323716923594475,
  "return_1d": 0.025239739567041397,
  "xlk_open": 0.024691054597496986,
  "xle_high": 0.023338980972766876,
  "yield_change": 0.021712614223361015,
  "vix_close": 0.021113378927111626,
  "rsi_14": 0.02024279348552227,
  "ema_50": 0.019823415204882622,
  "bb_pct": 0.01953260786831379,
  "xlf_rel_strength": 0.019205650314688683,
  "usd_index_high": 0.019142139703035355,
  "vix_open": 0.018369030207395554,
  "ema_200": 0.01826767437160015,
  "bb_upper": 0.017639147117733955,
  "volatility_20": 0.01760530285537243,
  "macd_signal": 0.017117904499173164
}