{
  "xle_open": 0.037576619535684586,
  "volatility_5": 0.03736018016934395,
  "xlf_high": 0.03262392431497574,
  "sma_50": 0.03238144516944885,
  "sma_200": 0.03191123530268669,
  "ema_200": 0.03188703954219818,
  "bb_upper": 0.027179494500160217,
  "usd_index_high": 0.024447094649076462,
  "xle_high": 0.023818757385015488,
  "macd_signal": 0.023803753778338432,
  "volume_ratio": 0.022979188710451126,
  "vix_sma_10": 0.02289099618792534,
  "ema_50": 0.022448411211371422,
  "ema_10": 0.02166096493601799,
  "xlk_high": 0.020460106432437897,
  "xle_low": 0.019848603755235672,
  "ema_20": 0.018690332770347595,
  "usd_index_low": 0.018489573150873184,
  "atr_14": 0.017545249313116074,
  "xlf_open": 0.01677081361413002
}