{
  "bb_upper": 0.03441909700632095,
  "vix_high": 0.03440166264772415,
  "volume_ratio": 0.024516791105270386,
  "yield_change": 0.02283870428800583,
  "rsi_14": 0.022789321839809418,
  "vix_close": 0.022466272115707397,
  "return_1d": 0.022330233827233315,
  "xlk_open": 0.021960653364658356,
  "bb_pct": 0.021949946880340576,
  "bb_lower": 0.021668726578354836,
  "treasury_10y_low": 0.02110430784523487,
  "ema_200": 0.01995685137808323,
  "xlk_low": 0.019628504291176796,
  "xlf_rel_strength": 0.01877499185502529,
  "vix_open": 0.018143240362405777,
  "xlf_high": 0.017755087465047836,
  "usd_index_high": 0.01773088425397873,
  "atr_14": 0.017371224239468575,
  "macd_diff": 0.017068441957235336,
  "volatility_5": 0.017053687945008278
}