{
  "vix_high": 0.03655361756682396,
  "bb_upper": 0.023837078362703323,
  "xlk_open": 0.023707693442702293,
  "usd_index_high": 0.023054376244544983,
  "volume_ratio": 0.022919155657291412,
  "treasury_10y_low": 0.022782767191529274,
  "usd_index_low": 0.02266727015376091,
  "vix_close": 0.022319907322525978,
  "return_1d": 0.022265443578362465,
  "yield_change": 0.021845409646630287,
  "bb_lower": 0.021119100973010063,
  "bb_pct": 0.019730187952518463,
  "xlf_high": 0.01913137175142765,
  "rsi_14": 0.018474122509360313,
  "xle_high": 0.018214650452136993,
  "sma_50": 0.018169110640883446,
  "ema_200": 0.018018830567598343,
  "volatility_5": 0.01792484149336815,
  "return_20d": 0.017826545983552933,
  "vix_open": 0.017729947343468666
}