{
  "xle_open": 0.04218629375100136,
  "volatility_5": 0.03660774976015091,
  "sma_200": 0.03439068794250488,
  "ema_200": 0.03190983459353447,
  "sma_50": 0.03033166378736496,
  "bb_upper": 0.026386041194200516,
  "xlf_high": 0.026381343603134155,
  "ema_50": 0.026294216513633728,
  "vix_sma_10": 0.026073530316352844,
  "usd_index_high": 0.024988900870084763,
  "macd_signal": 0.02362845279276371,
  "sma_10": 0.02207416109740734,
  "usd_index_low": 0.021902984008193016,
  "xle_high": 0.021679971367120743,
  "volume_ratio": 0.021328037604689598,
  "xlk_high": 0.020407624542713165,
  "xlk_low": 0.018875639885663986,
  "volume_sma_20": 0.017848704010248184,
  "ema_20": 0.017501818016171455,
  "xlf_rel_strength": 0.01742546074092388
}