{
  "bb_upper": 0.031097982078790665,
  "vix_high": 0.029328593984246254,
  "sma_200": 0.025602281093597412,
  "vix_low": 0.024187270551919937,
  "yield_change": 0.024051064625382423,
  "usd_index_low": 0.023345228284597397,
  "ema_10": 0.023164600133895874,
  "treasury_10y_open": 0.022120492532849312,
  "treasury_10y_low": 0.02192297764122486,
  "xle_open": 0.020526109263300896,
  "volatility_5": 0.020368896424770355,
  "xle_high": 0.01983909122645855,
  "return_1d": 0.019152196124196053,
  "atr_14": 0.018836520612239838,
  "vix_close": 0.018825877457857132,
  "vix_open": 0.018583612516522408,
  "bb_pct": 0.018488794565200806,
  "return_5d": 0.01825232245028019,
  "rsi_14": 0.017762942239642143,
  "return_20d": 0.017533857375383377
}