{
  "xle_open": 0.04193909093737602,
  "sma_200": 0.039521005004644394,
  "volatility_5": 0.0392640046775341,
  "xlf_high": 0.03847803920507431,
  "ema_200": 0.03236845135688782,
  "ema_50": 0.030947230756282806,
  "usd_index_high": 0.030143173411488533,
  "bb_upper": 0.026702333241701126,
  "usd_index_low": 0.025279033929109573,
  "sma_10": 0.024077029898762703,
  "macd_signal": 0.022556627169251442,
  "ema_10": 0.021721070632338524,
  "vix_sma_10": 0.020631084218621254,
  "sma_50": 0.020479414612054825,
  "volume_ratio": 0.020425986498594284,
  "ema_20": 0.01991206780076027,
  "treasury_10y_open": 0.01837683841586113,
  "bb_lower": 0.01774059236049652,
  "atr_14": 0.017616018652915955,
  "volatility_20": 0.01630852185189724
}