{
  "ema_50": 0.08254775404930115,
  "xle_open": 0.041504763066768646,
  "sma_200": 0.037353526800870895,
  "volatility_5": 0.035128481686115265,
  "ema_200": 0.03308657184243202,
  "usd_index_low": 0.03163576126098633,
  "sma_50": 0.029166605323553085,
  "xlf_high": 0.028979992493987083,
  "bb_upper": 0.02629227377474308,
  "macd_signal": 0.02386036515235901,
  "vix_sma_10": 0.02274302951991558,
  "sma_10": 0.02039402723312378,
  "volatility_20": 0.018813343718647957,
  "xlf_rel_strength": 0.017916390672326088,
  "ema_20": 0.01748097501695156,
  "usd_index_high": 0.017293069511651993,
  "volume_ratio": 0.017112694680690765,
  "xlk_high": 0.01677192747592926,
  "atr_14": 0.01529529970139265,
  "vix_high": 0.014310319907963276
}