{
  "vix_high": 0.03658560663461685,
  "bb_upper": 0.02774616703391075,
  "vix_open": 0.026648446917533875,
  "bb_lower": 0.0255130548030138,
  "yield_change": 0.02351025864481926,
  "volume_ratio": 0.023318197578191757,
  "rsi_14": 0.023151014000177383,
  "vix_close": 0.021828869357705116,
  "ema_200": 0.02149023488163948,
  "xle_high": 0.021353865042328835,
  "usd_index_high": 0.021284686401486397,
  "return_1d": 0.021152818575501442,
  "treasury_10y_low": 0.020934343338012695,
  "macd_signal": 0.020379984751343727,
  "volatility_5": 0.0198415108025074,
  "xlk_low": 0.019148705527186394,
  "usd_index_low": 0.01873261295258999,
  "sma_200": 0.018526948988437653,
  "xle_open": 0.01791967824101448,
  "xle_rel_strength": 0.017279911786317825
}