{
  "bb_upper": 0.029757050797343254,
  "vix_high": 0.029477378353476524,
  "treasury_10y_low": 0.028457768261432648,
  "xlk_low": 0.02769498899579048,
  "xlf_high": 0.024859191849827766,
  "bb_lower": 0.024430574849247932,
  "vix_low": 0.023288965225219727,
  "usd_index_low": 0.022760551422834396,
  "rsi_14": 0.021510683000087738,
  "stoch_d": 0.021304363384842873,
  "ema_200": 0.02099628932774067,
  "yield_change": 0.020649503916502,
  "xlf_open": 0.020581107586622238,
  "vix_close": 0.020466573536396027,
  "xle_open": 0.019168075174093246,
  "volatility_5": 0.019125353544950485,
  "usd_index_open": 0.018643096089363098,
  "return_1d": 0.01767420582473278,
  "macd_signal": 0.017664972692728043,
  "xle_high": 0.016937294974923134
}