{
  "xle_low": 0.08690445125102997,
  "ema_200": 0.06036842614412308,
  "ema_10": 0.05502856522798538,
  "vix_sma_10": 0.04381641373038292,
  "xle_open": 0.04085477814078331,
  "usd_index_low": 0.037921689450740814,
  "sma_200": 0.03702428191900253,
  "usd_index_high": 0.028786147013306618,
  "usd_index_open": 0.02738787606358528,
  "volume_sma_20": 0.026494380086660385,
  "xlk_open": 0.023382967337965965,
  "macd": 0.02267996035516262,
  "sma_20": 0.021976104006171227,
  "bb_lower": 0.021306095644831657,
  "macd_diff": 0.01864611729979515,
  "treasury_10y_open": 0.017138861119747162,
  "treasury_10y_high": 0.01638488657772541,
  "sp500_high": 0.016312405467033386,
  "macd_signal": 0.016000719740986824,
  "sma_50": 0.015974538400769234
}