{
  "xle_low": 0.07831617444753647,
  "ema_200": 0.04756118357181549,
  "usd_index_low": 0.0433996357023716,
  "vix_sma_10": 0.0428258553147316,
  "ema_10": 0.041076015681028366,
  "sma_200": 0.03588678687810898,
  "xlf_low": 0.03586256131529808,
  "xle_close": 0.03298596292734146,
  "xlk_close": 0.029997967183589935,
  "sma_10": 0.02954547107219696,
  "sma_50": 0.028487814590334892,
  "usd_index_close": 0.02256608195602894,
  "sma_20": 0.02135961875319481,
  "usd_index_high": 0.020939180627465248,
  "macd": 0.020662382245063782,
  "usd_index_open": 0.019370324909687042,
  "volatility_20": 0.01926473155617714,
  "treasury_10y_high": 0.01782194711267948,
  "xlf_high": 0.01762070506811142,
  "xlk_high": 0.017463667318224907
}