{
  "vix_high": 0.03447522595524788,
  "sma_50": 0.033043596893548965,
  "rsi_14": 0.02439991757273674,
  "bb_upper": 0.02400912530720234,
  "treasury_10y_low": 0.02302137203514576,
  "volume_ratio": 0.022710449993610382,
  "vix_close": 0.022052723914384842,
  "yield_change": 0.021970434114336967,
  "xle_high": 0.021407227963209152,
  "bb_lower": 0.021103687584400177,
  "sma_200": 0.020224416628479958,
  "vix_open": 0.0199519582092762,
  "return_1d": 0.018885206431150436,
  "bb_pct": 0.018601365387439728,
  "xlk_open": 0.017970725893974304,
  "macd_signal": 0.01760873943567276,
  "sma_10": 0.017533229663968086,
  "xlk_high": 0.01749957725405693,
  "volatility_5": 0.017265750095248222,
  "xlf_rel_strength": 0.017192566767334938
}