{
  "sma_200": 0.04652639478445053,
  "vix_high": 0.03065604157745838,
  "volume_ratio": 0.02580210380256176,
  "vix_open": 0.025779128074645996,
  "xlk_low": 0.02440372109413147,
  "treasury_10y_low": 0.02293166145682335,
  "sma_10": 0.022878332063555717,
  "bb_lower": 0.021751679480075836,
  "usd_index_low": 0.021319519728422165,
  "return_1d": 0.021128162741661072,
  "usd_index_high": 0.020920060575008392,
  "macd_signal": 0.020421260967850685,
  "yield_change": 0.01978892832994461,
  "vix_close": 0.01965094543993473,
  "usd_index_open": 0.0192276481539011,
  "bb_upper": 0.018128380179405212,
  "xle_high": 0.01777062937617302,
  "xlf_rel_strength": 0.017498714849352837,
  "xlf_open": 0.01749212108552456,
  "xlf_close": 0.017063822597265244
}