{
  "treasury_10y_low": 0.031572770327329636,
  "vix_high": 0.029437242075800896,
  "bb_upper": 0.025889605283737183,
  "sma_200": 0.024538982659578323,
  "yield_change": 0.024483347311615944,
  "xlk_low": 0.023403428494930267,
  "bb_lower": 0.023001782596111298,
  "volume_ratio": 0.022832632064819336,
  "rsi_14": 0.021800130605697632,
  "usd_index_high": 0.021087540313601494,
  "vix_open": 0.021046141162514687,
  "return_1d": 0.020839696750044823,
  "xlk_open": 0.02043680101633072,
  "vix_close": 0.020075693726539612,
  "macd_diff": 0.018716368824243546,
  "xlf_open": 0.018219465389847755,
  "xle_high": 0.018117528408765793,
  "macd_signal": 0.01723882183432579,
  "xlf_high": 0.017142007127404213,
  "stoch_d": 0.016678135842084885
}