{
  "xle_high": 0.04467487707734108,
  "volatility_5": 0.03882361948490143,
  "sma_10": 0.03686041384935379,
  "xlk_low": 0.031048044562339783,
  "sma_200": 0.030849486589431763,
  "bb_upper": 0.030268998816609383,
  "usd_index_high": 0.02777925319969654,
  "ema_200": 0.02591441571712494,
  "xle_open": 0.025036461651325226,
  "sma_20": 0.0221041738986969,
  "xlk_high": 0.021771935746073723,
  "macd_signal": 0.020628612488508224,
  "vix_sma_10": 0.019691912457346916,
  "atr_14": 0.019504345953464508,
  "sma_50": 0.019403137266635895,
  "xlf_low": 0.01847688853740692,
  "ema_50": 0.017541244626045227,
  "treasury_10y_open": 0.01615085080265999,
  "ema_20": 0.016132907941937447,
  "volatility_20": 0.01606879010796547
}