{
  "vix_high": 0.03432988375425339,
  "sma_200": 0.02740972489118576,
  "sma_10": 0.026528164744377136,
  "xlk_open": 0.026044290512800217,
  "volume_ratio": 0.025522204115986824,
  "ema_10": 0.023710817098617554,
  "yield_change": 0.023474041372537613,
  "xlk_close": 0.02273821458220482,
  "treasury_10y_low": 0.021556681022047997,
  "rsi_14": 0.021508757025003433,
  "vix_close": 0.021352166309952736,
  "xlf_high": 0.021327322348952293,
  "vix_open": 0.020602604374289513,
  "return_1d": 0.019917964935302734,
  "bb_lower": 0.01921866647899151,
  "volatility_5": 0.01862623170018196,
  "usd_index_high": 0.017641853541135788,
  "stoch_d": 0.01737576723098755,
  "xlf_rel_strength": 0.017287082970142365,
  "stoch_k": 0.01695161871612072
}