{
  "xle_low": 0.06740306317806244,
  "usd_index_low": 0.05691584199666977,
  "ema_200": 0.04893098771572113,
  "sma_200": 0.04836471378803253,
  "ema_10": 0.0319114625453949,
  "sma_50": 0.03189334273338318,
  "vix_sma_10": 0.031405530869960785,
  "ema_20": 0.030406642705202103,
  "xle_close": 0.029135962948203087,
  "sma_10": 0.028748083859682083,
  "volume_sma_20": 0.026095274835824966,
  "xlf_high": 0.025792373344302177,
  "ema_50": 0.025767548009753227,
  "volatility_20": 0.023512637242674828,
  "macd": 0.022406039759516716,
  "sma_20": 0.021090060472488403,
  "usd_index_close": 0.019701102748513222,
  "atr_14": 0.018776381388306618,
  "usd_index_high": 0.01877097599208355,
  "macd_diff": 0.01848861202597618
}