{
  "sma_50": 0.04038703441619873,
  "volatility_5": 0.036931201815605164,
  "sma_200": 0.036499474197626114,
  "xlf_high": 0.034576769918203354,
  "ema_10": 0.0345282256603241,
  "xle_open": 0.03137180581688881,
  "usd_index_low": 0.03107384592294693,
  "ema_200": 0.030521482229232788,
  "macd_signal": 0.02824941836297512,
  "xle_high": 0.026056885719299316,
  "vix_sma_10": 0.02516590990126133,
  "ema_50": 0.021855618804693222,
  "xle_low": 0.02136457897722721,
  "usd_index_high": 0.02048525959253311,
  "bb_upper": 0.020141907036304474,
  "ema_20": 0.019998664036393166,
  "volume_ratio": 0.019433317705988884,
  "sma_10": 0.01895769312977791,
  "volume_sma_20": 0.017433490604162216,
  "sma_20": 0.017028529196977615
}