{
  "xle_low": 0.07962395995855331,
  "ema_200": 0.05532369762659073,
  "sma_200": 0.052575256675481796,
  "ema_10": 0.04682343825697899,
  "usd_index_low": 0.037352319806814194,
  "xle_close": 0.03621441870927811,
  "vix_sma_10": 0.03446885943412781,
  "usd_index_high": 0.026210973039269447,
  "volume_sma_20": 0.02585054561495781,
  "usd_index_open": 0.023894011974334717,
  "sma_50": 0.022627342492341995,
  "macd": 0.021964915096759796,
  "usd_index_close": 0.021141119301319122,
  "ema_20": 0.020911650732159615,
  "sma_10": 0.020473437383770943,
  "volatility_20": 0.019292613491415977,
  "sma_20": 0.019225750118494034,
  "bb_lower": 0.018825314939022064,
  "macd_diff": 0.01793111115694046,
  "macd_signal": 0.01788974180817604
}