{
  "ema_200": 0.056957896798849106,
  "sma_200": 0.045492984354496,
  "xle_low": 0.041968848556280136,
  "vix_sma_10": 0.03458026796579361,
  "usd_index_low": 0.03275908902287483,
  "ema_10": 0.03077758103609085,
  "volume_sma_20": 0.028850102797150612,
  "sma_10": 0.028720373287796974,
  "bb_lower": 0.027624791488051414,
  "usd_index_close": 0.027547622099518776,
  "sma_20": 0.02730509079992771,
  "usd_index_high": 0.027082286775112152,
  "ema_50": 0.026545435190200806,
  "volatility_20": 0.024326983839273453,
  "ema_20": 0.024304186925292015,
  "xlk_close": 0.0242859348654747,
  "usd_index_open": 0.023007288575172424,
  "xlf_close": 0.02021726593375206,
  "xlf_high": 0.01952226459980011,
  "macd": 0.019100017845630646
}