{
  "vix_high": 0.029085777699947357,
  "sma_200": 0.026637263596057892,
  "vix_low": 0.025061896070837975,
  "bb_lower": 0.024571625515818596,
  "xle_open": 0.024304626509547234,
  "yield_change": 0.023418711498379707,
  "xle_high": 0.021485257893800735,
  "xlk_close": 0.0208600927144289,
  "vix_close": 0.020448166877031326,
  "treasury_10y_low": 0.020159855484962463,
  "return_1d": 0.020103713497519493,
  "ema_200": 0.020055292174220085,
  "bb_upper": 0.019973697140812874,
  "volume_ratio": 0.019486140459775925,
  "xlk_low": 0.018849652260541916,
  "xlk_high": 0.01868203841149807,
  "volatility_5": 0.018488962203264236,
  "treasury_10y_open": 0.01845918968319893,
  "vix_open": 0.017194146290421486,
  "bb_width": 0.017194045707583427
}