{
  "sma_50": 0.05946100503206253,
  "xle_open": 0.049280185252428055,
  "xlf_high": 0.033784061670303345,
  "ema_200": 0.03182321414351463,
  "xle_high": 0.03167266398668289,
  "sma_200": 0.02993854507803917,
  "volatility_5": 0.027554789558053017,
  "bb_upper": 0.026833627372980118,
  "ema_50": 0.026147885248064995,
  "usd_index_low": 0.02499822899699211,
  "vix_sma_10": 0.02390165999531746,
  "macd_signal": 0.02373736910521984,
  "usd_index_high": 0.02249065227806568,
  "volume_ratio": 0.02070513740181923,
  "xle_low": 0.01966344565153122,
  "ema_10": 0.018647247925400734,
  "vix_high": 0.015304725617170334,
  "sma_10": 0.015233850106596947,
  "volatility_20": 0.015028598718345165,
  "ema_20": 0.015015390701591969
}