{
  "ema_10": 0.06613084673881531,
  "xle_low": 0.06048287823796272,
  "ema_200": 0.05178169161081314,
  "vix_sma_10": 0.04626641049981117,
  "sma_200": 0.042968615889549255,
  "usd_index_close": 0.03588605299592018,
  "usd_index_low": 0.03541858494281769,
  "ema_50": 0.029107581824064255,
  "xlk_close": 0.02781590446829796,
  "sma_50": 0.026551928371191025,
  "xlf_high": 0.024572771042585373,
  "volume_sma_20": 0.02325066737830639,
  "macd_diff": 0.02269073948264122,
  "xlk_high": 0.021280718967318535,
  "usd_index_open": 0.021231459453701973,
  "ema_20": 0.020576469600200653,
  "macd": 0.02049703150987625,
  "xle_close": 0.01933683641254902,
  "sma_10": 0.019224783405661583,
  "volatility_20": 0.018366066738963127
}