{
  "sma_200": 0.046690717339515686,
  "vix_high": 0.03237413614988327,
  "bb_lower": 0.02913295291364193,
  "volume_ratio": 0.022787293419241905,
  "sma_10": 0.022114288061857224,
  "bb_upper": 0.021896468475461006,
  "yield_change": 0.021389344707131386,
  "return_1d": 0.02097555249929428,
  "xlk_open": 0.02071266807615757,
  "rsi_14": 0.0204485934227705,
  "vix_open": 0.02016126736998558,
  "xle_high": 0.019879451021552086,
  "xlk_low": 0.01959177851676941,
  "vix_close": 0.0193638913333416,
  "volatility_5": 0.019122451543807983,
  "xle_rel_strength": 0.018956156447529793,
  "treasury_10y_low": 0.01859835349023342,
  "stoch_d": 0.018288014456629753,
  "xlf_rel_strength": 0.01787644252181053,
  "macd_signal": 0.017655745148658752
}