{
  "ema_200": 0.05827612057328224,
  "sma_200": 0.04987087473273277,
  "xle_low": 0.04642200469970703,
  "usd_index_low": 0.0449209064245224,
  "vix_sma_10": 0.04178600385785103,
  "ema_10": 0.03502115234732628,
  "volume_sma_20": 0.03476438298821449,
  "xle_close": 0.03171320632100105,
  "usd_index_high": 0.03156168386340141,
  "macd": 0.02742328867316246,
  "sma_20": 0.0265519879758358,
  "usd_index_close": 0.0245522391051054,
  "treasury_10y_high": 0.02448934130370617,
  "xlf_close": 0.023147402331233025,
  "xlf_high": 0.021298671141266823,
  "bb_lower": 0.019498370587825775,
  "xle_high": 0.019417086616158485,
  "sma_50": 0.019248604774475098,
  "macd_diff": 0.01869574934244156,
  "atr_14": 0.01819392293691635
}