{
  "sma_50": 0.040956806391477585,
  "sma_200": 0.036724913865327835,
  "bb_upper": 0.03585236519575119,
  "volatility_5": 0.032607510685920715,
  "xle_open": 0.03180298954248428,
  "ema_200": 0.02970784157514572,
  "usd_index_low": 0.029457101598381996,
  "sma_10": 0.026876987889409065,
  "xle_high": 0.026216670870780945,
  "macd_signal": 0.025223009288311005,
  "vix_sma_10": 0.02144290693104267,
  "ema_50": 0.02129165269434452,
  "volume_ratio": 0.02018744871020317,
  "xlf_high": 0.02008422091603279,
  "ema_20": 0.02002338320016861,
  "usd_index_high": 0.019691677764058113,
  "xle_low": 0.018730610609054565,
  "atr_14": 0.018349260091781616,
  "treasury_10y_open": 0.018285319209098816,
  "volume_sma_20": 0.017591942101716995
}