{
  "vix_high": 0.03741564229130745,
  "vix_open": 0.026874877512454987,
  "yield_change": 0.02405804954469204,
  "bb_lower": 0.024023493751883507,
  "xlk_open": 0.023956358432769775,
  "volume_ratio": 0.02331337332725525,
  "xlf_high": 0.023126494139432907,
  "return_1d": 0.02165246568620205,
  "treasury_10y_low": 0.02148340456187725,
  "macd_signal": 0.020933445543050766,
  "xle_high": 0.020653944462537766,
  "rsi_14": 0.020557601004838943,
  "sma_10": 0.02029118500649929,
  "usd_index_high": 0.020202618092298508,
  "volatility_5": 0.01985064521431923,
  "sma_200": 0.019633948802947998,
  "xlf_open": 0.01952800713479519,
  "xlk_low": 0.019240176305174828,
  "xlf_low": 0.01804262027144432,
  "ema_200": 0.01795417070388794
}