{
  "xle_high": 0.04847443848848343,
  "sma_10": 0.043091386556625366,
  "volatility_5": 0.03932439908385277,
  "ema_200": 0.0377543643116951,
  "xle_open": 0.03175845742225647,
  "sma_50": 0.03083823248744011,
  "usd_index_low": 0.029811140149831772,
  "xlf_high": 0.02868007682263851,
  "sma_200": 0.027925552800297737,
  "bb_upper": 0.02468591369688511,
  "macd_signal": 0.02356937900185585,
  "usd_index_high": 0.021987508982419968,
  "ema_10": 0.020733455196022987,
  "ema_50": 0.01992589421570301,
  "xlk_low": 0.01882512867450714,
  "xlk_high": 0.018793098628520966,
  "volume_sma_20": 0.01764020510017872,
  "rsi_14": 0.017088718712329865,
  "vix_sma_10": 0.017065057530999184,
  "ema_20": 0.01684071682393551
}