{
  "vix_high": 0.030831353738904,
  "xlk_close": 0.02966952696442604,
  "ema_50": 0.02859233319759369,
  "treasury_10y_low": 0.02776026725769043,
  "vix_low": 0.024231864139437675,
  "xlk_high": 0.02355620078742504,
  "sma_200": 0.023499857634305954,
  "yield_change": 0.023170575499534607,
  "ema_200": 0.02138824202120304,
  "vix_close": 0.02097190171480179,
  "atr_14": 0.020913615822792053,
  "xlf_open": 0.020065421238541603,
  "xlk_low": 0.019718125462532043,
  "return_1d": 0.01969166472554207,
  "volatility_5": 0.01922733709216118,
  "bb_lower": 0.01916409656405449,
  "xle_open": 0.018952585756778717,
  "rsi_14": 0.01820478029549122,
  "usd_index_low": 0.017719725146889687,
  "xlk_open": 0.01749107427895069
}