{
  "vix_high": 0.0351322665810585,
  "sma_10": 0.03334931284189224,
  "volume_ratio": 0.02689582295715809,
  "vix_close": 0.02492569573223591,
  "yield_change": 0.02362469583749771,
  "rsi_14": 0.023078203201293945,
  "treasury_10y_low": 0.022635724395513535,
  "bb_lower": 0.022044189274311066,
  "return_1d": 0.021998334676027298,
  "xlk_open": 0.021856576204299927,
  "bb_upper": 0.021717146039009094,
  "bb_pct": 0.019104773178696632,
  "vix_open": 0.018836935982108116,
  "ema_200": 0.018138235434889793,
  "usd_index_low": 0.01795421540737152,
  "xle_high": 0.01749347150325775,
  "macd_signal": 0.017302704975008965,
  "volatility_5": 0.01725492812693119,
  "usd_index_high": 0.016953589394688606,
  "macd_diff": 0.016748517751693726
}