{
  "xle_high": 0.04357274994254112,
  "sma_10": 0.04302801936864853,
  "volatility_5": 0.03572647646069527,
  "ema_50": 0.03569504991173744,
  "ema_200": 0.03512784093618393,
  "xlf_high": 0.03430406376719475,
  "xle_open": 0.03158488869667053,
  "sma_200": 0.03051145374774933,
  "usd_index_low": 0.02644575759768486,
  "bb_upper": 0.02562277391552925,
  "macd_signal": 0.02523830533027649,
  "sma_50": 0.022732039913535118,
  "xlk_close": 0.021998172625899315,
  "xlk_high": 0.021646108478307724,
  "ema_20": 0.020266160368919373,
  "usd_index_high": 0.02012304589152336,
  "vix_sma_10": 0.01999424770474434,
  "xle_low": 0.01970578543841839,
  "xlf_low": 0.019651759415864944,
  "bb_pct": 0.015341784805059433
}