{
  "xle_low": 0.07149305939674377,
  "ema_10": 0.06076427921652794,
  "ema_200": 0.04594917222857475,
  "usd_index_low": 0.037299759685993195,
  "ema_20": 0.034547511488199234,
  "xlk_low": 0.033925995230674744,
  "sma_200": 0.033880844712257385,
  "sma_50": 0.03373319283127785,
  "usd_index_open": 0.03291868045926094,
  "xle_close": 0.031439926475286484,
  "xlf_high": 0.029188530519604683,
  "volume_sma_20": 0.029134558513760567,
  "vix_sma_10": 0.028537936508655548,
  "macd": 0.026455068960785866,
  "xlk_close": 0.021791310980916023,
  "volatility_20": 0.020726673305034637,
  "usd_index_close": 0.020274100825190544,
  "sma_20": 0.01976598985493183,
  "atr_14": 0.01683737337589264,
  "treasury_10y_high": 0.01681574620306492
}