{
  "xle_low": 0.11807616055011749,
  "ema_200": 0.05000099912285805,
  "ema_50": 0.04038432240486145,
  "sma_200": 0.03932858258485794,
  "usd_index_close": 0.03425014764070511,
  "usd_index_low": 0.03269688040018082,
  "treasury_10y_close": 0.030870161950588226,
  "sma_10": 0.026380201801657677,
  "sma_50": 0.02591964788734913,
  "xlk_close": 0.02469945326447487,
  "xlf_high": 0.024284085258841515,
  "volume_sma_20": 0.022523673251271248,
  "macd": 0.02238546870648861,
  "bb_upper": 0.02238379418849945,
  "ema_20": 0.021203618496656418,
  "treasury_10y_high": 0.020533302798867226,
  "ema_10": 0.02044203318655491,
  "vix_sma_10": 0.019642623141407967,
  "treasury_10y_low": 0.018655436113476753,
  "usd_index_open": 0.017476558685302734
}