{
  "xle_low": 0.0745425894856453,
  "ema_200": 0.05342373624444008,
  "sma_200": 0.05026720464229584,
  "xle_close": 0.04495896399021149,
  "ema_10": 0.043635036796331406,
  "usd_index_low": 0.03517380729317665,
  "vix_sma_10": 0.03009297139942646,
  "volume_sma_20": 0.026723233982920647,
  "usd_index_high": 0.02475380338728428,
  "usd_index_close": 0.023066651076078415,
  "usd_index_open": 0.023012002930045128,
  "sma_50": 0.022421764209866524,
  "bb_lower": 0.021857695654034615,
  "sma_20": 0.020527539774775505,
  "ema_20": 0.01925821602344513,
  "macd_signal": 0.01921786367893219,
  "macd": 0.01912315934896469,
  "xlk_close": 0.0184075515717268,
  "volatility_20": 0.01837175525724888,
  "sma_10": 0.017845742404460907
}