{
  "ema_200": 0.07999846339225769,
  "vix_sma_10": 0.05082166939973831,
  "xle_low": 0.049805182963609695,
  "usd_index_low": 0.04869113489985466,
  "treasury_10y_close": 0.037866443395614624,
  "sma_200": 0.03768397867679596,
  "usd_index_close": 0.02851475030183792,
  "sma_50": 0.026515472680330276,
  "xlf_high": 0.025432657450437546,
  "ema_10": 0.024741170927882195,
  "volume_sma_20": 0.023493483662605286,
  "macd": 0.02275836281478405,
  "treasury_10y_low": 0.02207932621240616,
  "usd_index_high": 0.02192458137869835,
  "bb_upper": 0.02041160687804222,
  "macd_diff": 0.02016797661781311,
  "macd_signal": 0.019850673153996468,
  "treasury_10y_high": 0.019062159582972527,
  "volatility_5": 0.017477691173553467,
  "ema_50": 0.01707208715379238
}