{
  "bb_upper": 0.03310054540634155,
  "vix_low": 0.028039703145623207,
  "vix_high": 0.02778453193604946,
  "usd_index_low": 0.025772931054234505,
  "yield_change": 0.024856336414813995,
  "xlk_low": 0.024386653676629066,
  "treasury_10y_low": 0.023254314437508583,
  "vix_open": 0.023054951801896095,
  "sma_200": 0.02223586104810238,
  "xle_high": 0.022072048857808113,
  "volume_ratio": 0.02084391564130783,
  "xlf_high": 0.019425474107265472,
  "vix_close": 0.01892966777086258,
  "volatility_5": 0.01807895302772522,
  "stoch_d": 0.017773538827896118,
  "bb_width": 0.017632635310292244,
  "bb_lower": 0.01761459931731224,
  "return_1d": 0.01735854148864746,
  "return_20d": 0.017270758748054504,
  "xle_open": 0.017135202884674072
}