{
  "xle_low": 0.08130321651697159,
  "ema_200": 0.06253058463335037,
  "usd_index_low": 0.050674304366111755,
  "xle_close": 0.04643082246184349,
  "sma_200": 0.032471947371959686,
  "vix_sma_10": 0.02669559046626091,
  "volume_sma_20": 0.02606290578842163,
  "usd_index_open": 0.025127938017249107,
  "sma_10": 0.025004763156175613,
  "ema_10": 0.024057649075984955,
  "macd": 0.024023817852139473,
  "sma_50": 0.02372955158352852,
  "ema_20": 0.022617798298597336,
  "macd_diff": 0.022494642063975334,
  "bb_upper": 0.01986849121749401,
  "xlk_close": 0.01982429064810276,
  "usd_index_high": 0.019753985106945038,
  "usd_index_close": 0.019719526171684265,
  "sma_20": 0.01914297230541706,
  "xlf_high": 0.018382107838988304
}