{
  "sma_50": 0.04471556097269058,
  "volatility_5": 0.038220491260290146,
  "ema_200": 0.03458641842007637,
  "xlf_high": 0.034564342349767685,
  "xle_open": 0.033103153109550476,
  "sma_200": 0.032939303666353226,
  "vix_sma_10": 0.031114032492041588,
  "usd_index_low": 0.02902648039162159,
  "macd_signal": 0.02658495306968689,
  "bb_upper": 0.02578354999423027,
  "usd_index_high": 0.02425386942923069,
  "ema_50": 0.023714417591691017,
  "xlk_high": 0.02016068436205387,
  "xlf_rel_strength": 0.018536236137151718,
  "xlf_open": 0.018171235918998718,
  "xle_high": 0.01703823171555996,
  "ema_20": 0.016857916489243507,
  "volume_ratio": 0.016841307282447815,
  "xle_low": 0.01658700220286846,
  "ema_10": 0.015755383297801018
}