{
  "xle_low": 0.09043429046869278,
  "ema_200": 0.05620059743523598,
  "ema_10": 0.040557000786066055,
  "usd_index_low": 0.04037388041615486,
  "sma_200": 0.03869697079062462,
  "usd_index_close": 0.03562898933887482,
  "xle_open": 0.030901838093996048,
  "volume_sma_20": 0.030545612797141075,
  "xle_close": 0.027651863172650337,
  "ema_20": 0.025319203734397888,
  "macd": 0.023897679522633553,
  "usd_index_high": 0.02388807386159897,
  "bb_lower": 0.02196977101266384,
  "xlk_close": 0.02192571759223938,
  "vix_sma_10": 0.021518981084227562,
  "sma_20": 0.02019655704498291,
  "treasury_10y_high": 0.020179929211735725,
  "atr_14": 0.019017186015844345,
  "treasury_10y_low": 0.018749305978417397,
  "ema_50": 0.01698756217956543
}