{
  "sma_10": 0.038134049624204636,
  "vix_high": 0.03553321957588196,
  "bb_upper": 0.027750464156270027,
  "volume_ratio": 0.027154304087162018,
  "treasury_10y_low": 0.024501033127307892,
  "vix_close": 0.02372254990041256,
  "bb_lower": 0.022941196337342262,
  "return_1d": 0.02181452326476574,
  "ema_200": 0.02132475934922695,
  "yield_change": 0.020716339349746704,
  "xle_high": 0.020245473831892014,
  "vix_open": 0.020105991512537003,
  "rsi_14": 0.020086059346795082,
  "bb_pct": 0.019982049241662025,
  "usd_index_low": 0.019217707216739655,
  "volatility_5": 0.01918584667146206,
  "usd_index_open": 0.018937839195132256,
  "xle_open": 0.01871415227651596,
  "return_5d": 0.017908502370119095,
  "xlf_rel_strength": 0.016827717423439026
}