{
  "xle_high": 0.05678683891892433,
  "sma_10": 0.04866728559136391,
  "volatility_5": 0.03719315677881241,
  "ema_10": 0.03242708742618561,
  "ema_200": 0.029437022283673286,
  "sma_200": 0.026950709521770477,
  "macd_signal": 0.025484411045908928,
  "bb_upper": 0.02484201081097126,
  "usd_index_high": 0.024660209193825722,
  "sma_20": 0.024165108799934387,
  "xle_open": 0.023511424660682678,
  "ema_50": 0.02347998507320881,
  "usd_index_low": 0.02120617963373661,
  "vix_sma_10": 0.02106589265167713,
  "ema_20": 0.020976833999156952,
  "sma_50": 0.02003687247633934,
  "treasury_10y_open": 0.01885147951543331,
  "xlf_high": 0.01568792760372162,
  "xlk_open": 0.01517837680876255,
  "treasury_10y_low": 0.01483433973044157
}