{
  "xle_high": 0.05005812272429466,
  "ema_200": 0.04514360427856445,
  "volatility_5": 0.03900038078427315,
  "sma_10": 0.03677918761968613,
  "xlf_high": 0.03140007704496384,
  "bb_upper": 0.03020256944000721,
  "usd_index_low": 0.02874252386391163,
  "sma_200": 0.026048967614769936,
  "macd_signal": 0.025467868894338608,
  "sma_50": 0.025132011622190475,
  "xlk_high": 0.02451908215880394,
  "usd_index_high": 0.023227261379361153,
  "sma_20": 0.02193458005785942,
  "ema_50": 0.021656962111592293,
  "xle_open": 0.021208835765719414,
  "treasury_10y_open": 0.021082812920212746,
  "xle_low": 0.019967317581176758,
  "volume_sma_20": 0.01981990784406662,
  "ema_20": 0.019794264808297157,
  "ema_10": 0.018593456596136093
}