{
  "xle_low": 0.09349549561738968,
  "ema_200": 0.055876486003398895,
  "ema_10": 0.05018407851457596,
  "vix_sma_10": 0.04319477081298828,
  "xle_open": 0.04032832384109497,
  "sma_200": 0.03747863322496414,
  "xlf_high": 0.031352683901786804,
  "sma_50": 0.02968171052634716,
  "usd_index_high": 0.02913101576268673,
  "usd_index_low": 0.027915528044104576,
  "usd_index_open": 0.02756144478917122,
  "volume_sma_20": 0.026944434270262718,
  "xlk_close": 0.02112218178808689,
  "macd": 0.020717699080705643,
  "xlk_high": 0.02005273662507534,
  "bb_lower": 0.019984513521194458,
  "macd_diff": 0.01972261816263199,
  "ema_20": 0.018296947702765465,
  "macd_signal": 0.018024936318397522,
  "usd_index_close": 0.017626693472266197
}