{
  "xle_high": 0.05153298005461693,
  "volatility_5": 0.039187464863061905,
  "sma_10": 0.038675758987665176,
  "sma_200": 0.030732009559869766,
  "usd_index_high": 0.029110699892044067,
  "ema_200": 0.028590003028512,
  "bb_upper": 0.02618439495563507,
  "sma_50": 0.025737708434462547,
  "xle_open": 0.023744484409689903,
  "usd_index_low": 0.022538991644978523,
  "macd_signal": 0.02212764509022236,
  "vix_sma_10": 0.02115018293261528,
  "xlf_low": 0.0209038108587265,
  "ema_10": 0.020504042506217957,
  "ema_50": 0.019539345055818558,
  "rsi_14": 0.019510339945554733,
  "ema_20": 0.0192896518856287,
  "xlf_high": 0.018390782177448273,
  "treasury_10y_open": 0.018154693767428398,
  "xlk_high": 0.01752375438809395
}