{
  "vix_high": 0.030295919626951218,
  "volume_ratio": 0.027103241533041,
  "sma_50": 0.024605896323919296,
  "usd_index_high": 0.023872729390859604,
  "bb_lower": 0.023151185363531113,
  "rsi_14": 0.022779125720262527,
  "sma_200": 0.022727178409695625,
  "treasury_10y_low": 0.02217247523367405,
  "yield_change": 0.022068582475185394,
  "ema_200": 0.0219326913356781,
  "return_1d": 0.021602215245366096,
  "vix_open": 0.01997271738946438,
  "macd_signal": 0.019725702702999115,
  "bb_pct": 0.019616905599832535,
  "bb_upper": 0.019297011196613312,
  "ema_20": 0.01914120279252529,
  "xlf_rel_strength": 0.019050568342208862,
  "xle_high": 0.01889108493924141,
  "vix_close": 0.01864335872232914,
  "sma_10": 0.01792687550187111
}