{
  "xle_low": 0.07961175590753555,
  "ema_200": 0.062222715467214584,
  "sma_200": 0.051587965339422226,
  "ema_10": 0.041002437472343445,
  "xle_close": 0.038436464965343475,
  "usd_index_low": 0.03738712891936302,
  "usd_index_high": 0.03237943351268768,
  "vix_sma_10": 0.030009860172867775,
  "volume_sma_20": 0.02505432441830635,
  "macd": 0.024069909006357193,
  "usd_index_close": 0.021908853203058243,
  "sma_50": 0.0216954555362463,
  "bb_lower": 0.021669724956154823,
  "ema_20": 0.02164221741259098,
  "usd_index_open": 0.020398274064064026,
  "macd_signal": 0.019341519102454185,
  "sma_20": 0.018520036712288857,
  "volatility_20": 0.018229514360427856,
  "macd_diff": 0.01763206720352173,
  "treasury_10y_open": 0.016861237585544586
}