{
  "sma_200": 0.03905948996543884,
  "sma_50": 0.03627171739935875,
  "volatility_5": 0.0357571542263031,
  "xle_open": 0.03504831716418266,
  "ema_10": 0.030393999069929123,
  "ema_50": 0.02789965085685253,
  "bb_upper": 0.027177631855010986,
  "volume_ratio": 0.026184648275375366,
  "usd_index_high": 0.025218702852725983,
  "xle_high": 0.02492571994662285,
  "vix_sma_10": 0.024266548454761505,
  "ema_200": 0.0229642316699028,
  "sma_10": 0.022115249186754227,
  "macd_signal": 0.020525451749563217,
  "ema_20": 0.019449250772595406,
  "xlk_high": 0.017744986340403557,
  "xlf_open": 0.017680013552308083,
  "xle_close": 0.01748916693031788,
  "volume_sma_20": 0.017485667020082474,
  "xlf_high": 0.017018787562847137
}