{
  "volatility_5": 0.04338892549276352,
  "xle_open": 0.04286275804042816,
  "bb_upper": 0.03443707153201103,
  "ema_200": 0.031177300959825516,
  "ema_50": 0.030513793230056763,
  "volume_ratio": 0.030230971053242683,
  "sma_50": 0.02962280996143818,
  "usd_index_high": 0.027236562222242355,
  "sma_200": 0.02546757645905018,
  "xle_high": 0.025033043697476387,
  "macd_signal": 0.023030608892440796,
  "vix_sma_10": 0.022753344848752022,
  "usd_index_low": 0.020855311304330826,
  "usd_index_close": 0.019435089081525803,
  "xlf_high": 0.018869182094931602,
  "ema_20": 0.018555646762251854,
  "xlk_high": 0.018206285312771797,
  "volume_sma_20": 0.01662912406027317,
  "xlk_open": 0.01633705571293831,
  "sma_10": 0.016101930290460587
}