{
  "bb_upper": 0.035194281488657,
  "vix_high": 0.030118653550744057,
  "usd_index_low": 0.024747570976614952,
  "sma_200": 0.024083957076072693,
  "bb_lower": 0.023773135617375374,
  "vix_low": 0.022584041580557823,
  "yield_change": 0.02113817073404789,
  "volatility_5": 0.020786266773939133,
  "vix_open": 0.020459875464439392,
  "xle_high": 0.020421093329787254,
  "xlf_high": 0.019997961819171906,
  "treasury_10y_open": 0.019407575950026512,
  "treasury_10y_low": 0.019358834251761436,
  "xle_open": 0.018559174612164497,
  "return_20d": 0.01850239560008049,
  "stoch_d": 0.01830105111002922,
  "vix_close": 0.018041396513581276,
  "volume_ratio": 0.017845826223492622,
  "return_1d": 0.017476875334978104,
  "return_5d": 0.01724027283489704
}