{
  "xle_high": 0.04199637100100517,
  "sma_10": 0.03933901712298393,
  "volatility_5": 0.03631165251135826,
  "sma_20": 0.0338214635848999,
  "ema_200": 0.030743958428502083,
  "usd_index_high": 0.030013276264071465,
  "bb_upper": 0.029782524332404137,
  "xlk_high": 0.02878165803849697,
  "sma_200": 0.028201701119542122,
  "xle_open": 0.02759523317217827,
  "sma_50": 0.025418825447559357,
  "macd_signal": 0.023406054824590683,
  "xlk_low": 0.022759119048714638,
  "xlf_high": 0.021375596523284912,
  "xlk_close": 0.017518004402518272,
  "volatility_20": 0.016925940290093422,
  "usd_index_low": 0.01692410558462143,
  "ema_20": 0.01690903678536415,
  "volume_sma_20": 0.016587207093834877,
  "bb_lower": 0.01657841168344021
}