{
  "bb_upper": 0.03407154977321625,
  "vix_high": 0.029246287420392036,
  "vix_low": 0.02612556330859661,
  "sma_200": 0.023931927978992462,
  "yield_change": 0.022649144753813744,
  "treasury_10y_low": 0.02228677272796631,
  "ema_200": 0.021536631509661674,
  "usd_index_low": 0.02127891033887863,
  "xle_open": 0.02098158560693264,
  "volatility_5": 0.02054278552532196,
  "ema_10": 0.01928950846195221,
  "bb_pct": 0.01917654648423195,
  "vix_close": 0.019172633066773415,
  "xlf_high": 0.018997017294168472,
  "macd_signal": 0.018197152763605118,
  "treasury_10y_open": 0.017925003543496132,
  "return_20d": 0.01782548800110817,
  "rsi_14": 0.017722222954034805,
  "return_1d": 0.017606111243367195,
  "xle_high": 0.017388755455613136
}