{
  "xle_open": 0.037435662001371384,
  "volatility_5": 0.03715045377612114,
  "ema_200": 0.036023762077093124,
  "xle_high": 0.032615646719932556,
  "sma_200": 0.030349083244800568,
  "volume_ratio": 0.029797261580824852,
  "sma_50": 0.028308697044849396,
  "usd_index_high": 0.027239233255386353,
  "macd_signal": 0.026594743132591248,
  "xlk_low": 0.02470238320529461,
  "xlf_high": 0.022832555696368217,
  "ema_10": 0.021631969138979912,
  "sma_10": 0.020958535373210907,
  "vix_sma_10": 0.01977776177227497,
  "volume_sma_20": 0.01912851259112358,
  "xlf_open": 0.018900541588664055,
  "bb_upper": 0.018752699717879295,
  "ema_50": 0.01773640140891075,
  "rsi_14": 0.01701042801141739,
  "bb_lower": 0.016994496807456017
}