{
  "xle_low": 0.06518939882516861,
  "usd_index_low": 0.0650557354092598,
  "ema_200": 0.0501258485019207,
  "sma_200": 0.049701906740665436,
  "vix_sma_10": 0.035545121878385544,
  "xle_close": 0.03169598430395126,
  "sma_10": 0.02819696068763733,
  "xlf_high": 0.027382658794522285,
  "ema_10": 0.025991806760430336,
  "xle_high": 0.02527996152639389,
  "volume_sma_20": 0.02328961156308651,
  "sma_20": 0.0229609664529562,
  "vix_close": 0.022196060046553612,
  "sma_50": 0.022178087383508682,
  "usd_index_high": 0.022010812535881996,
  "macd_diff": 0.021682852879166603,
  "ema_50": 0.01863338053226471,
  "macd": 0.018553458154201508,
  "usd_index_open": 0.017618421465158463,
  "macd_signal": 0.01751585491001606
}