{
  "xle_low": 0.07590615749359131,
  "ema_10": 0.055122844874858856,
  "xlk_close": 0.04827311262488365,
  "ema_200": 0.044931810349226,
  "sma_200": 0.040318410843610764,
  "usd_index_close": 0.03563622012734413,
  "usd_index_low": 0.03505972772836685,
  "vix_sma_10": 0.034322693943977356,
  "usd_index_open": 0.031018603593111038,
  "sma_50": 0.02553235925734043,
  "volatility_20": 0.025221504271030426,
  "volume_sma_20": 0.02342955395579338,
  "sma_20": 0.022503364831209183,
  "macd": 0.022124314680695534,
  "xlf_close": 0.021193120628595352,
  "sma_10": 0.0196327343583107,
  "xle_close": 0.019129740074276924,
  "ema_20": 0.01869552582502365,
  "macd_diff": 0.017887664958834648,
  "usd_index_high": 0.017874296754598618
}