{
  "xle_low": 0.09215614199638367,
  "usd_index_low": 0.0621415376663208,
  "ema_10": 0.061046309769153595,
  "ema_200": 0.04928615689277649,
  "xlk_close": 0.04362040385603905,
  "sma_200": 0.03731377795338631,
  "xle_close": 0.03472604230046272,
  "vix_sma_10": 0.032498251646757126,
  "sma_50": 0.027748025953769684,
  "xlf_high": 0.022646114230155945,
  "usd_index_open": 0.02194707840681076,
  "xlf_low": 0.020980771631002426,
  "ema_50": 0.02063852734863758,
  "volume_sma_20": 0.019444255158305168,
  "macd": 0.018187440931797028,
  "usd_index_high": 0.01762230135500431,
  "usd_index_close": 0.017126666381955147,
  "macd_signal": 0.016703344881534576,
  "xlk_high": 0.016249453648924828,
  "sma_20": 0.016118351370096207
}