{
  "vix_high": 0.03211601451039314,
  "treasury_10y_open": 0.024705616757273674,
  "yield_change": 0.024581313133239746,
  "usd_index_low": 0.024144208058714867,
  "xle_open": 0.023783821612596512,
  "xlk_low": 0.023245127871632576,
  "ema_200": 0.022577885538339615,
  "vix_low": 0.02256024070084095,
  "vix_open": 0.021778415888547897,
  "bb_upper": 0.0217690821737051,
  "sma_200": 0.021508142352104187,
  "xlf_high": 0.021323850378394127,
  "treasury_10y_low": 0.021063538268208504,
  "vix_close": 0.01986650750041008,
  "xlk_close": 0.019357115030288696,
  "xle_high": 0.01901826821267605,
  "xlf_open": 0.01893705502152443,
  "usd_index_high": 0.01769118383526802,
  "return_1d": 0.01753104478120804,
  "bb_pct": 0.01732899434864521
}