{
  "xle_high": 0.04530258849263191,
  "ema_50": 0.04316538944840431,
  "sma_10": 0.04052714630961418,
  "volatility_5": 0.040486522018909454,
  "ema_200": 0.039792828261852264,
  "usd_index_high": 0.024688689038157463,
  "bb_upper": 0.02405012957751751,
  "macd_signal": 0.02360859327018261,
  "xle_open": 0.02345365844666958,
  "sma_50": 0.023238005116581917,
  "usd_index_low": 0.02295873314142227,
  "sma_200": 0.022869501262903214,
  "xlk_high": 0.021039428189396858,
  "ema_10": 0.0196828693151474,
  "treasury_10y_open": 0.019281525164842606,
  "xlf_high": 0.018601395189762115,
  "vix_sma_10": 0.017903760075569153,
  "ema_20": 0.017841996625065804,
  "xlf_low": 0.017446089535951614,
  "xlk_low": 0.017296070232987404
}