{
  "bb_upper": 0.04467114433646202,
  "vix_high": 0.028477676212787628,
  "sma_200": 0.0269825030118227,
  "vix_low": 0.02420174703001976,
  "xle_high": 0.02349851466715336,
  "yield_change": 0.022995591163635254,
  "ema_200": 0.020957624539732933,
  "usd_index_low": 0.020733153447508812,
  "treasury_10y_low": 0.020087851211428642,
  "bb_lower": 0.019864320755004883,
  "vix_open": 0.01965983957052231,
  "return_20d": 0.019079137593507767,
  "return_1d": 0.01868337392807007,
  "treasury_10y_open": 0.018598157912492752,
  "bb_pct": 0.01842818781733513,
  "return_5d": 0.01834597997367382,
  "volatility_5": 0.018034817650914192,
  "rsi_14": 0.017944684252142906,
  "vix_change": 0.017909377813339233,
  "volume_ratio": 0.017321597784757614
}