{
  "vix_high": 0.03414304554462433,
  "volume_ratio": 0.026232730597257614,
  "yield_change": 0.025470111519098282,
  "bb_lower": 0.02456550858914852,
  "bb_pct": 0.024002496153116226,
  "sma_200": 0.023665128275752068,
  "treasury_10y_low": 0.02287387289106846,
  "return_1d": 0.02254711091518402,
  "rsi_14": 0.02216247096657753,
  "sma_10": 0.02179058827459812,
  "vix_close": 0.020788608118891716,
  "usd_index_high": 0.020498251542448997,
  "xle_high": 0.020428163930773735,
  "ema_200": 0.020188232883810997,
  "xlk_open": 0.020180292427539825,
  "volatility_5": 0.018449833616614342,
  "bb_upper": 0.017627688124775887,
  "xlf_rel_strength": 0.017124567180871964,
  "vix_change": 0.01707197166979313,
  "xle_volume": 0.016931043937802315
}