{
  "sma_50": 0.04481721669435501,
  "sma_10": 0.04478362202644348,
  "volatility_5": 0.0364995114505291,
  "xle_high": 0.0359271876513958,
  "usd_index_high": 0.03503015637397766,
  "xlk_high": 0.030464019626379013,
  "sma_200": 0.02742331475019455,
  "xle_open": 0.02725164219737053,
  "ema_200": 0.02699035406112671,
  "ema_50": 0.026299115270376205,
  "bb_upper": 0.024831051006913185,
  "macd_signal": 0.024088729172945023,
  "ema_20": 0.02272835560142994,
  "xlf_low": 0.020136350765824318,
  "vix_sma_10": 0.02005934529006481,
  "sma_20": 0.019260967150330544,
  "xlf_high": 0.01892722025513649,
  "treasury_10y_open": 0.018867095932364464,
  "xle_low": 0.01772569864988327,
  "xlk_open": 0.0177041944116354
}