{
  "xle_low": 0.07408882677555084,
  "xlk_close": 0.056670695543289185,
  "ema_10": 0.05633155629038811,
  "ema_200": 0.04698140546679497,
  "sma_200": 0.037138767540454865,
  "usd_index_low": 0.03674239665269852,
  "vix_sma_10": 0.03117378242313862,
  "usd_index_open": 0.029604557901620865,
  "usd_index_close": 0.02870544232428074,
  "sma_50": 0.02726847305893898,
  "volume_sma_20": 0.024416623637080193,
  "volatility_20": 0.024075960740447044,
  "sma_20": 0.023682739585638046,
  "macd": 0.023600351065397263,
  "xlf_close": 0.022203251719474792,
  "sma_10": 0.020681539550423622,
  "usd_index_high": 0.019301075488328934,
  "macd_diff": 0.018755825236439705,
  "ema_20": 0.018229668959975243,
  "xle_close": 0.018226297572255135
}