{
  "xlf_high": 0.04379624128341675,
  "volatility_5": 0.0354892835021019,
  "ema_200": 0.03417903184890747,
  "sma_200": 0.033758554607629776,
  "xle_high": 0.033166054636240005,
  "sma_50": 0.03308648243546486,
  "ema_10": 0.030282318592071533,
  "xle_open": 0.029911067336797714,
  "bb_upper": 0.027295589447021484,
  "usd_index_low": 0.02699471265077591,
  "macd_signal": 0.024849338456988335,
  "sma_10": 0.02456851303577423,
  "xlk_high": 0.023959198966622353,
  "usd_index_high": 0.022972898557782173,
  "vix_sma_10": 0.022091226652264595,
  "volume_ratio": 0.022056439891457558,
  "ema_50": 0.021344782784581184,
  "rsi_14": 0.01896674931049347,
  "macd": 0.01811574399471283,
  "xle_low": 0.017838237807154655
}