{
  "sma_200": 0.03344098478555679,
  "vix_high": 0.028229424729943275,
  "bb_upper": 0.02807570807635784,
  "vix_low": 0.026546452194452286,
  "usd_index_low": 0.022711629047989845,
  "yield_change": 0.022291941568255424,
  "bb_lower": 0.02149968035519123,
  "xle_open": 0.021045511588454247,
  "treasury_10y_open": 0.02100667543709278,
  "ema_200": 0.019680190831422806,
  "vix_close": 0.0194843802601099,
  "bb_pct": 0.019379714503884315,
  "return_5d": 0.0193062461912632,
  "treasury_10y_low": 0.019241662696003914,
  "volume_ratio": 0.018444566056132317,
  "return_1d": 0.01828133314847946,
  "vix_open": 0.017923034727573395,
  "ema_10": 0.017760680988430977,
  "vix_change": 0.017437053844332695,
  "stoch_d": 0.017314983531832695
}