{
  "xle_open": 0.04027560353279114,
  "volatility_5": 0.03783996030688286,
  "sma_200": 0.03700228035449982,
  "ema_50": 0.03541525825858116,
  "usd_index_high": 0.03471753001213074,
  "sma_50": 0.030240515246987343,
  "ema_200": 0.029365364462137222,
  "xle_high": 0.027132447808980942,
  "ema_20": 0.025954904034733772,
  "bb_upper": 0.024610081687569618,
  "volume_ratio": 0.02449546940624714,
  "macd_signal": 0.022907640784978867,
  "vix_sma_10": 0.02218424715101719,
  "xlf_high": 0.02101798541843891,
  "xlk_high": 0.02080553211271763,
  "ema_10": 0.01985972374677658,
  "usd_index_low": 0.019718099385499954,
  "volume_sma_20": 0.017513537779450417,
  "xle_low": 0.01732943207025528,
  "treasury_10y_open": 0.017074206843972206
}