{
  "sma_10": 0.0336616188287735,
  "vix_high": 0.033408429473638535,
  "bb_lower": 0.02810799703001976,
  "treasury_10y_low": 0.028075139969587326,
  "vix_open": 0.024542616680264473,
  "volume_ratio": 0.023956894874572754,
  "vix_close": 0.023702947422862053,
  "rsi_14": 0.022131018340587616,
  "sma_200": 0.021687492728233337,
  "xle_high": 0.02117249183356762,
  "return_1d": 0.02082807756960392,
  "yield_change": 0.020472409203648567,
  "bb_upper": 0.019103126600384712,
  "macd_signal": 0.019055407494306564,
  "stoch_d": 0.018608756363391876,
  "xlk_low": 0.018296321853995323,
  "ema_200": 0.017393451184034348,
  "xlf_rel_strength": 0.01738159731030464,
  "return_10d": 0.017335334792733192,
  "usd_index_high": 0.017186908051371574
}