{
  "xle_low": 0.05505644902586937,
  "ema_200": 0.05450056120753288,
  "usd_index_low": 0.04766535758972168,
  "vix_sma_10": 0.04605729132890701,
  "xlk_close": 0.04038187488913536,
  "sma_200": 0.03961849585175514,
  "ema_50": 0.029445825144648552,
  "usd_index_close": 0.02909388765692711,
  "ema_10": 0.027400929480791092,
  "ema_20": 0.026327120140194893,
  "volume_sma_20": 0.025949807837605476,
  "macd": 0.025430189445614815,
  "treasury_10y_close": 0.023908700793981552,
  "sma_50": 0.022256676107645035,
  "xlk_high": 0.02086375467479229,
  "sma_20": 0.020840255543589592,
  "xle_close": 0.020025350153446198,
  "macd_diff": 0.018802277743816376,
  "atr_14": 0.01816272921860218,
  "treasury_10y_high": 0.017353111878037453
}