{
  "xle_high": 0.04238874465227127,
  "sma_10": 0.040389709174633026,
  "volatility_5": 0.03808879479765892,
  "bb_upper": 0.032812900841236115,
  "ema_200": 0.031193027272820473,
  "sma_200": 0.030519461259245872,
  "usd_index_high": 0.030426304787397385,
  "xlk_low": 0.02650492638349533,
  "xle_open": 0.025517335161566734,
  "sma_20": 0.02535315603017807,
  "xlk_high": 0.022058730944991112,
  "ema_50": 0.02188801020383835,
  "macd_signal": 0.021556919440627098,
  "atr_14": 0.018931426107883453,
  "vix_sma_10": 0.018768053501844406,
  "sma_50": 0.018356340005993843,
  "usd_index_low": 0.01823851652443409,
  "ema_20": 0.017650214955210686,
  "xlf_high": 0.017619188874959946,
  "volume_sma_20": 0.016778213903307915
}