{
  "vix_high": 0.03070811554789543,
  "bb_lower": 0.028929492458701134,
  "usd_index_high": 0.027832524850964546,
  "volume_ratio": 0.027712678536772728,
  "yield_change": 0.02330072782933712,
  "vix_close": 0.023115497082471848,
  "sma_200": 0.02291414886713028,
  "return_1d": 0.022890981286764145,
  "treasury_10y_low": 0.021661458536982536,
  "bb_upper": 0.021374531090259552,
  "vix_open": 0.021221859380602837,
  "rsi_14": 0.02025677263736725,
  "xlk_open": 0.019654739648103714,
  "return_10d": 0.019399181008338928,
  "volatility_5": 0.018815431743860245,
  "ema_200": 0.01870286650955677,
  "xlf_high": 0.018324926495552063,
  "xle_rel_strength": 0.01824561506509781,
  "macd_signal": 0.01802978105843067,
  "bb_width": 0.017544293776154518
}