{
  "sma_50": 0.0381920263171196,
  "volatility_5": 0.03726159781217575,
  "ema_10": 0.03537321090698242,
  "ema_200": 0.030207082629203796,
  "xle_open": 0.028069669380784035,
  "sma_200": 0.02658846043050289,
  "volume_ratio": 0.02596380189061165,
  "vix_sma_10": 0.02527628466486931,
  "xle_high": 0.023822210729122162,
  "usd_index_high": 0.023537831380963326,
  "xlk_high": 0.022785736247897148,
  "ema_50": 0.022708218544721603,
  "bb_upper": 0.022313136607408524,
  "ema_20": 0.022282376885414124,
  "xlf_high": 0.021639207378029823,
  "macd_signal": 0.02135496772825718,
  "treasury_10y_open": 0.021313797682523727,
  "sma_10": 0.02094387821853161,
  "usd_index_low": 0.01927248202264309,
  "vix_low": 0.01816839724779129
}