{
  "sma_200": 0.03531564772129059,
  "vix_high": 0.02962278015911579,
  "treasury_10y_low": 0.02933308109641075,
  "sma_10": 0.02625170908868313,
  "ema_200": 0.02401643991470337,
  "xlk_low": 0.023000184446573257,
  "vix_open": 0.021800093352794647,
  "vix_low": 0.021748168393969536,
  "yield_change": 0.020740710198879242,
  "treasury_10y_open": 0.019590027630329132,
  "vix_change": 0.018800294026732445,
  "volume_ratio": 0.018782122060656548,
  "return_1d": 0.0187206007540226,
  "return_20d": 0.018625348806381226,
  "usd_index_low": 0.018563929945230484,
  "sma_50": 0.018483057618141174,
  "rsi_14": 0.018410516902804375,
  "vix_close": 0.01828957535326481,
  "return_5d": 0.018277686089277267,
  "bb_pct": 0.017686981707811356
}