{
  "xle_low": 0.08535949885845184,
  "ema_200": 0.05513382703065872,
  "ema_10": 0.051388490945100784,
  "usd_index_low": 0.04594637081027031,
  "xle_close": 0.03969818353652954,
  "vix_sma_10": 0.037748489528894424,
  "sma_200": 0.03236236795783043,
  "xlk_close": 0.02820943482220173,
  "usd_index_open": 0.027229536324739456,
  "volume_sma_20": 0.02623538300395012,
  "usd_index_close": 0.02541721984744072,
  "sma_50": 0.022118419408798218,
  "xlf_low": 0.0214182548224926,
  "ema_50": 0.021075040102005005,
  "macd": 0.01952333375811577,
  "xlk_low": 0.01950906403362751,
  "macd_diff": 0.018719211220741272,
  "macd_signal": 0.016885455697774887,
  "treasury_10y_low": 0.016612078994512558,
  "xle_high": 0.015861570835113525
}