{
  "xle_low": 0.06963250786066055,
  "ema_200": 0.05819287523627281,
  "usd_index_low": 0.055198851972818375,
  "xle_open": 0.04222434014081955,
  "ema_10": 0.036317046731710434,
  "sma_200": 0.03127610310912132,
  "volume_sma_20": 0.03053034096956253,
  "xle_close": 0.028272327035665512,
  "vix_sma_10": 0.02678646892309189,
  "usd_index_open": 0.026772288605570793,
  "sma_10": 0.022892223671078682,
  "sma_50": 0.022110983729362488,
  "sma_20": 0.021336985751986504,
  "usd_index_close": 0.02098437212407589,
  "macd": 0.02088153176009655,
  "ema_20": 0.0208771750330925,
  "treasury_10y_high": 0.020531387999653816,
  "xle_high": 0.0196433924138546,
  "atr_14": 0.019461089745163918,
  "volatility_20": 0.019376398995518684
}