{
  "xle_low": 0.06808272004127502,
  "usd_index_low": 0.05509919300675392,
  "ema_200": 0.050551436841487885,
  "ema_10": 0.049730025231838226,
  "vix_sma_10": 0.04221013933420181,
  "xle_close": 0.034205853939056396,
  "sma_200": 0.03220764547586441,
  "sma_10": 0.029512610286474228,
  "macd": 0.027431093156337738,
  "sma_50": 0.027090294286608696,
  "xlk_close": 0.024860110133886337,
  "usd_index_open": 0.02445528469979763,
  "xlf_low": 0.023735634982585907,
  "sma_20": 0.02307645045220852,
  "xlk_high": 0.022897010669112206,
  "treasury_10y_close": 0.02195080555975437,
  "vix_close": 0.02071169950067997,
  "volatility_20": 0.020039580762386322,
  "usd_index_close": 0.019075315445661545,
  "volume_sma_20": 0.018403301015496254
}