{
  "vix_high": 0.037044424563646317,
  "sma_10": 0.03439012169837952,
  "bb_upper": 0.026635564863681793,
  "rsi_14": 0.024697119370102882,
  "volume_ratio": 0.02241724729537964,
  "sma_200": 0.022129161283373833,
  "yield_change": 0.02188974805176258,
  "vix_open": 0.02183263748884201,
  "return_1d": 0.02079225331544876,
  "bb_lower": 0.0205698162317276,
  "vix_close": 0.01994910277426243,
  "xlk_open": 0.01974908448755741,
  "usd_index_high": 0.019179411232471466,
  "volatility_5": 0.018486425280570984,
  "xle_open": 0.018465405330061913,
  "xlf_rel_strength": 0.018032826483249664,
  "treasury_10y_low": 0.01773512177169323,
  "macd_signal": 0.017144761979579926,
  "xlk_close": 0.01711217500269413,
  "bb_pct": 0.016858253628015518
}