{
  "ema_200": 0.06904211640357971,
  "xlk_close": 0.043096017092466354,
  "sma_200": 0.0415445901453495,
  "usd_index_low": 0.04145592823624611,
  "bb_upper": 0.03728732094168663,
  "vix_sma_10": 0.036328643560409546,
  "volume_sma_20": 0.030780130997300148,
  "ema_20": 0.030066493898630142,
  "xle_low": 0.028865864500403404,
  "usd_index_high": 0.02860240265727043,
  "sma_50": 0.027968358248472214,
  "ema_10": 0.02752467431128025,
  "xlk_high": 0.022801849991083145,
  "xlf_high": 0.022759290412068367,
  "usd_index_close": 0.022598005831241608,
  "volatility_20": 0.022527383640408516,
  "usd_index_open": 0.019900236278772354,
  "xle_high": 0.01962558925151825,
  "sp500_open": 0.019369417801499367,
  "macd": 0.0191244725137949
}