{
  "ema_50": 0.04555061459541321,
  "xle_open": 0.0393233485519886,
  "sma_200": 0.03504647687077522,
  "volatility_5": 0.033546049147844315,
  "ema_200": 0.026909135282039642,
  "xle_high": 0.0268983393907547,
  "usd_index_high": 0.02597627229988575,
  "ema_10": 0.02593333274126053,
  "volume_ratio": 0.025442779064178467,
  "sma_50": 0.025271965190768242,
  "bb_upper": 0.02524792030453682,
  "xlf_low": 0.024573706090450287,
  "ema_20": 0.023542458191514015,
  "vix_sma_10": 0.022495273500680923,
  "macd_signal": 0.022196417674422264,
  "atr_14": 0.020541662350296974,
  "xlk_high": 0.020201299339532852,
  "xlf_high": 0.018938709050416946,
  "treasury_10y_open": 0.018636733293533325,
  "sma_10": 0.016841674223542213
}