{
  "vix_high": 0.03445732966065407,
  "bb_upper": 0.03436807543039322,
  "usd_index_high": 0.026961684226989746,
  "volume_ratio": 0.02499893121421337,
  "yield_change": 0.02435322292149067,
  "vix_close": 0.022758055478334427,
  "treasury_10y_low": 0.022041060030460358,
  "xlk_open": 0.02188083343207836,
  "sma_50": 0.02117280289530754,
  "xle_high": 0.02116432413458824,
  "bb_lower": 0.02087092399597168,
  "ema_200": 0.0205095037817955,
  "usd_index_low": 0.020304469391703606,
  "return_1d": 0.02022841013967991,
  "xlf_high": 0.020152432844042778,
  "volatility_20": 0.0191397275775671,
  "rsi_14": 0.01863347925245762,
  "volatility_5": 0.018586456775665283,
  "stoch_d": 0.018056295812129974,
  "xlk_low": 0.01783273182809353
}