{
  "sma_50": 0.037682875990867615,
  "ema_200": 0.03194747492671013,
  "sma_200": 0.03070463426411152,
  "volatility_5": 0.02966701239347458,
  "xle_open": 0.028004728257656097,
  "bb_upper": 0.02797807939350605,
  "volume_ratio": 0.02758987806737423,
  "xlf_high": 0.025856034830212593,
  "vix_sma_10": 0.024868259206414223,
  "macd_signal": 0.0247732512652874,
  "usd_index_low": 0.024575689807534218,
  "ema_50": 0.024553542956709862,
  "xle_high": 0.02436312846839428,
  "usd_index_high": 0.022641250863671303,
  "ema_10": 0.022160427644848824,
  "sma_10": 0.021507082507014275,
  "xlk_high": 0.020572632551193237,
  "sma_20": 0.019669102504849434,
  "volume_sma_20": 0.017649712041020393,
  "xlk_low": 0.01704578287899494
}