{
  "xle_low": 0.07647903263568878,
  "ema_200": 0.06859852373600006,
  "sma_200": 0.05554012209177017,
  "usd_index_low": 0.04576041176915169,
  "ema_10": 0.042965296655893326,
  "vix_sma_10": 0.030510444194078445,
  "xle_close": 0.02770710177719593,
  "ema_20": 0.027277499437332153,
  "usd_index_open": 0.02488594688475132,
  "macd": 0.0238809697329998,
  "volume_sma_20": 0.023374540731310844,
  "sma_50": 0.022988131269812584,
  "sma_20": 0.02225145883858204,
  "macd_signal": 0.019758641719818115,
  "usd_index_high": 0.019622216001152992,
  "macd_diff": 0.018749980255961418,
  "xlk_high": 0.018618198111653328,
  "xlf_high": 0.018236057832837105,
  "xlk_low": 0.017157385125756264,
  "treasury_10y_low": 0.016713930293917656
}