{
  "xle_low": 0.09239058941602707,
  "ema_10": 0.06103935465216637,
  "sma_200": 0.045583635568618774,
  "xlk_close": 0.041628796607255936,
  "ema_50": 0.04043158143758774,
  "ema_200": 0.040340472012758255,
  "usd_index_low": 0.03159458190202713,
  "xlf_high": 0.030303193256258965,
  "usd_index_open": 0.0286049023270607,
  "xlk_low": 0.020753826946020126,
  "bb_upper": 0.020701708272099495,
  "sma_50": 0.020508212968707085,
  "vix_sma_10": 0.020104004070162773,
  "treasury_10y_high": 0.019898096099495888,
  "volume_sma_20": 0.01945304311811924,
  "bb_lower": 0.01931140199303627,
  "usd_index_high": 0.018800364807248116,
  "macd": 0.01801060512661934,
  "usd_index_close": 0.017350882291793823,
  "macd_diff": 0.01649474911391735
}