{
  "xle_open": 0.04289752617478371,
  "volatility_5": 0.041117846965789795,
  "sma_200": 0.035865556448698044,
  "sma_50": 0.033703744411468506,
  "ema_200": 0.03210528567433357,
  "xlf_high": 0.031773317605257034,
  "usd_index_high": 0.03069385699927807,
  "ema_20": 0.02873947285115719,
  "sma_10": 0.02662772871553898,
  "bb_upper": 0.0250089131295681,
  "ema_10": 0.022770904004573822,
  "macd_signal": 0.022033685818314552,
  "ema_50": 0.021418921649456024,
  "vix_sma_10": 0.019807251170277596,
  "usd_index_low": 0.019797232002019882,
  "xlk_high": 0.019270027056336403,
  "volume_ratio": 0.01879332959651947,
  "xlf_open": 0.01734253391623497,
  "xlf_rel_strength": 0.01699848659336567,
  "xle_close": 0.01667044311761856
}