{
  "xle_open": 0.04806198924779892,
  "ema_200": 0.03964117914438248,
  "sma_50": 0.03817358985543251,
  "volatility_5": 0.03490493819117546,
  "ema_50": 0.03355421870946884,
  "sma_200": 0.029264379292726517,
  "bb_upper": 0.02678738161921501,
  "xlf_high": 0.025730403140187263,
  "macd_signal": 0.025569651275873184,
  "usd_index_high": 0.02374693565070629,
  "usd_index_low": 0.02363250032067299,
  "sma_10": 0.023139620199799538,
  "ema_20": 0.022445859387516975,
  "volume_ratio": 0.020155759528279305,
  "xlf_rel_strength": 0.01885254494845867,
  "vix_sma_10": 0.018118707463145256,
  "volume_sma_20": 0.016000276431441307,
  "xle_rel_strength": 0.015088073909282684,
  "atr_14": 0.01483578234910965,
  "xle_low": 0.014819016680121422
}