{
  "sma_200": 0.03761325031518936,
  "sma_10": 0.03272057697176933,
  "vix_high": 0.02948775887489319,
  "volume_ratio": 0.026538146659731865,
  "rsi_14": 0.023627813905477524,
  "yield_change": 0.0232099536806345,
  "bb_lower": 0.022299358621239662,
  "return_1d": 0.021922791376709938,
  "vix_close": 0.021780911833047867,
  "usd_index_high": 0.02114887908101082,
  "vix_open": 0.020894581452012062,
  "treasury_10y_low": 0.02000979520380497,
  "volatility_5": 0.01968674175441265,
  "xle_high": 0.01911056414246559,
  "xlf_rel_strength": 0.019041692838072777,
  "xlf_low": 0.018984733149409294,
  "ema_200": 0.01875070296227932,
  "macd_signal": 0.01840435341000557,
  "ema_50": 0.01676553301513195,
  "xle_rel_strength": 0.016368143260478973
}