{
  "xle_low": 0.07604315131902695,
  "ema_200": 0.06472159922122955,
  "sma_200": 0.044156868010759354,
  "ema_10": 0.0431576743721962,
  "vix_sma_10": 0.03968169540166855,
  "volume_sma_20": 0.03754726052284241,
  "usd_index_low": 0.03688225522637367,
  "usd_index_close": 0.032439034432172775,
  "xle_close": 0.032296620309352875,
  "usd_index_high": 0.028710491955280304,
  "macd": 0.0258681271225214,
  "ema_20": 0.02304326742887497,
  "macd_diff": 0.022573096677660942,
  "treasury_10y_close": 0.020958295091986656,
  "sma_20": 0.019215693697333336,
  "xlk_high": 0.018801216036081314,
  "bb_lower": 0.018356939777731895,
  "macd_signal": 0.017981164157390594,
  "usd_index_open": 0.01720818132162094,
  "treasury_10y_high": 0.016481025144457817
}