{
  "ema_50": 0.06178461015224457,
  "xle_open": 0.04068091884255409,
  "volatility_5": 0.038436487317085266,
  "sma_200": 0.03477799892425537,
  "ema_200": 0.02894207090139389,
  "xlf_high": 0.02889935113489628,
  "usd_index_low": 0.02633216604590416,
  "vix_sma_10": 0.02565116435289383,
  "sma_50": 0.025635262951254845,
  "sma_10": 0.024602238088846207,
  "macd_signal": 0.02434765361249447,
  "bb_upper": 0.024006018415093422,
  "xlf_open": 0.02329251915216446,
  "xlk_low": 0.021123062819242477,
  "ema_10": 0.0206298790872097,
  "usd_index_high": 0.020317435264587402,
  "sma_20": 0.020003655925393105,
  "xlf_low": 0.018824536353349686,
  "ema_20": 0.018132299184799194,
  "vix_high": 0.016598789021372795
}