{
  "vix_high": 0.03322578966617584,
  "sma_10": 0.030126769095659256,
  "bb_upper": 0.02858462743461132,
  "volume_ratio": 0.028130758553743362,
  "vix_close": 0.023882083594799042,
  "bb_lower": 0.02360561303794384,
  "vix_open": 0.02294658124446869,
  "xlf_open": 0.022478561848402023,
  "return_1d": 0.022226031869649887,
  "sma_200": 0.021763645112514496,
  "treasury_10y_low": 0.021677616983652115,
  "ema_200": 0.02137860655784607,
  "yield_change": 0.020154191181063652,
  "rsi_14": 0.01975257135927677,
  "xlf_low": 0.018326090648770332,
  "usd_index_high": 0.018215535208582878,
  "macd_signal": 0.018046366050839424,
  "volatility_5": 0.01781441643834114,
  "return_10d": 0.017585914582014084,
  "vix_change": 0.01733117364346981
}