{
  "vix_high": 0.032388053834438324,
  "bb_upper": 0.030383804813027382,
  "volume_ratio": 0.024720853194594383,
  "yield_change": 0.023543141782283783,
  "usd_index_high": 0.022807708010077477,
  "treasury_10y_low": 0.0222347192466259,
  "vix_close": 0.021747281774878502,
  "sma_50": 0.02147245593369007,
  "return_1d": 0.02129700966179371,
  "vix_open": 0.02069721184670925,
  "usd_index_low": 0.020250219851732254,
  "usd_index_open": 0.019816631451249123,
  "ema_200": 0.019699009135365486,
  "bb_lower": 0.0193732101470232,
  "xlk_high": 0.019352398812770844,
  "xlk_open": 0.01911676675081253,
  "xlf_high": 0.01791263371706009,
  "xlf_low": 0.017566615715622902,
  "stoch_d": 0.017058752477169037,
  "rsi_14": 0.017028991132974625
}