{
  "xle_low": 0.0976957157254219,
  "ema_10": 0.06273914873600006,
  "usd_index_low": 0.04746976122260094,
  "ema_200": 0.0442005954682827,
  "sma_200": 0.04148031398653984,
  "sma_50": 0.030017925426363945,
  "xle_close": 0.028492802754044533,
  "xlf_low": 0.027337543666362762,
  "xlk_close": 0.02725990116596222,
  "volume_sma_20": 0.026219597086310387,
  "usd_index_open": 0.026103494688868523,
  "treasury_10y_high": 0.02170581929385662,
  "vix_sma_10": 0.021391278132796288,
  "ema_50": 0.01890324242413044,
  "xlf_high": 0.01835089921951294,
  "usd_index_high": 0.01818607747554779,
  "sma_10": 0.01720271445810795,
  "ema_20": 0.01710108295083046,
  "macd": 0.017018835991621017,
  "xlf_close": 0.016884122043848038
}