{
  "vix_high": 0.03639805689454079,
  "xlk_low": 0.026723306626081467,
  "bb_lower": 0.02651365101337433,
  "sma_200": 0.0260295532643795,
  "volume_ratio": 0.023972265422344208,
  "treasury_10y_low": 0.022801149636507034,
  "xlk_open": 0.02222798392176628,
  "rsi_14": 0.02220344729721546,
  "usd_index_high": 0.02199583873152733,
  "yield_change": 0.02146872691810131,
  "ema_200": 0.021268567070364952,
  "sma_10": 0.02084537222981453,
  "vix_close": 0.02081819623708725,
  "return_1d": 0.019971515983343124,
  "xle_high": 0.019481351599097252,
  "bb_upper": 0.018976066261529922,
  "macd_diff": 0.017809508368372917,
  "volatility_5": 0.01778685487806797,
  "bb_pct": 0.017363030463457108,
  "macd_signal": 0.017345193773508072
}