{
  "sma_200": 0.027404209598898888,
  "vix_high": 0.027316519990563393,
  "xle_open": 0.025313204154372215,
  "vix_low": 0.023352747783064842,
  "yield_change": 0.022321581840515137,
  "volatility_5": 0.021072855219244957,
  "treasury_10y_low": 0.021042926236987114,
  "bb_lower": 0.020978862419724464,
  "xlf_open": 0.020847424864768982,
  "bb_upper": 0.02025381661951542,
  "ema_200": 0.020208071917295456,
  "xle_high": 0.02003651112318039,
  "rsi_14": 0.019799597561359406,
  "vix_close": 0.019655335694551468,
  "return_1d": 0.0195577722042799,
  "usd_index_low": 0.019358372315764427,
  "xlk_close": 0.018999749794602394,
  "sma_10": 0.01835092157125473,
  "vix_open": 0.01814848557114601,
  "volatility_20": 0.017201600596308708
}