{
  "xle_low": 0.0781332328915596,
  "ema_10": 0.05632314458489418,
  "ema_200": 0.05058008059859276,
  "usd_index_low": 0.05010288208723068,
  "xlk_close": 0.039799027144908905,
  "sma_200": 0.03827862814068794,
  "xle_open": 0.031661488115787506,
  "xlf_low": 0.030135203152894974,
  "vix_sma_10": 0.029868749901652336,
  "xle_close": 0.02553495578467846,
  "usd_index_open": 0.02413254976272583,
  "xlk_high": 0.02227870747447014,
  "sma_50": 0.022270528599619865,
  "ema_50": 0.02130216360092163,
  "volume_sma_20": 0.02091056853532791,
  "bb_lower": 0.0203994307667017,
  "ema_20": 0.018722128123044968,
  "usd_index_close": 0.018539059907197952,
  "usd_index_high": 0.01800406165421009,
  "xle_high": 0.017380811274051666
}