{
  "xle_low": 0.08814974874258041,
  "usd_index_low": 0.06381439417600632,
  "ema_200": 0.05296928808093071,
  "xle_open": 0.05265999212861061,
  "ema_10": 0.039216239005327225,
  "sma_200": 0.037712596356868744,
  "vix_sma_10": 0.03278779238462448,
  "usd_index_open": 0.028603604063391685,
  "xlk_close": 0.023999689146876335,
  "usd_index_high": 0.0229597520083189,
  "volume_sma_20": 0.022604258731007576,
  "sma_10": 0.02242467552423477,
  "macd_diff": 0.022330831736326218,
  "sma_20": 0.022099265828728676,
  "xlk_high": 0.02140025980770588,
  "macd": 0.021263951435685158,
  "treasury_10y_open": 0.02063777856528759,
  "ema_50": 0.01610994152724743,
  "sma_50": 0.015945009887218475,
  "macd_signal": 0.015360428020358086
}