{
  "xle_low": 0.11296314746141434,
  "ema_200": 0.07758818566799164,
  "usd_index_low": 0.05749305337667465,
  "ema_50": 0.044955115765333176,
  "sma_200": 0.034846074879169464,
  "ema_10": 0.03185245022177696,
  "sma_20": 0.026645854115486145,
  "macd": 0.02546278014779091,
  "vix_sma_10": 0.02486596815288067,
  "usd_index_high": 0.02300192043185234,
  "volume_sma_20": 0.022367509081959724,
  "usd_index_close": 0.020878423005342484,
  "xle_close": 0.019357310608029366,
  "treasury_10y_close": 0.019199317321181297,
  "treasury_10y_high": 0.01860981062054634,
  "xlk_high": 0.017865560948848724,
  "xlf_open": 0.017251916229724884,
  "xlf_high": 0.016834227368235588,
  "sma_10": 0.01643005944788456,
  "treasury_10y_open": 0.016224786639213562
}