{
  "xle_open": 0.05037665739655495,
  "bb_upper": 0.03890238702297211,
  "ema_200": 0.03747525066137314,
  "volatility_5": 0.03655999153852463,
  "xlf_high": 0.03214274346828461,
  "sma_200": 0.03095008060336113,
  "ema_50": 0.030774232000112534,
  "sma_50": 0.0307612344622612,
  "usd_index_high": 0.026361674070358276,
  "sma_10": 0.025804344564676285,
  "macd_signal": 0.025726450607180595,
  "vix_sma_10": 0.025472864508628845,
  "ema_20": 0.01956339180469513,
  "usd_index_low": 0.018616775050759315,
  "ema_10": 0.018118925392627716,
  "volume_ratio": 0.01786041632294655,
  "xlk_low": 0.017659133300185204,
  "atr_14": 0.01734454743564129,
  "xlf_rel_strength": 0.016155675053596497,
  "xlk_open": 0.01581054925918579
}