{
  "vix_high": 0.02882772870361805,
  "bb_upper": 0.028763609007000923,
  "vix_low": 0.026238631457090378,
  "treasury_10y_low": 0.025133997201919556,
  "ema_200": 0.024154972285032272,
  "xle_high": 0.023641502484679222,
  "yield_change": 0.023327486589550972,
  "xlk_open": 0.02167203649878502,
  "usd_index_low": 0.021535908803343773,
  "sma_200": 0.021504241973161697,
  "return_1d": 0.02071831375360489,
  "vix_close": 0.02038510888814926,
  "bb_lower": 0.020179471001029015,
  "stoch_d": 0.020102208480238914,
  "xlk_high": 0.019310684874653816,
  "bb_pct": 0.019238146021962166,
  "xlk_low": 0.019018324092030525,
  "ema_10": 0.018825657665729523,
  "volatility_20": 0.017774660140275955,
  "return_20d": 0.017496198415756226
}