{
  "vix_high": 0.03801087662577629,
  "sma_200": 0.036052506417036057,
  "vix_open": 0.030469993129372597,
  "vix_close": 0.02307392656803131,
  "volume_ratio": 0.022899016737937927,
  "yield_change": 0.02281121350824833,
  "return_1d": 0.02140532061457634,
  "volatility_5": 0.021391693502664566,
  "usd_index_high": 0.020989559590816498,
  "bb_lower": 0.02051502652466297,
  "treasury_10y_low": 0.020421046763658524,
  "xlk_open": 0.019602812826633453,
  "rsi_14": 0.019380129873752594,
  "sma_10": 0.019228197634220123,
  "macd_signal": 0.018935617059469223,
  "xle_high": 0.018837524577975273,
  "xlf_high": 0.017904894426465034,
  "vix_change": 0.017804985865950584,
  "bb_pct": 0.01778937503695488,
  "vix_low": 0.017763061448931694
}