{
  "sma_10": 0.05141749978065491,
  "xle_high": 0.046951863914728165,
  "volatility_5": 0.036536358296871185,
  "ema_50": 0.031129149720072746,
  "sma_200": 0.029285842552781105,
  "ema_200": 0.028787802904844284,
  "usd_index_high": 0.027200719341635704,
  "xlk_high": 0.024935469031333923,
  "sma_50": 0.02435203827917576,
  "xlf_high": 0.023501461371779442,
  "bb_upper": 0.022679032757878304,
  "usd_index_low": 0.022451438009738922,
  "xle_open": 0.021889984607696533,
  "xle_low": 0.02179199457168579,
  "macd_signal": 0.020627088844776154,
  "ema_20": 0.020232925191521645,
  "vix_sma_10": 0.019635990262031555,
  "volume_sma_20": 0.017899364233016968,
  "treasury_10y_open": 0.01744278334081173,
  "volatility_20": 0.016028786078095436
}