{
  "sma_50": 0.05832056328654289,
  "xle_open": 0.04111892729997635,
  "ema_50": 0.03944425284862518,
  "sma_200": 0.03712499514222145,
  "volatility_5": 0.034489553421735764,
  "ema_200": 0.03339727595448494,
  "usd_index_low": 0.029711226001381874,
  "xlf_high": 0.02436804212629795,
  "vix_sma_10": 0.022561827674508095,
  "bb_upper": 0.022350313141942024,
  "macd_signal": 0.022344505414366722,
  "ema_10": 0.022092167288064957,
  "usd_index_high": 0.019732413813471794,
  "vix_high": 0.019463781267404556,
  "sma_10": 0.01876293681561947,
  "xlf_open": 0.018440203741192818,
  "xlk_low": 0.018034406006336212,
  "volume_sma_20": 0.016644606366753578,
  "ema_20": 0.016295619308948517,
  "xlk_close": 0.015419418923556805
}