{
  "vix_high": 0.029479628428816795,
  "sma_200": 0.027934232726693153,
  "return_1d": 0.024183208122849464,
  "vix_close": 0.02379605732858181,
  "rsi_14": 0.023296985775232315,
  "sma_10": 0.022859536111354828,
  "volume_ratio": 0.022749530151486397,
  "yield_change": 0.022506585344672203,
  "treasury_10y_low": 0.022056566551327705,
  "xle_high": 0.02167256735265255,
  "bb_pct": 0.0214984230697155,
  "bb_lower": 0.020634528249502182,
  "volatility_5": 0.020231124013662338,
  "xlk_open": 0.02013975940644741,
  "usd_index_high": 0.01924726739525795,
  "macd_signal": 0.01871464215219021,
  "usd_index_low": 0.018386388197541237,
  "macd_diff": 0.017942246049642563,
  "xle_volume": 0.017565304413437843,
  "return_10d": 0.017354970797896385
}