{
  "vix_high": 0.030286654829978943,
  "bb_lower": 0.02588658593595028,
  "treasury_10y_low": 0.02564449980854988,
  "vix_close": 0.02548777498304844,
  "volume_ratio": 0.02514331415295601,
  "bb_pct": 0.024492228403687477,
  "return_1d": 0.02270693890750408,
  "vix_open": 0.02266795188188553,
  "yield_change": 0.022337496280670166,
  "sma_10": 0.02150488831102848,
  "rsi_14": 0.020724747329950333,
  "volatility_5": 0.019924085587263107,
  "sma_200": 0.01941913552582264,
  "stoch_d": 0.018907900899648666,
  "bb_upper": 0.018411364406347275,
  "macd_signal": 0.017971711233258247,
  "ema_200": 0.01752692461013794,
  "ema_50": 0.01714220829308033,
  "xle_volume": 0.01712893694639206,
  "xlf_rel_strength": 0.01709064096212387
}