{
  "volatility_5": 0.039946384727954865,
  "xle_open": 0.037166789174079895,
  "ema_200": 0.034923333674669266,
  "sma_200": 0.03139942139387131,
  "sma_50": 0.02880936488509178,
  "ema_10": 0.028433870524168015,
  "usd_index_high": 0.028372526168823242,
  "xle_high": 0.02728738635778427,
  "volume_ratio": 0.025696296244859695,
  "bb_upper": 0.023351922631263733,
  "vix_sma_10": 0.02246338315308094,
  "usd_index_low": 0.02159844897687435,
  "macd_signal": 0.02089712955057621,
  "ema_50": 0.020540818572044373,
  "ema_20": 0.020328592509031296,
  "xle_low": 0.020273178815841675,
  "xlk_high": 0.019265400245785713,
  "sma_10": 0.016949620097875595,
  "volatility_20": 0.016947828233242035,
  "sma_20": 0.016343172639608383
}