{
  "vix_high": 0.03186223283410072,
  "xlf_open": 0.02619495801627636,
  "volume_ratio": 0.024604948237538338,
  "sma_50": 0.024368280544877052,
  "treasury_10y_low": 0.02338341251015663,
  "rsi_14": 0.023152537643909454,
  "xlf_high": 0.02313941903412342,
  "vix_close": 0.022941840812563896,
  "bb_upper": 0.022545143961906433,
  "return_1d": 0.022255506366491318,
  "yield_change": 0.02183557115495205,
  "ema_200": 0.01986079476773739,
  "usd_index_low": 0.019757075235247612,
  "bb_lower": 0.018556740134954453,
  "xle_high": 0.018463613465428352,
  "sma_200": 0.01810041069984436,
  "stoch_d": 0.01804254576563835,
  "volatility_5": 0.017479438334703445,
  "macd_diff": 0.01738075725734234,
  "xlk_open": 0.01737060956656933
}