{
  "vix_high": 0.029958246275782585,
  "yield_change": 0.02637864649295807,
  "sma_10": 0.02606881596148014,
  "bb_upper": 0.025541402399539948,
  "xlk_open": 0.024115364998579025,
  "ema_50": 0.023745371028780937,
  "volume_ratio": 0.023462822660803795,
  "vix_close": 0.02267090417444706,
  "return_1d": 0.02259288914501667,
  "rsi_14": 0.021789513528347015,
  "bb_lower": 0.021593384444713593,
  "treasury_10y_low": 0.020955277606844902,
  "ema_200": 0.02069614827632904,
  "xle_high": 0.019902534782886505,
  "bb_pct": 0.019540375098586082,
  "xlk_close": 0.01929355040192604,
  "vix_open": 0.01914828270673752,
  "usd_index_low": 0.017836488783359528,
  "sp500_low": 0.017270803451538086,
  "xlf_rel_strength": 0.017140166833996773
}