{
  "xle_low": 0.07283476740121841,
  "ema_200": 0.061598531901836395,
  "usd_index_low": 0.04673543944954872,
  "vix_sma_10": 0.04609525576233864,
  "sma_200": 0.04149491712450981,
  "xle_open": 0.03717337176203728,
  "ema_10": 0.03200110048055649,
  "usd_index_close": 0.025314439088106155,
  "usd_index_high": 0.024707019329071045,
  "volume_sma_20": 0.0240598414093256,
  "macd": 0.023787403479218483,
  "usd_index_open": 0.021113555878400803,
  "treasury_10y_close": 0.020860914140939713,
  "sma_20": 0.020082950592041016,
  "xle_high": 0.019363516941666603,
  "sma_10": 0.018978171050548553,
  "xlk_open": 0.01871791109442711,
  "sma_50": 0.018643053248524666,
  "bb_upper": 0.017934810370206833,
  "xlf_low": 0.017864687368273735
}