{
  "bb_upper": 0.031552739441394806,
  "vix_high": 0.030828895047307014,
  "xlk_open": 0.02741839736700058,
  "treasury_10y_low": 0.02698356844484806,
  "yield_change": 0.023636121302843094,
  "volume_ratio": 0.02301931567490101,
  "sma_200": 0.022871453315019608,
  "vix_close": 0.022838817909359932,
  "xlk_high": 0.020929424092173576,
  "xle_high": 0.020715942606329918,
  "return_1d": 0.020463144406676292,
  "sma_10": 0.020401177927851677,
  "volatility_5": 0.019396062940359116,
  "xlk_close": 0.019044049084186554,
  "usd_index_low": 0.019038118422031403,
  "xlf_high": 0.01851150020956993,
  "ema_10": 0.018452569842338562,
  "bb_pct": 0.018058978021144867,
  "ema_200": 0.017329080030322075,
  "macd_signal": 0.01723104901611805
}