{
  "sma_200": 0.04104148969054222,
  "vix_high": 0.03462038189172745,
  "vix_open": 0.02417542226612568,
  "ema_10": 0.023984353989362717,
  "treasury_10y_low": 0.022349482402205467,
  "volume_ratio": 0.021909158676862717,
  "xlf_low": 0.021784739568829536,
  "sma_10": 0.020366007462143898,
  "bb_upper": 0.020288879051804543,
  "yield_change": 0.020251022651791573,
  "xlk_low": 0.0200131107121706,
  "macd_signal": 0.019923293963074684,
  "xle_high": 0.019423391669988632,
  "return_1d": 0.019334441050887108,
  "usd_index_high": 0.018767070025205612,
  "rsi_14": 0.018715545535087585,
  "xlk_open": 0.018580147996544838,
  "xlf_high": 0.018325267359614372,
  "vix_close": 0.01786452904343605,
  "macd_diff": 0.01767057552933693
}