{
  "bb_upper": 0.03462095186114311,
  "vix_high": 0.0324125699698925,
  "bb_lower": 0.027636481449007988,
  "volume_ratio": 0.026866482570767403,
  "treasury_10y_low": 0.026410546153783798,
  "return_1d": 0.024457285180687904,
  "xlk_low": 0.0228755883872509,
  "yield_change": 0.02182241901755333,
  "vix_close": 0.02170957252383232,
  "bb_pct": 0.019842479377985,
  "macd_diff": 0.0196218304336071,
  "stoch_d": 0.018824482336640358,
  "xlf_high": 0.01878490298986435,
  "ema_10": 0.018549932166934013,
  "xlf_low": 0.01810460165143013,
  "rsi_14": 0.017802128568291664,
  "return_5d": 0.017352856695652008,
  "ema_200": 0.01719946786761284,
  "bb_width": 0.01714390516281128,
  "usd_index_low": 0.01678459532558918
}