{
  "vix_high": 0.03123313933610916,
  "bb_upper": 0.030129648745059967,
  "sma_200": 0.026316331699490547,
  "treasury_10y_low": 0.025476619601249695,
  "bb_lower": 0.024721967056393623,
  "xlk_open": 0.024038638919591904,
  "yield_change": 0.023147625848650932,
  "rsi_14": 0.02176038548350334,
  "volume_ratio": 0.021595608443021774,
  "return_1d": 0.021220790222287178,
  "vix_close": 0.02060629427433014,
  "vix_open": 0.02041712775826454,
  "ema_200": 0.018696486949920654,
  "usd_index_high": 0.01859860122203827,
  "xle_high": 0.01839325577020645,
  "xle_open": 0.018182111904025078,
  "xlf_rel_strength": 0.018178526312112808,
  "macd_diff": 0.017827274277806282,
  "ema_50": 0.01773243211209774,
  "bb_width": 0.01750427857041359
}