{
  "ema_50": 0.05312373489141464,
  "ema_200": 0.036988161504268646,
  "volatility_5": 0.0362938828766346,
  "sma_200": 0.03137262538075447,
  "bb_upper": 0.03008364513516426,
  "sma_10": 0.02956010028719902,
  "xle_high": 0.0289458055049181,
  "sma_50": 0.027864990755915642,
  "xle_open": 0.027863310649991035,
  "usd_index_low": 0.02596159093081951,
  "xlf_high": 0.02546457014977932,
  "macd_signal": 0.024138450622558594,
  "vix_sma_10": 0.023007510229945183,
  "usd_index_high": 0.022681836038827896,
  "ema_10": 0.020701080560684204,
  "treasury_10y_open": 0.019529009237885475,
  "xlf_low": 0.018770817667245865,
  "volume_ratio": 0.017891932278871536,
  "xlf_open": 0.016601787880063057,
  "xle_low": 0.016528304666280746
}