{
  "ema_50": 0.033770427107810974,
  "vix_high": 0.02999846450984478,
  "bb_lower": 0.026357172057032585,
  "bb_upper": 0.025691531598567963,
  "volume_ratio": 0.024952249601483345,
  "yield_change": 0.02466931752860546,
  "vix_close": 0.02450929768383503,
  "sma_10": 0.023470407351851463,
  "return_1d": 0.023059861734509468,
  "ema_200": 0.02233549952507019,
  "xlk_open": 0.021436825394630432,
  "rsi_14": 0.021148281171917915,
  "xle_high": 0.021127838641405106,
  "treasury_10y_low": 0.019526241347193718,
  "vix_open": 0.019329626113176346,
  "ema_10": 0.0187760591506958,
  "usd_index_low": 0.018520871177315712,
  "bb_pct": 0.018496105447411537,
  "xlk_close": 0.017758889123797417,
  "usd_index_open": 0.016981469467282295
}