{
  "xle_low": 0.10976856201887131,
  "ema_200": 0.05822031572461128,
  "xle_open": 0.05138884112238884,
  "ema_10": 0.04869084805250168,
  "vix_sma_10": 0.03518546000123024,
  "sma_200": 0.03467775881290436,
  "usd_index_high": 0.03190065547823906,
  "xlf_high": 0.03126859664916992,
  "usd_index_low": 0.029025999829173088,
  "usd_index_open": 0.028953537344932556,
  "sma_50": 0.02565670572221279,
  "volume_sma_20": 0.02513296902179718,
  "xlk_close": 0.02181936986744404,
  "macd": 0.02074311301112175,
  "usd_index_close": 0.01971694827079773,
  "ema_20": 0.018729807808995247,
  "macd_signal": 0.018163442611694336,
  "sma_10": 0.018076706677675247,
  "macd_diff": 0.018033836036920547,
  "sma_20": 0.017388466745615005
}