{
  "sma_200": 0.03599662706255913,
  "xle_open": 0.034814443439245224,
  "ema_200": 0.03473181650042534,
  "volatility_5": 0.03443252295255661,
  "usd_index_high": 0.02960294298827648,
  "xle_high": 0.02950202487409115,
  "ema_50": 0.0275499876588583,
  "bb_upper": 0.02717173844575882,
  "macd_signal": 0.025816526263952255,
  "sma_50": 0.02543945610523224,
  "volume_ratio": 0.025292932987213135,
  "xlk_high": 0.022938869893550873,
  "vix_sma_10": 0.021743638440966606,
  "xlk_low": 0.02117495983839035,
  "ema_20": 0.021161088719964027,
  "xlf_open": 0.02078860253095627,
  "usd_index_low": 0.01909986324608326,
  "xlf_high": 0.018654081970453262,
  "macd_diff": 0.017378367483615875,
  "rsi_14": 0.017199601978063583
}