{
  "xle_low": 0.08947649598121643,
  "ema_200": 0.0544903501868248,
  "sma_200": 0.039980288594961166,
  "xle_open": 0.03945818543434143,
  "usd_index_low": 0.039315953850746155,
  "usd_index_close": 0.03565075993537903,
  "macd": 0.02988375350832939,
  "volume_sma_20": 0.02805134281516075,
  "xlf_low": 0.02717788890004158,
  "ema_20": 0.02701176330447197,
  "ema_10": 0.026036061346530914,
  "vix_sma_10": 0.02531074360013008,
  "treasury_10y_close": 0.024778861552476883,
  "sma_20": 0.023596620187163353,
  "xlk_close": 0.021504715085029602,
  "treasury_10y_high": 0.020813830196857452,
  "sma_50": 0.019400764256715775,
  "bb_lower": 0.01851687952876091,
  "atr_14": 0.017507104203104973,
  "xlf_high": 0.01717480458319187
}