{
  "bb_upper": 0.03961053863167763,
  "vix_high": 0.029653465375304222,
  "vix_low": 0.0260838083922863,
  "sma_200": 0.025188034400343895,
  "treasury_10y_low": 0.02486114576458931,
  "ema_200": 0.022012216970324516,
  "vix_open": 0.0214683935046196,
  "return_1d": 0.02081673964858055,
  "yield_change": 0.020497186109423637,
  "volatility_5": 0.018635444343090057,
  "rsi_14": 0.018631543964147568,
  "return_5d": 0.018453488126397133,
  "usd_index_low": 0.018254410475492477,
  "xle_high": 0.018015140667557716,
  "sma_10": 0.01798621565103531,
  "usd_index_open": 0.01794353313744068,
  "vix_close": 0.017778297886252403,
  "bb_pct": 0.017566164955496788,
  "volume_sma_20": 0.017501667141914368,
  "xlf_open": 0.01744932308793068
}