{
  "xle_open": 0.05732104554772377,
  "volatility_5": 0.04137489199638367,
  "sma_200": 0.03785038739442825,
  "sma_10": 0.03624160215258598,
  "sma_50": 0.03536977991461754,
  "ema_200": 0.029728934168815613,
  "vix_sma_10": 0.026971381157636642,
  "ema_50": 0.02493968792259693,
  "bb_upper": 0.023993955925107002,
  "xlf_high": 0.023364149034023285,
  "volume_ratio": 0.023101121187210083,
  "macd_signal": 0.022810379043221474,
  "usd_index_high": 0.022609053179621696,
  "xlk_high": 0.02260414883494377,
  "ema_20": 0.01861617900431156,
  "volume_sma_20": 0.01753862015902996,
  "xlf_rel_strength": 0.01716548576951027,
  "volatility_20": 0.01714531145989895,
  "xle_low": 0.016926543787121773,
  "usd_index_low": 0.016842005774378777
}