{
  "xle_low": 0.07198738306760788,
  "ema_200": 0.055903926491737366,
  "xlk_close": 0.04404034465551376,
  "usd_index_low": 0.036724720150232315,
  "ema_50": 0.03175053745508194,
  "ema_20": 0.03160598501563072,
  "xle_open": 0.031135443598031998,
  "sma_200": 0.0301632359623909,
  "xle_close": 0.028431488201022148,
  "usd_index_high": 0.028251243755221367,
  "volume_sma_20": 0.02726755291223526,
  "vix_sma_10": 0.027115099132061005,
  "usd_index_close": 0.026336830109357834,
  "macd_diff": 0.023068370297551155,
  "sma_50": 0.02304893732070923,
  "usd_index_open": 0.02090817503631115,
  "macd": 0.020451804623007774,
  "ema_10": 0.019667495042085648,
  "treasury_10y_low": 0.01781400479376316,
  "treasury_10y_high": 0.017695238813757896
}