{
  "xle_low": 0.061738669872283936,
  "usd_index_low": 0.04880446940660477,
  "ema_200": 0.04463864490389824,
  "sma_200": 0.04237760603427887,
  "vix_sma_10": 0.037139490246772766,
  "xle_close": 0.037024278193712234,
  "ema_10": 0.03670346736907959,
  "xle_open": 0.03651826083660126,
  "usd_index_high": 0.035947367548942566,
  "volume_sma_20": 0.03062717616558075,
  "macd": 0.027838164940476418,
  "usd_index_close": 0.02517569810152054,
  "bb_lower": 0.021745499223470688,
  "xlf_high": 0.020025666803121567,
  "treasury_10y_open": 0.019969308748841286,
  "xlk_low": 0.019110580906271935,
  "sma_20": 0.018964014947414398,
  "xlk_close": 0.018761858344078064,
  "sma_50": 0.018097098916769028,
  "macd_diff": 0.017988163977861404
}