{
  "xle_low": 0.1000983715057373,
  "ema_200": 0.05511743202805519,
  "ema_10": 0.05013367906212807,
  "sma_200": 0.04640018194913864,
  "xlk_close": 0.03274538740515709,
  "usd_index_low": 0.03193483129143715,
  "xle_close": 0.03043755702674389,
  "volume_sma_20": 0.029373900964856148,
  "vix_sma_10": 0.027843208983540535,
  "usd_index_open": 0.026981374248862267,
  "usd_index_close": 0.023115094751119614,
  "usd_index_high": 0.023075327277183533,
  "sma_20": 0.020301876589655876,
  "volatility_20": 0.02019455097615719,
  "macd": 0.01996261067688465,
  "xlf_low": 0.018716173246502876,
  "xlk_high": 0.01827835477888584,
  "macd_diff": 0.018246473744511604,
  "sma_50": 0.016909392550587654,
  "ema_20": 0.01599287800490856
}