{
  "xle_low": 0.06782583147287369,
  "usd_index_low": 0.06303226202726364,
  "ema_10": 0.05403276905417442,
  "ema_200": 0.05122198909521103,
  "xlk_close": 0.036592997610569,
  "xle_close": 0.0363665446639061,
  "vix_sma_10": 0.034485429525375366,
  "sma_200": 0.03030094876885414,
  "sma_10": 0.026890577748417854,
  "macd": 0.023635203018784523,
  "xlf_low": 0.023623289540410042,
  "usd_index_open": 0.02328609861433506,
  "sma_50": 0.02306622639298439,
  "xlk_high": 0.022056464105844498,
  "vix_close": 0.021511586382985115,
  "macd_diff": 0.02065943367779255,
  "xlf_high": 0.020651763305068016,
  "volume_sma_20": 0.020357802510261536,
  "sma_20": 0.01775084249675274,
  "ema_50": 0.016768014058470726
}