{
  "vix_high": 0.03501513972878456,
  "rsi_14": 0.029405422508716583,
  "sma_50": 0.02902444265782833,
  "yield_change": 0.02357329986989498,
  "volume_ratio": 0.022794269025325775,
  "vix_close": 0.022690067067742348,
  "bb_lower": 0.022373391315340996,
  "vix_open": 0.021622663363814354,
  "return_1d": 0.021249398589134216,
  "treasury_10y_low": 0.020394405350089073,
  "volatility_5": 0.020062964409589767,
  "sma_10": 0.019816087558865547,
  "sma_200": 0.01971863955259323,
  "xle_high": 0.019223200157284737,
  "return_10d": 0.01889917254447937,
  "xlf_rel_strength": 0.01885445974767208,
  "xlk_open": 0.018680421635508537,
  "bb_pct": 0.018432307988405228,
  "macd_signal": 0.018028000369668007,
  "xle_open": 0.01784355565905571
}