{
  "bb_upper": 0.03354215249419212,
  "vix_high": 0.026721574366092682,
  "treasury_10y_low": 0.02377581037580967,
  "vix_low": 0.023261658847332,
  "vix_open": 0.022780172526836395,
  "yield_change": 0.021774956956505775,
  "sma_200": 0.021657144650816917,
  "return_1d": 0.020615043118596077,
  "xlf_high": 0.020224876701831818,
  "usd_index_low": 0.020067205652594566,
  "xle_high": 0.019159628078341484,
  "ema_200": 0.019012855365872383,
  "volume_ratio": 0.01880834624171257,
  "return_5d": 0.018715862184762955,
  "return_20d": 0.018244866281747818,
  "stoch_d": 0.018175464123487473,
  "rsi_14": 0.01815067231655121,
  "vix_close": 0.018014226108789444,
  "treasury_10y_open": 0.0179516039788723,
  "volatility_5": 0.017619924619793892
}