{
  "xle_low": 0.10931617021560669,
  "ema_10": 0.05401613935828209,
  "usd_index_low": 0.052713703364133835,
  "ema_200": 0.04474625736474991,
  "sma_200": 0.03464091941714287,
  "vix_sma_10": 0.034421537071466446,
  "xlk_close": 0.031176423653960228,
  "usd_index_close": 0.024729788303375244,
  "usd_index_open": 0.024457450956106186,
  "volume_sma_20": 0.023814141750335693,
  "xlf_high": 0.023733776062726974,
  "macd": 0.023474419489502907,
  "sma_20": 0.021953769028186798,
  "sma_10": 0.02018319070339203,
  "treasury_10y_high": 0.019793178886175156,
  "xlf_close": 0.019484011456370354,
  "sma_50": 0.01879161410033703,
  "ema_50": 0.018757974728941917,
  "usd_index_high": 0.018541190773248672,
  "macd_diff": 0.017927266657352448
}