{
  "ema_50": 0.06684836000204086,
  "xle_open": 0.03890107944607735,
  "sma_50": 0.038873083889484406,
  "volatility_5": 0.03494416922330856,
  "sma_200": 0.03397129848599434,
  "ema_200": 0.032361652702093124,
  "usd_index_low": 0.027843361720442772,
  "xlf_high": 0.026517363265156746,
  "macd_signal": 0.025747038424015045,
  "bb_upper": 0.02508690021932125,
  "vix_sma_10": 0.022956274449825287,
  "ema_20": 0.02208315022289753,
  "ema_10": 0.019882746040821075,
  "usd_index_high": 0.019493468105793,
  "xlf_close": 0.01892704889178276,
  "xle_low": 0.017441557720303535,
  "xlk_low": 0.017194518819451332,
  "volume_ratio": 0.01623857393860817,
  "bb_lower": 0.01604604162275791,
  "vix_high": 0.01590649224817753
}