{
  "vix_high": 0.03141827881336212,
  "vix_low": 0.028704939410090446,
  "xle_open": 0.024911068379878998,
  "sma_200": 0.0246178787201643,
  "xle_high": 0.02415846288204193,
  "yield_change": 0.023045366629958153,
  "treasury_10y_open": 0.022733185440301895,
  "treasury_10y_low": 0.020953545346856117,
  "bb_upper": 0.020269902423024178,
  "xlk_low": 0.019897181540727615,
  "vix_close": 0.019699720665812492,
  "xlk_close": 0.01960914209485054,
  "ema_200": 0.019127149134874344,
  "return_1d": 0.0188799649477005,
  "volume_ratio": 0.01875997893512249,
  "rsi_14": 0.018730562180280685,
  "volatility_5": 0.018527012318372726,
  "bb_width": 0.018210027366876602,
  "bb_lower": 0.01710665039718151,
  "bb_pct": 0.0170047115534544
}