{
  "xle_low": 0.07797826081514359,
  "ema_200": 0.06023222580552101,
  "ema_10": 0.05073321983218193,
  "usd_index_low": 0.04144066199660301,
  "xle_close": 0.03897036239504814,
  "vix_sma_10": 0.03837311267852783,
  "xlk_close": 0.03517765924334526,
  "sma_200": 0.03337937220931053,
  "usd_index_open": 0.026184622198343277,
  "ema_50": 0.025709912180900574,
  "usd_index_close": 0.024580664932727814,
  "volume_sma_20": 0.024392029270529747,
  "macd": 0.019838951528072357,
  "xlf_low": 0.019820332527160645,
  "treasury_10y_low": 0.019183870404958725,
  "sma_50": 0.019018463790416718,
  "macd_diff": 0.01789557933807373,
  "macd_signal": 0.017483364790678024,
  "volatility_20": 0.016173487529158592,
  "xlk_low": 0.01590747945010662
}