{
  "xle_low": 0.09641110152006149,
  "usd_index_low": 0.0690951719880104,
  "ema_200": 0.05986925959587097,
  "treasury_10y_close": 0.042921118438243866,
  "sma_200": 0.03829790651798248,
  "volume_sma_20": 0.02721257694065571,
  "ema_10": 0.026522992178797722,
  "macd": 0.02423700876533985,
  "xlk_close": 0.022400228306651115,
  "usd_index_high": 0.02231094427406788,
  "vix_sma_10": 0.022071169689297676,
  "usd_index_close": 0.021896790713071823,
  "sma_20": 0.021821074187755585,
  "macd_diff": 0.019731948152184486,
  "sma_50": 0.019431397318840027,
  "usd_index_open": 0.017579248175024986,
  "ema_50": 0.01692976802587509,
  "macd_signal": 0.016871487721800804,
  "xlk_high": 0.016744911670684814,
  "treasury_10y_open": 0.016133541241288185
}