{
  "xle_low": 0.07912011444568634,
  "ema_200": 0.05407773703336716,
  "xle_close": 0.04615292325615883,
  "usd_index_low": 0.03742440789937973,
  "usd_index_open": 0.03712593764066696,
  "xlk_close": 0.0370919369161129,
  "sma_200": 0.036879025399684906,
  "ema_10": 0.03198028355836868,
  "vix_sma_10": 0.029189471155405045,
  "volume_sma_20": 0.029046660289168358,
  "sma_10": 0.025965990498661995,
  "xlf_high": 0.023157499730587006,
  "ema_50": 0.02208450250327587,
  "macd": 0.02106691338121891,
  "sma_20": 0.020931066945195198,
  "bb_lower": 0.019038720056414604,
  "usd_index_high": 0.018049102276563644,
  "bb_upper": 0.017984522506594658,
  "macd_diff": 0.017619479447603226,
  "ema_20": 0.017526546493172646
}