{
  "xle_low": 0.08978887647390366,
  "ema_200": 0.05749968811869621,
  "ema_10": 0.04370497912168503,
  "xle_close": 0.04317918419837952,
  "usd_index_low": 0.037581976503133774,
  "vix_sma_10": 0.03692642226815224,
  "sma_200": 0.030619679018855095,
  "xlk_close": 0.030284704640507698,
  "usd_index_open": 0.029414905235171318,
  "volume_sma_20": 0.02572331763803959,
  "usd_index_close": 0.02534373663365841,
  "sma_50": 0.022243525832891464,
  "ema_50": 0.022052012383937836,
  "xlf_low": 0.01994669809937477,
  "macd": 0.019327985122799873,
  "macd_signal": 0.018789183348417282,
  "macd_diff": 0.017622698098421097,
  "xlk_low": 0.01676221191883087,
  "treasury_10y_low": 0.016526754945516586,
  "vix_close": 0.016006236895918846
}