{
  "xle_high": 0.04147830232977867,
  "sma_10": 0.041431352496147156,
  "ema_50": 0.03784216195344925,
  "volatility_5": 0.036815013736486435,
  "ema_200": 0.03330763429403305,
  "bb_upper": 0.0317583903670311,
  "sma_200": 0.029385054484009743,
  "usd_index_high": 0.0270286463201046,
  "xlf_high": 0.02336670272052288,
  "macd_signal": 0.023237986490130424,
  "ema_10": 0.023079214617609978,
  "usd_index_low": 0.0227358378469944,
  "xlk_high": 0.022683678194880486,
  "sma_50": 0.022333664819598198,
  "xle_open": 0.021379966288805008,
  "vix_sma_10": 0.020880183205008507,
  "xle_low": 0.018910322338342667,
  "usd_index_close": 0.01735878549516201,
  "volume_sma_20": 0.01700981892645359,
  "ema_20": 0.016682637855410576
}