{
  "xle_low": 0.07316766679286957,
  "ema_200": 0.06427482515573502,
  "sma_200": 0.044774625450372696,
  "usd_index_low": 0.04469982534646988,
  "ema_10": 0.03606117516756058,
  "xle_close": 0.029838966205716133,
  "volume_sma_20": 0.029217397794127464,
  "vix_sma_10": 0.026395579800009727,
  "usd_index_close": 0.02587190642952919,
  "usd_index_open": 0.025359800085425377,
  "bb_lower": 0.02529267407953739,
  "xlk_close": 0.02340366505086422,
  "macd_diff": 0.023235449567437172,
  "usd_index_high": 0.022518539801239967,
  "xlk_high": 0.02249348908662796,
  "ema_20": 0.022133205085992813,
  "macd": 0.021825043484568596,
  "sma_20": 0.021497037261724472,
  "xle_high": 0.01938111148774624,
  "sma_50": 0.019238851964473724
}