{
  "xle_open": 0.0515693724155426,
  "ema_200": 0.0378950797021389,
  "volatility_5": 0.03512893244624138,
  "sma_200": 0.034906432032585144,
  "ema_50": 0.03221425414085388,
  "usd_index_high": 0.02894950658082962,
  "usd_index_low": 0.023764071986079216,
  "sma_50": 0.023700635880231857,
  "sma_10": 0.023684481158852577,
  "bb_upper": 0.023132435977458954,
  "vix_sma_10": 0.02124948985874653,
  "macd_signal": 0.021150793880224228,
  "volume_ratio": 0.01960846595466137,
  "xlf_high": 0.019418923184275627,
  "xlf_open": 0.01916893757879734,
  "xlk_high": 0.01815107837319374,
  "volume_sma_20": 0.01761632226407528,
  "volatility_20": 0.017265690490603447,
  "xlf_rel_strength": 0.01724979095160961,
  "ema_20": 0.017177874222397804
}