{
  "xle_high": 0.05190304294228554,
  "sma_10": 0.04529906064271927,
  "volatility_5": 0.04059600457549095,
  "bb_upper": 0.03291081264615059,
  "sma_200": 0.03284367546439171,
  "sma_50": 0.03200531750917435,
  "ema_50": 0.03179364278912544,
  "ema_200": 0.028657205402851105,
  "usd_index_high": 0.023634493350982666,
  "xlk_high": 0.023421375080943108,
  "ema_10": 0.023345069959759712,
  "usd_index_low": 0.022699356079101562,
  "xle_open": 0.02126402221620083,
  "macd_signal": 0.02114185504615307,
  "ema_20": 0.019962642341852188,
  "vix_sma_10": 0.01991349086165428,
  "atr_14": 0.018288496881723404,
  "rsi_14": 0.017365003004670143,
  "volume_sma_20": 0.017263028770685196,
  "sma_20": 0.01699744164943695
}