{
  "xle_open": 0.04588443040847778,
  "volatility_5": 0.04089876264333725,
  "ema_200": 0.03417801856994629,
  "xlf_high": 0.03392527997493744,
  "sma_50": 0.030642293393611908,
  "sma_200": 0.03013531304895878,
  "usd_index_high": 0.026598498225212097,
  "bb_upper": 0.0259994026273489,
  "usd_index_low": 0.024587450549006462,
  "vix_sma_10": 0.02387743629515171,
  "sma_10": 0.0226921197026968,
  "ema_50": 0.022504227235913277,
  "macd_signal": 0.022138405591249466,
  "ema_10": 0.022062812000513077,
  "xlf_low": 0.01992340199649334,
  "volume_ratio": 0.01850712299346924,
  "xlf_rel_strength": 0.018087010830640793,
  "xlk_open": 0.017456991598010063,
  "xle_low": 0.017426518723368645,
  "xlk_high": 0.01657482050359249
}