{
  "xle_low": 0.05925404652953148,
  "sma_200": 0.05496333912014961,
  "ema_200": 0.05185854434967041,
  "usd_index_low": 0.04102783277630806,
  "vix_sma_10": 0.03966769948601723,
  "usd_index_close": 0.028106672689318657,
  "xlf_low": 0.027999255806207657,
  "ema_20": 0.026871465146541595,
  "macd_diff": 0.026557860895991325,
  "volume_sma_20": 0.026317747309803963,
  "ema_10": 0.026014044880867004,
  "macd": 0.025354774668812752,
  "volatility_20": 0.024999693036079407,
  "usd_index_high": 0.021854452788829803,
  "xlk_close": 0.021664563566446304,
  "atr_14": 0.02157771587371826,
  "treasury_10y_close": 0.020984303206205368,
  "ema_50": 0.01967743970453739,
  "sma_50": 0.019609905779361725,
  "macd_signal": 0.018347367644309998
}