{
  "xle_open": 0.03968656808137894,
  "sma_200": 0.037108417600393295,
  "volatility_5": 0.035457152873277664,
  "xlf_high": 0.03461134061217308,
  "sma_50": 0.03217646852135658,
  "ema_200": 0.029782351106405258,
  "bb_upper": 0.028423676267266273,
  "usd_index_high": 0.02819458767771721,
  "ema_50": 0.02677484042942524,
  "macd_signal": 0.025837499648332596,
  "ema_10": 0.02537333033978939,
  "vix_sma_10": 0.024561181664466858,
  "xlf_open": 0.022213701158761978,
  "sma_10": 0.02006637118756771,
  "usd_index_low": 0.02001821994781494,
  "volume_ratio": 0.01948476955294609,
  "bb_pct": 0.017426805570721626,
  "volume_sma_20": 0.016840076074004173,
  "macd_diff": 0.015966301783919334,
  "xlk_low": 0.01586417481303215
}