{
  "xle_open": 0.04790397360920906,
  "ema_50": 0.040194183588027954,
  "sma_200": 0.03692212328314781,
  "volatility_5": 0.036746587604284286,
  "ema_200": 0.030280111357569695,
  "usd_index_high": 0.028201065957546234,
  "xlf_high": 0.027041487395763397,
  "bb_upper": 0.026901116594672203,
  "sma_10": 0.025684654712677002,
  "ema_20": 0.024762213230133057,
  "macd_signal": 0.024385156109929085,
  "sma_50": 0.023411767557263374,
  "bb_lower": 0.021393397822976112,
  "treasury_10y_open": 0.021056516095995903,
  "vix_sma_10": 0.020691486075520515,
  "volume_ratio": 0.019919225946068764,
  "usd_index_low": 0.01911354623734951,
  "atr_14": 0.0170411579310894,
  "xlf_rel_strength": 0.016733329743146896,
  "volatility_20": 0.016120320186018944
}