{
  "sma_10": 0.044962938874959946,
  "xle_high": 0.044836755841970444,
  "ema_200": 0.03957141190767288,
  "volatility_5": 0.03919854760169983,
  "sma_200": 0.0349469892680645,
  "sma_50": 0.03442232310771942,
  "xlf_high": 0.028433334082365036,
  "bb_upper": 0.02772689238190651,
  "usd_index_low": 0.027632491663098335,
  "usd_index_high": 0.026628527790308,
  "xle_open": 0.024197306483983994,
  "ema_20": 0.02266223542392254,
  "macd_signal": 0.0223707165569067,
  "treasury_10y_open": 0.02111348882317543,
  "ema_10": 0.01992989145219326,
  "vix_sma_10": 0.017887510359287262,
  "xle_low": 0.016610819846391678,
  "volume_sma_20": 0.015801457688212395,
  "atr_14": 0.015401857905089855,
  "ema_50": 0.015113302506506443
}