{
  "xle_low": 0.11048030108213425,
  "ema_200": 0.05058206990361214,
  "xle_open": 0.041942741721868515,
  "sma_200": 0.03969020023941994,
  "usd_index_low": 0.03951283544301987,
  "usd_index_close": 0.0387781523168087,
  "xlf_low": 0.03325507044792175,
  "ema_10": 0.026624277234077454,
  "volume_sma_20": 0.025917712599039078,
  "macd": 0.025827353820204735,
  "vix_sma_10": 0.024737125262618065,
  "ema_20": 0.023890463635325432,
  "treasury_10y_high": 0.023168927058577538,
  "treasury_10y_close": 0.022749125957489014,
  "sma_20": 0.021625397726893425,
  "sma_50": 0.020466579124331474,
  "xlk_close": 0.020106736570596695,
  "atr_14": 0.01934525929391384,
  "bb_lower": 0.01789354719221592,
  "xlf_high": 0.017479119822382927
}