{
  "vix_high": 0.036034878343343735,
  "bb_upper": 0.031832873821258545,
  "volume_ratio": 0.026221394538879395,
  "bb_lower": 0.02556183747947216,
  "yield_change": 0.02499726600944996,
  "vix_close": 0.023296838626265526,
  "return_1d": 0.022544313222169876,
  "xlk_high": 0.020893340930342674,
  "bb_pct": 0.019803714007139206,
  "rsi_14": 0.019324928522109985,
  "xlk_low": 0.019104868173599243,
  "treasury_10y_low": 0.018632525578141212,
  "volatility_5": 0.017424440011382103,
  "usd_index_low": 0.017240693792700768,
  "ema_200": 0.017165344208478928,
  "vix_open": 0.016915319487452507,
  "usd_index_high": 0.01684758812189102,
  "xlf_high": 0.016777371987700462,
  "return_5d": 0.016664672642946243,
  "treasury_10y_open": 0.016618788242340088
}