{
  "volatility_5": 0.03883134201169014,
  "sma_200": 0.03630989044904709,
  "xle_open": 0.036140814423561096,
  "ema_10": 0.030644025653600693,
  "ema_200": 0.029858343303203583,
  "volume_ratio": 0.025925306603312492,
  "xle_high": 0.025841502472758293,
  "xlk_high": 0.025292033329606056,
  "sma_50": 0.02474919520318508,
  "macd_signal": 0.02414783649146557,
  "bb_upper": 0.02408801019191742,
  "usd_index_high": 0.023823458701372147,
  "usd_index_low": 0.022767893970012665,
  "xlf_high": 0.021091973409056664,
  "sma_10": 0.02096310816705227,
  "vix_sma_10": 0.020204264670610428,
  "ema_50": 0.020099375396966934,
  "ema_20": 0.019580619409680367,
  "xle_low": 0.01816781982779503,
  "vix_low": 0.017129184678196907
}