{
  "xle_open": 0.04821247607469559,
  "volatility_5": 0.037115324288606644,
  "sma_200": 0.03160516172647476,
  "sma_50": 0.030288690701127052,
  "ema_200": 0.02820781245827675,
  "xlf_high": 0.026485873386263847,
  "macd_signal": 0.02590782940387726,
  "usd_index_high": 0.025904826819896698,
  "xle_high": 0.025712307542562485,
  "volume_ratio": 0.025464322417974472,
  "usd_index_low": 0.024925298988819122,
  "vix_sma_10": 0.023836597800254822,
  "bb_upper": 0.021700527518987656,
  "ema_10": 0.021656211465597153,
  "sma_10": 0.020280642434954643,
  "xle_close": 0.020265499129891396,
  "xlk_low": 0.01960795745253563,
  "volume_sma_20": 0.0195859856903553,
  "return_5d": 0.016941098496317863,
  "xlf_close": 0.016586683690547943
}