{
  "xle_high": 0.04936405271291733,
  "sma_10": 0.04614429175853729,
  "ema_200": 0.032614294439554214,
  "volatility_5": 0.031369198113679886,
  "usd_index_high": 0.029854146763682365,
  "ema_10": 0.02887088991701603,
  "xle_open": 0.027371659874916077,
  "sma_50": 0.026228085160255432,
  "bb_upper": 0.025928793475031853,
  "sma_200": 0.02465219236910343,
  "sma_20": 0.020958183333277702,
  "xlf_open": 0.020611515268683434,
  "vix_sma_10": 0.02006904035806656,
  "macd_signal": 0.01990889571607113,
  "ema_50": 0.019725359976291656,
  "ema_20": 0.019434429705142975,
  "atr_14": 0.0184865090996027,
  "usd_index_low": 0.01835758052766323,
  "treasury_10y_open": 0.016784612089395523,
  "volatility_20": 0.016709934920072556
}