{
  "ema_200": 0.05744963884353638,
  "xle_low": 0.05016360059380531,
  "sma_200": 0.043658386915922165,
  "vix_sma_10": 0.042450521141290665,
  "ema_10": 0.03763331100344658,
  "usd_index_low": 0.03684612736105919,
  "xlk_close": 0.035331446677446365,
  "usd_index_close": 0.03363649174571037,
  "ema_50": 0.030224233865737915,
  "ema_20": 0.02878725156188011,
  "volume_sma_20": 0.02491474337875843,
  "macd_diff": 0.023143116384744644,
  "macd": 0.02261858806014061,
  "usd_index_high": 0.022513672709465027,
  "usd_index_open": 0.022054918110370636,
  "volatility_20": 0.020708926022052765,
  "xle_close": 0.01943385973572731,
  "xlk_high": 0.0189753957092762,
  "sma_20": 0.01788984052836895,
  "sma_50": 0.017639754340052605
}