{
  "bb_upper": 0.03266201913356781,
  "vix_high": 0.02944563329219818,
  "ema_200": 0.02814992517232895,
  "treasury_10y_low": 0.026241987943649292,
  "yield_change": 0.02484315074980259,
  "sma_200": 0.02205444686114788,
  "xlf_high": 0.021609261631965637,
  "usd_index_low": 0.021439895033836365,
  "treasury_10y_open": 0.02133025974035263,
  "vix_low": 0.021175187081098557,
  "xlf_open": 0.019689852371811867,
  "bb_pct": 0.019479045644402504,
  "bb_lower": 0.018917033448815346,
  "stoch_d": 0.018519818782806396,
  "return_1d": 0.018169455230236053,
  "xle_high": 0.017948312684893608,
  "volume_ratio": 0.01790378801524639,
  "sma_10": 0.017888229340314865,
  "vix_open": 0.017747437581419945,
  "return_5d": 0.017438385635614395
}