{
  "sma_200": 0.029950866475701332,
  "vix_high": 0.029430124908685684,
  "volume_ratio": 0.026622388511896133,
  "xle_high": 0.024935856461524963,
  "return_1d": 0.023577159270644188,
  "usd_index_high": 0.023173775523900986,
  "rsi_14": 0.021450990810990334,
  "ema_10": 0.02139180898666382,
  "xlf_open": 0.021282384172081947,
  "treasury_10y_low": 0.02103666216135025,
  "vix_open": 0.02055458351969719,
  "xlf_low": 0.02050534076988697,
  "yield_change": 0.02033594250679016,
  "bb_lower": 0.01997620239853859,
  "usd_index_open": 0.019537677988409996,
  "macd_signal": 0.01882099360227585,
  "bb_pct": 0.018745414912700653,
  "vix_close": 0.018606996163725853,
  "bb_upper": 0.01835867017507553,
  "xlk_open": 0.017597036436200142
}