{
  "xle_low": 0.09705530107021332,
  "ema_10": 0.05528798699378967,
  "usd_index_low": 0.0549997054040432,
  "ema_200": 0.04122624173760414,
  "sma_200": 0.0371229462325573,
  "sma_10": 0.03521634265780449,
  "sma_50": 0.026562610641121864,
  "volume_sma_20": 0.0258741807192564,
  "xlf_high": 0.025760086253285408,
  "xlk_open": 0.02406284026801586,
  "treasury_10y_high": 0.023875849321484566,
  "vix_sma_10": 0.023492181673645973,
  "ema_20": 0.022326096892356873,
  "xlf_close": 0.020904721692204475,
  "vix_close": 0.019868940114974976,
  "usd_index_close": 0.019698502495884895,
  "bb_upper": 0.01918342337012291,
  "usd_index_high": 0.018160147592425346,
  "macd": 0.01786922477185726,
  "xlk_low": 0.01768069714307785
}