{
  "xle_low": 0.0839848592877388,
  "ema_200": 0.06543564796447754,
  "xlk_close": 0.041673269122838974,
  "usd_index_low": 0.04147972911596298,
  "usd_index_close": 0.03412118926644325,
  "xle_open": 0.03275725245475769,
  "sma_200": 0.03208275884389877,
  "volume_sma_20": 0.03122667782008648,
  "macd": 0.029056129977107048,
  "ema_20": 0.026522163301706314,
  "treasury_10y_high": 0.024808289483189583,
  "xlf_low": 0.024675758555531502,
  "usd_index_open": 0.023297367617487907,
  "sma_20": 0.021517518907785416,
  "atr_14": 0.021453892812132835,
  "xlf_high": 0.02089501917362213,
  "vix_sma_10": 0.020243411883711815,
  "treasury_10y_close": 0.019732804968953133,
  "ema_10": 0.019655128940939903,
  "bb_lower": 0.017458664253354073
}