{
  "sma_200": 0.049701374024152756,
  "xle_open": 0.041828740388154984,
  "xlf_high": 0.040382269769907,
  "volatility_5": 0.039796795696020126,
  "sma_10": 0.03128046914935112,
  "ema_200": 0.030770905315876007,
  "usd_index_low": 0.027933407574892044,
  "macd_signal": 0.025834837928414345,
  "sma_50": 0.024401593953371048,
  "xlf_open": 0.024183092638850212,
  "ema_50": 0.02410360798239708,
  "vix_sma_10": 0.023834768682718277,
  "bb_upper": 0.0229809433221817,
  "ema_20": 0.02192988246679306,
  "usd_index_high": 0.020070340484380722,
  "vix_high": 0.019992681220173836,
  "xlk_low": 0.019318772479891777,
  "volume_ratio": 0.018158210441470146,
  "ema_10": 0.017676474526524544,
  "volume_sma_20": 0.016283120959997177
}