{
  "xgboost": {
    "mae": 0.060544397406591954,
    "directional_accuracy": 0.2755905511811024
  },
  "rf": {
    "mae": 0.08295839209723754,
    "directional_accuracy": 0.23622047244094488
  },
  "ridge": {
    "mae": 0.0622652646991032,
    "directional_accuracy": 0.27716535433070866
  },
  "ensemble": {
    "mae": 0.06757165275241388,
    "directional_accuracy": 0.27086614173228346
  }
}