{
  "xgboost": {
    "mae": 0.012328316942966764,
    "directional_accuracy": 0.4371165644171779
  },
  "rf": {
    "mae": 0.008835206345091622,
    "directional_accuracy": 0.44171779141104295
  },
  "ridge": {
    "mae": 0.007007554973868304,
    "directional_accuracy": 0.4938650306748466
  },
  "ensemble": {
    "mae": 0.008937677077359384,
    "directional_accuracy": 0.4401840490797546
  }
}