{
  "xgboost": {
    "mae": 0.06018882217772521,
    "directional_accuracy": 0.27386541471048514
  },
  "rf": {
    "mae": 0.08444856465009655,
    "directional_accuracy": 0.2347417840375587
  },
  "ridge": {
    "mae": 0.04589477645636776,
    "directional_accuracy": 0.3192488262910798
  },
  "ensemble": {
    "mae": 0.06210927679077851,
    "directional_accuracy": 0.27699530516431925
  }
}