{
  "xgboost": {
    "mae": 0.048902795673360526,
    "directional_accuracy": 0.38496932515337423
  },
  "rf": {
    "mae": 0.04549921515995179,
    "directional_accuracy": 0.3665644171779141
  },
  "ridge": {
    "mae": 0.018621009698380212,
    "directional_accuracy": 0.4110429447852761
  },
  "ensemble": {
    "mae": 0.03574431003938893,
    "directional_accuracy": 0.38190184049079756
  }
}