{
  "xgboost": {
    "mae": 0.06695309885345428,
    "directional_accuracy": 0.28976377952755905
  },
  "rf": {
    "mae": 0.08186296287814196,
    "directional_accuracy": 0.23937007874015748
  },
  "ridge": {
    "mae": 0.06378057215805036,
    "directional_accuracy": 0.27716535433070866
  },
  "ensemble": {
    "mae": 0.06986984555849042,
    "directional_accuracy": 0.2614173228346457
  }
}