{
  "xgboost": {
    "mae": 0.028803732967798236,
    "directional_accuracy": 0.38664596273291924
  },
  "rf": {
    "mae": 0.04283025790882101,
    "directional_accuracy": 0.36645962732919257
  },
  "ridge": {
    "mae": 0.01801028940074331,
    "directional_accuracy": 0.40372670807453415
  },
  "ensemble": {
    "mae": 0.027974431682547277,
    "directional_accuracy": 0.38354037267080743
  }
}