{
  "xgboost": {
    "mae": 0.06209256577295701,
    "directional_accuracy": 0.2691131498470948
  },
  "rf": {
    "mae": 0.08947846966048212,
    "directional_accuracy": 0.27217125382262997
  },
  "ridge": {
    "mae": 0.053199338062669806,
    "directional_accuracy": 0.2981651376146789
  },
  "ensemble": {
    "mae": 0.0664706589090119,
    "directional_accuracy": 0.27217125382262997
  }
}