{
  "xgboost": {
    "mae": 0.010010425401939029,
    "directional_accuracy": 0.44274809160305345
  },
  "rf": {
    "mae": 0.008635320469337477,
    "directional_accuracy": 0.42900763358778626
  },
  "ridge": {
    "mae": 0.007126822349909089,
    "directional_accuracy": 0.48396946564885496
  },
  "ensemble": {
    "mae": 0.008266819326639842,
    "directional_accuracy": 0.433587786259542
  }
}