{
  "xgboost": {
    "mae": 0.06700321248683933,
    "directional_accuracy": 0.26813880126182965
  },
  "rf": {
    "mae": 0.08200235693464873,
    "directional_accuracy": 0.24290220820189273
  },
  "ridge": {
    "mae": 0.06546909221513825,
    "directional_accuracy": 0.27602523659305994
  },
  "ensemble": {
    "mae": 0.07060879214882788,
    "directional_accuracy": 0.2634069400630915
  }
}