{
  "xgboost": {
    "mae": 0.061749346309371726,
    "directional_accuracy": 0.28197226502311246
  },
  "rf": {
    "mae": 0.08218934148514245,
    "directional_accuracy": 0.26194144838212635
  },
  "ridge": {
    "mae": 0.05057785116660314,
    "directional_accuracy": 0.31741140215716485
  },
  "ensemble": {
    "mae": 0.06330677042474367,
    "directional_accuracy": 0.27889060092449924
  }
}