{
  "xgboost": {
    "mae": 0.07128045769920255,
    "directional_accuracy": 0.27426810477657937
  },
  "rf": {
    "mae": 0.0816037843571535,
    "directional_accuracy": 0.26040061633281975
  },
  "ridge": {
    "mae": 0.05115616603045748,
    "directional_accuracy": 0.30970724191063176
  },
  "ensemble": {
    "mae": 0.06653518360196103,
    "directional_accuracy": 0.26810477657935283
  }
}