{
  "xgboost": {
    "mae": 0.03714708871687038,
    "directional_accuracy": 0.39351851851851855
  },
  "rf": {
    "mae": 0.04601919220050025,
    "directional_accuracy": 0.36882716049382713
  },
  "ridge": {
    "mae": 0.018066701259639786,
    "directional_accuracy": 0.4182098765432099
  },
  "ensemble": {
    "mae": 0.03152261913421304,
    "directional_accuracy": 0.38580246913580246
  }
}