{
  "xgboost": {
    "mae": 0.06085953123717502,
    "directional_accuracy": 0.28043143297380585
  },
  "rf": {
    "mae": 0.0825332826887975,
    "directional_accuracy": 0.26194144838212635
  },
  "ridge": {
    "mae": 0.050577857915429,
    "directional_accuracy": 0.31741140215716485
  },
  "ensemble": {
    "mae": 0.0631382524290624,
    "directional_accuracy": 0.27889060092449924
  }
}