{
  "xgboost": {
    "mae": 0.009278531463616636,
    "directional_accuracy": 0.4447852760736196
  },
  "rf": {
    "mae": 0.008997019713217935,
    "directional_accuracy": 0.4432515337423313
  },
  "ridge": {
    "mae": 0.007031488156778077,
    "directional_accuracy": 0.49079754601226994
  },
  "ensemble": {
    "mae": 0.008070043571059681,
    "directional_accuracy": 0.4401840490797546
  }
}