{
  "xgboost": {
    "mae": 0.011626215859552421,
    "directional_accuracy": 0.449685534591195
  },
  "rf": {
    "mae": 0.012923178858548252,
    "directional_accuracy": 0.5220125786163522
  },
  "ridge": {
    "mae": 0.006925520271646786,
    "directional_accuracy": 0.47955974842767296
  },
  "ensemble": {
    "mae": 0.007885581420889135,
    "directional_accuracy": 0.49842767295597484
  }
}