{
  "xgboost": {
    "mae": 0.01442412704316266,
    "directional_accuracy": 0.42835365853658536
  },
  "rf": {
    "mae": 0.008491909571045961,
    "directional_accuracy": 0.4420731707317073
  },
  "ridge": {
    "mae": 0.007082615992577743,
    "directional_accuracy": 0.4878048780487805
  },
  "ensemble": {
    "mae": 0.009444406715318331,
    "directional_accuracy": 0.4298780487804878
  }
}