{
  "xgboost": {
    "mae": 0.010850911739145359,
    "directional_accuracy": 0.45891472868217054
  },
  "rf": {
    "mae": 0.007007506592965645,
    "directional_accuracy": 0.4992248062015504
  },
  "ridge": {
    "mae": 0.006821118767062219,
    "directional_accuracy": 0.5085271317829457
  },
  "ensemble": {
    "mae": 0.00760301209685024,
    "directional_accuracy": 0.4697674418604651
  }
}