{
  "xgboost": {
    "mae": 0.034398306914584106,
    "directional_accuracy": 0.36492890995260663
  },
  "rf": {
    "mae": 0.04382746248310294,
    "directional_accuracy": 0.36808846761453395
  },
  "ridge": {
    "mae": 0.022116604589683266,
    "directional_accuracy": 0.37282780410742494
  },
  "ensemble": {
    "mae": 0.03261263525238236,
    "directional_accuracy": 0.36334913112164297
  }
}