{
  "xgboost": {
    "mae": 0.012761655098657634,
    "directional_accuracy": 0.475
  },
  "rf": {
    "mae": 0.012605216509580925,
    "directional_accuracy": 0.521875
  },
  "ridge": {
    "mae": 0.006679005216199299,
    "directional_accuracy": 0.4984375
  },
  "ensemble": {
    "mae": 0.008562191459379526,
    "directional_accuracy": 0.496875
  }
}