{
  "xgboost": {
    "mae": 0.07074659966950254,
    "directional_accuracy": 0.27287066246056785
  },
  "rf": {
    "mae": 0.08129119974969667,
    "directional_accuracy": 0.2539432176656151
  },
  "ridge": {
    "mae": 0.0683310699320759,
    "directional_accuracy": 0.27129337539432175
  },
  "ensemble": {
    "mae": 0.0723881523027113,
    "directional_accuracy": 0.27129337539432175
  }
}