{
  "xgboost": {
    "mae": 0.009306313863271552,
    "directional_accuracy": 0.4552590266875981
  },
  "rf": {
    "mae": 0.012719956917399437,
    "directional_accuracy": 0.5243328100470958
  },
  "ridge": {
    "mae": 0.006888941657716215,
    "directional_accuracy": 0.478806907378336
  },
  "ensemble": {
    "mae": 0.007647642627838409,
    "directional_accuracy": 0.49921507064364207
  }
}