{
  "xgboost": {
    "mae": 0.04383062851097738,
    "directional_accuracy": 0.3778801843317972
  },
  "rf": {
    "mae": 0.0414851640927926,
    "directional_accuracy": 0.3686635944700461
  },
  "ridge": {
    "mae": 0.018917467687860165,
    "directional_accuracy": 0.402457757296467
  },
  "ensemble": {
    "mae": 0.03302840547418711,
    "directional_accuracy": 0.3717357910906298
  }
}