{
  "xgboost": {
    "mae": 0.05582006645461588,
    "directional_accuracy": 0.30854430379746833
  },
  "rf": {
    "mae": 0.08036759329087888,
    "directional_accuracy": 0.26424050632911394
  },
  "ridge": {
    "mae": 0.0745906449400894,
    "directional_accuracy": 0.2721518987341772
  },
  "ensemble": {
    "mae": 0.06911037838724626,
    "directional_accuracy": 0.28164556962025317
  }
}