{
  "xgboost": {
    "mae": 0.00954265521633014,
    "directional_accuracy": 0.45141065830721006
  },
  "rf": {
    "mae": 0.012840225718613775,
    "directional_accuracy": 0.5188087774294671
  },
  "ridge": {
    "mae": 0.006752803725175253,
    "directional_accuracy": 0.4843260188087774
  },
  "ensemble": {
    "mae": 0.0073323019234440194,
    "directional_accuracy": 0.5156739811912225
  }
}