{
  "xgboost": {
    "mae": 0.03320924164536031,
    "directional_accuracy": 0.37169517884914466
  },
  "rf": {
    "mae": 0.04319925185984546,
    "directional_accuracy": 0.36391912908242613
  },
  "ridge": {
    "mae": 0.017566222928587234,
    "directional_accuracy": 0.4214618973561431
  },
  "ensemble": {
    "mae": 0.029476563807838682,
    "directional_accuracy": 0.36858475894245724
  }
}