{
  "xgboost": {
    "mae": 0.01210978859500283,
    "directional_accuracy": 0.4551083591331269
  },
  "rf": {
    "mae": 0.006985066728831788,
    "directional_accuracy": 0.4907120743034056
  },
  "ridge": {
    "mae": 0.006824486189104774,
    "directional_accuracy": 0.5077399380804953
  },
  "ensemble": {
    "mae": 0.007966773945237784,
    "directional_accuracy": 0.45975232198142413
  }
}