{
  "xgboost": {
    "mae": 0.041562239721978145,
    "directional_accuracy": 0.3746177370030581
  },
  "rf": {
    "mae": 0.042505958637869344,
    "directional_accuracy": 0.363914373088685
  },
  "ridge": {
    "mae": 0.019448663156600546,
    "directional_accuracy": 0.40214067278287463
  },
  "ensemble": {
    "mae": 0.03298066359568706,
    "directional_accuracy": 0.37003058103975534
  }
}