{
  "xgboost": {
    "mae": 0.010503674434590353,
    "directional_accuracy": 0.4591194968553459
  },
  "rf": {
    "mae": 0.01258954603727037,
    "directional_accuracy": 0.5220125786163522
  },
  "ridge": {
    "mae": 0.006941221588655114,
    "directional_accuracy": 0.4779874213836478
  },
  "ensemble": {
    "mae": 0.007687696049779077,
    "directional_accuracy": 0.5110062893081762
  }
}