{
  "xgboost": {
    "mae": 0.013086576196989478,
    "directional_accuracy": 0.4758942457231726
  },
  "rf": {
    "mae": 0.01357126069724989,
    "directional_accuracy": 0.5225505443234837
  },
  "ridge": {
    "mae": 0.006751505974210712,
    "directional_accuracy": 0.5116640746500778
  },
  "ensemble": {
    "mae": 0.008656148372353787,
    "directional_accuracy": 0.5132192846034215
  }
}