{
  "xgboost": {
    "mae": 0.027441019468320987,
    "directional_accuracy": 0.3796875
  },
  "rf": {
    "mae": 0.04499258163432379,
    "directional_accuracy": 0.3609375
  },
  "ridge": {
    "mae": 0.017461931899707954,
    "directional_accuracy": 0.428125
  },
  "ensemble": {
    "mae": 0.028060728020379865,
    "directional_accuracy": 0.3734375
  }
}