{
  "xgboost": {
    "mae": 0.04302860642896532,
    "directional_accuracy": 0.37003058103975534
  },
  "rf": {
    "mae": 0.043289334633748795,
    "directional_accuracy": 0.363914373088685
  },
  "ridge": {
    "mae": 0.019395593925167577,
    "directional_accuracy": 0.39908256880733944
  },
  "ensemble": {
    "mae": 0.033558830004109884,
    "directional_accuracy": 0.36850152905198774
  }
}