{
  "xgboost": {
    "mae": 0.035121999809851784,
    "directional_accuracy": 0.35590551181102364
  },
  "rf": {
    "mae": 0.04494771416292095,
    "directional_accuracy": 0.3700787401574803
  },
  "ridge": {
    "mae": 0.01981006769515301,
    "directional_accuracy": 0.3826771653543307
  },
  "ensemble": {
    "mae": 0.0321892772656073,
    "directional_accuracy": 0.36220472440944884
  }
}