{
  "xgboost": {
    "mae": 0.07295751612894905,
    "directional_accuracy": 0.26851851851851855
  },
  "rf": {
    "mae": 0.08321635820429739,
    "directional_accuracy": 0.2638888888888889
  },
  "ridge": {
    "mae": 0.05028157656863833,
    "directional_accuracy": 0.3194444444444444
  },
  "ensemble": {
    "mae": 0.0671672507391952,
    "directional_accuracy": 0.2716049382716049
  }
}