{
  "xgboost": {
    "mae": 0.03528565818511035,
    "directional_accuracy": 0.3707165109034268
  },
  "rf": {
    "mae": 0.04359341137035368,
    "directional_accuracy": 0.3598130841121495
  },
  "ridge": {
    "mae": 0.017538374884437782,
    "directional_accuracy": 0.4236760124610592
  },
  "ensemble": {
    "mae": 0.030320497113840574,
    "directional_accuracy": 0.367601246105919
  }
}