{
  "xgboost": {
    "mae": 0.07329898685579396,
    "directional_accuracy": 0.250384024577573
  },
  "rf": {
    "mae": 0.07937087278121974,
    "directional_accuracy": 0.24731182795698925
  },
  "ridge": {
    "mae": 0.053882376479639706,
    "directional_accuracy": 0.29493087557603687
  },
  "ensemble": {
    "mae": 0.06748979448455614,
    "directional_accuracy": 0.250384024577573
  }
}