{
  "xgboost": {
    "mae": 0.04806002522031834,
    "directional_accuracy": 0.3895705521472393
  },
  "rf": {
    "mae": 0.04462437586323576,
    "directional_accuracy": 0.37576687116564417
  },
  "ridge": {
    "mae": 0.01862100930666447,
    "directional_accuracy": 0.4110429447852761
  },
  "ensemble": {
    "mae": 0.035087713931090316,
    "directional_accuracy": 0.38190184049079756
  }
}