{
  "xgboost": {
    "mae": 0.04145278089874338,
    "directional_accuracy": 0.3704268292682927
  },
  "rf": {
    "mae": 0.04580300022803446,
    "directional_accuracy": 0.3628048780487805
  },
  "ridge": {
    "mae": 0.018879146342869295,
    "directional_accuracy": 0.4054878048780488
  },
  "ensemble": {
    "mae": 0.03363437026958931,
    "directional_accuracy": 0.36585365853658536
  }
}