{
  "xgboost": {
    "mae": 0.01075952860447178,
    "directional_accuracy": 0.47393364928909953
  },
  "rf": {
    "mae": 0.012018093210083347,
    "directional_accuracy": 0.5323854660347551
  },
  "ridge": {
    "mae": 0.007374000756134091,
    "directional_accuracy": 0.44075829383886256
  },
  "ensemble": {
    "mae": 0.007938675275615545,
    "directional_accuracy": 0.5007898894154819
  }
}