{
  "xgboost": {
    "mae": 0.06678214536161803,
    "directional_accuracy": 0.28483920367534454
  },
  "rf": {
    "mae": 0.08184668250689522,
    "directional_accuracy": 0.26952526799387444
  },
  "ridge": {
    "mae": 0.05432458904934413,
    "directional_accuracy": 0.29709035222052066
  },
  "ensemble": {
    "mae": 0.066337581401643,
    "directional_accuracy": 0.2725880551301684
  }
}