{
  "xgboost": {
    "mae": 0.012221108258400627,
    "directional_accuracy": 0.447900466562986
  },
  "rf": {
    "mae": 0.013546549789948155,
    "directional_accuracy": 0.5163297045101088
  },
  "ridge": {
    "mae": 0.006716059858130041,
    "directional_accuracy": 0.5163297045101088
  },
  "ensemble": {
    "mae": 0.007626227210922126,
    "directional_accuracy": 0.505443234836703
  }
}