{
  "xgboost": {
    "mae": 0.011662672580058297,
    "directional_accuracy": 0.44724409448818897
  },
  "rf": {
    "mae": 0.012658978105133082,
    "directional_accuracy": 0.5275590551181102
  },
  "ridge": {
    "mae": 0.007101665657699836,
    "directional_accuracy": 0.4566929133858268
  },
  "ensemble": {
    "mae": 0.007885763256491957,
    "directional_accuracy": 0.49606299212598426
  }
}