{
  "xgboost": {
    "mae": 0.06327572927424888,
    "directional_accuracy": 0.2866043613707165
  },
  "rf": {
    "mae": 0.08368738051405325,
    "directional_accuracy": 0.2538940809968847
  },
  "ridge": {
    "mae": 0.0470030824120049,
    "directional_accuracy": 0.29906542056074764
  },
  "ensemble": {
    "mae": 0.06309684208124314,
    "directional_accuracy": 0.2850467289719626
  }
}