{
  "xgboost": {
    "mae": 0.013552851891167712,
    "directional_accuracy": 0.4506172839506173
  },
  "rf": {
    "mae": 0.008082295668706793,
    "directional_accuracy": 0.4583333333333333
  },
  "ridge": {
    "mae": 0.006915582201804504,
    "directional_accuracy": 0.5092592592592593
  },
  "ensemble": {
    "mae": 0.008901025430712795,
    "directional_accuracy": 0.44907407407407407
  }
}