{
  "xgboost": {
    "mae": 0.04438649270739211,
    "directional_accuracy": 0.3726993865030675
  },
  "rf": {
    "mae": 0.04408394690754621,
    "directional_accuracy": 0.36349693251533743
  },
  "ridge": {
    "mae": 0.018853262850946528,
    "directional_accuracy": 0.4110429447852761
  },
  "ensemble": {
    "mae": 0.033833283325803785,
    "directional_accuracy": 0.37116564417177916
  }
}