{
  "xgboost": {
    "mae": 0.04475262846629898,
    "directional_accuracy": 0.3778801843317972
  },
  "rf": {
    "mae": 0.04435603218584643,
    "directional_accuracy": 0.3686635944700461
  },
  "ridge": {
    "mae": 0.018907407308619905,
    "directional_accuracy": 0.40706605222734255
  },
  "ensemble": {
    "mae": 0.03412923881269751,
    "directional_accuracy": 0.38095238095238093
  }
}