{
  "xgboost": {
    "mae": 0.01228920544996714,
    "directional_accuracy": 0.4418604651162791
  },
  "rf": {
    "mae": 0.006984274516409086,
    "directional_accuracy": 0.49767441860465117
  },
  "ridge": {
    "mae": 0.006841158770709051,
    "directional_accuracy": 0.5023255813953489
  },
  "ensemble": {
    "mae": 0.008013034466342567,
    "directional_accuracy": 0.4434108527131783
  }
}