{
  "xgboost": {
    "mae": 0.06969803163160411,
    "directional_accuracy": 0.2665639445300462
  },
  "rf": {
    "mae": 0.08296995371414145,
    "directional_accuracy": 0.2588597842835131
  },
  "ridge": {
    "mae": 0.05165299837222396,
    "directional_accuracy": 0.3066255778120185
  },
  "ensemble": {
    "mae": 0.06660625532425415,
    "directional_accuracy": 0.26040061633281975
  }
}