{
  "xgboost": {
    "mae": 0.06202523884570391,
    "directional_accuracy": 0.278125
  },
  "rf": {
    "mae": 0.08435937627602223,
    "directional_accuracy": 0.2359375
  },
  "ridge": {
    "mae": 0.04584933831073541,
    "directional_accuracy": 0.31875
  },
  "ensemble": {
    "mae": 0.06262916451223276,
    "directional_accuracy": 0.278125
  }
}