{
  "xgboost": {
    "mae": 0.0663602312786412,
    "directional_accuracy": 0.26810477657935283
  },
  "rf": {
    "mae": 0.08173730850287628,
    "directional_accuracy": 0.26194144838212635
  },
  "ridge": {
    "mae": 0.05075718661607771,
    "directional_accuracy": 0.31432973805855163
  },
  "ensemble": {
    "mae": 0.06486677166032372,
    "directional_accuracy": 0.2665639445300462
  }
}