{
  "xgboost": {
    "mae": 0.011068636095659116,
    "directional_accuracy": 0.48661417322834644
  },
  "rf": {
    "mae": 0.012151060166782,
    "directional_accuracy": 0.525984251968504
  },
  "ridge": {
    "mae": 0.007084702105449736,
    "directional_accuracy": 0.45511811023622045
  },
  "ensemble": {
    "mae": 0.00802960222463475,
    "directional_accuracy": 0.5055118110236221
  }
}