{
  "xgboost": {
    "mae": 0.04279885853040437,
    "directional_accuracy": 0.3790446841294299
  },
  "rf": {
    "mae": 0.04200447619016338,
    "directional_accuracy": 0.3697996918335901
  },
  "ridge": {
    "mae": 0.018483751944141893,
    "directional_accuracy": 0.41294298921417566
  },
  "ensemble": {
    "mae": 0.03265931835813562,
    "directional_accuracy": 0.38212634822804314
  }
}