{
  "xgboost": {
    "mae": 0.06801504713179418,
    "directional_accuracy": 0.2786377708978328
  },
  "rf": {
    "mae": 0.08649010305185453,
    "directional_accuracy": 0.2770897832817337
  },
  "ridge": {
    "mae": 0.04780018401870488,
    "directional_accuracy": 0.30340557275541796
  },
  "ensemble": {
    "mae": 0.06550079608283832,
    "directional_accuracy": 0.2848297213622291
  }
}