{
  "xgboost": {
    "mae": 0.06304075830916397,
    "directional_accuracy": 0.27314814814814814
  },
  "rf": {
    "mae": 0.08223019014221462,
    "directional_accuracy": 0.26851851851851855
  },
  "ridge": {
    "mae": 0.04976200726867601,
    "directional_accuracy": 0.32253086419753085
  },
  "ensemble": {
    "mae": 0.0634760370389968,
    "directional_accuracy": 0.27469135802469136
  }
}