{
  "xgboost": {
    "mae": 0.0750180049902011,
    "directional_accuracy": 0.26533742331288346
  },
  "rf": {
    "mae": 0.07976848191850769,
    "directional_accuracy": 0.25153374233128833
  },
  "ridge": {
    "mae": 0.05441514918571266,
    "directional_accuracy": 0.29754601226993865
  },
  "ensemble": {
    "mae": 0.06847792555832258,
    "directional_accuracy": 0.2684049079754601
  }
}