{
  "xgboost": {
    "mae": 0.046768697923325296,
    "directional_accuracy": 0.3941267387944359
  },
  "rf": {
    "mae": 0.04671588926007889,
    "directional_accuracy": 0.37248840803709427
  },
  "ridge": {
    "mae": 0.018018039397006434,
    "directional_accuracy": 0.4188562596599691
  },
  "ensemble": {
    "mae": 0.034708267717956445,
    "directional_accuracy": 0.3910355486862442
  }
}