{
  "xgboost": {
    "mae": 0.045682428545478104,
    "directional_accuracy": 0.358695652173913
  },
  "rf": {
    "mae": 0.04329438577929174,
    "directional_accuracy": 0.36490683229813664
  },
  "ridge": {
    "mae": 0.017816770257143393,
    "directional_accuracy": 0.4161490683229814
  },
  "ensemble": {
    "mae": 0.03361232380045915,
    "directional_accuracy": 0.36801242236024845
  }
}