{
  "xgboost": {
    "mae": 0.037330765295414355,
    "directional_accuracy": 0.3744075829383886
  },
  "rf": {
    "mae": 0.04388751620637168,
    "directional_accuracy": 0.3696682464454976
  },
  "ridge": {
    "mae": 0.022352501521436467,
    "directional_accuracy": 0.3665086887835703
  },
  "ensemble": {
    "mae": 0.03368784838406861,
    "directional_accuracy": 0.36334913112164297
  }
}