{
  "xgboost": {
    "mae": 0.028119478730855626,
    "directional_accuracy": 0.38354037267080743
  },
  "rf": {
    "mae": 0.04332006888307334,
    "directional_accuracy": 0.36335403726708076
  },
  "ridge": {
    "mae": 0.018028277447405386,
    "directional_accuracy": 0.39906832298136646
  },
  "ensemble": {
    "mae": 0.028001056300838573,
    "directional_accuracy": 0.37422360248447206
  }
}