{
  "xgboost": {
    "mae": 0.03348787824292131,
    "directional_accuracy": 0.37111801242236025
  },
  "rf": {
    "mae": 0.0442657575701481,
    "directional_accuracy": 0.36335403726708076
  },
  "ridge": {
    "mae": 0.01801029167295316,
    "directional_accuracy": 0.40372670807453415
  },
  "ensemble": {
    "mae": 0.030024057154656423,
    "directional_accuracy": 0.37111801242236025
  }
}