{
  "xgboost": {
    "mae": 0.0424799786687882,
    "directional_accuracy": 0.3765625
  },
  "rf": {
    "mae": 0.045492443870086004,
    "directional_accuracy": 0.3546875
  },
  "ridge": {
    "mae": 0.01746192965392736,
    "directional_accuracy": 0.428125
  },
  "ensemble": {
    "mae": 0.03321836077975725,
    "directional_accuracy": 0.3796875
  }
}