{
  "xgboost": {
    "mae": 0.04813169154454798,
    "directional_accuracy": 0.3898305084745763
  },
  "rf": {
    "mae": 0.04390866041103403,
    "directional_accuracy": 0.37442218798151
  },
  "ridge": {
    "mae": 0.01826820587740937,
    "directional_accuracy": 0.4083204930662558
  },
  "ensemble": {
    "mae": 0.034702054055320064,
    "directional_accuracy": 0.3790446841294299
  }
}