{
  "xgboost": {
    "mae": 0.010206866305743028,
    "directional_accuracy": 0.4411302982731554
  },
  "rf": {
    "mae": 0.012875418268629788,
    "directional_accuracy": 0.5227629513343799
  },
  "ridge": {
    "mae": 0.006950458763060839,
    "directional_accuracy": 0.4725274725274725
  },
  "ensemble": {
    "mae": 0.008005180200706652,
    "directional_accuracy": 0.49293563579277866
  }
}