{
  "xgboost": {
    "mae": 0.06701687840597828,
    "directional_accuracy": 0.2523076923076923
  },
  "rf": {
    "mae": 0.08223782344177423,
    "directional_accuracy": 0.25384615384615383
  },
  "ridge": {
    "mae": 0.05260818933706048,
    "directional_accuracy": 0.30153846153846153
  },
  "ensemble": {
    "mae": 0.06595838951754565,
    "directional_accuracy": 0.26
  }
}