{
  "xgboost": {
    "mae": 0.011179454066105418,
    "directional_accuracy": 0.4382716049382716
  },
  "rf": {
    "mae": 0.008158664263378069,
    "directional_accuracy": 0.4521604938271605
  },
  "ridge": {
    "mae": 0.006907566584440982,
    "directional_accuracy": 0.5138888888888888
  },
  "ensemble": {
    "mae": 0.008328803946293315,
    "directional_accuracy": 0.44290123456790126
  }
}