{
  "xgboost": {
    "mae": 0.013249397471429326,
    "directional_accuracy": 0.4366412213740458
  },
  "rf": {
    "mae": 0.00885289787454377,
    "directional_accuracy": 0.4305343511450382
  },
  "ridge": {
    "mae": 0.0071270440155622745,
    "directional_accuracy": 0.4854961832061069
  },
  "ensemble": {
    "mae": 0.009278164010021243,
    "directional_accuracy": 0.433587786259542
  }
}