{
  "xgboost": {
    "mae": 0.030226240596392603,
    "directional_accuracy": 0.3666146645865835
  },
  "rf": {
    "mae": 0.044306504988446585,
    "directional_accuracy": 0.35725429017160687
  },
  "ridge": {
    "mae": 0.017464298238911095,
    "directional_accuracy": 0.42589703588143524
  },
  "ensemble": {
    "mae": 0.028789116953683587,
    "directional_accuracy": 0.374414976599064
  }
}