{
  "xgboost": {
    "mae": 0.04949434280448385,
    "directional_accuracy": 0.3803680981595092
  },
  "rf": {
    "mae": 0.045760540862503724,
    "directional_accuracy": 0.3665644171779141
  },
  "ridge": {
    "mae": 0.018621007771304817,
    "directional_accuracy": 0.4110429447852761
  },
  "ensemble": {
    "mae": 0.035937647374567165,
    "directional_accuracy": 0.3773006134969325
  }
}