{
  "xgboost": {
    "mae": 0.06673698854126939,
    "directional_accuracy": 0.28637059724349156
  },
  "rf": {
    "mae": 0.08255656337758399,
    "directional_accuracy": 0.26952526799387444
  },
  "ridge": {
    "mae": 0.05432457096288296,
    "directional_accuracy": 0.29709035222052066
  },
  "ensemble": {
    "mae": 0.06652268027382476,
    "directional_accuracy": 0.2725880551301684
  }
}