{
  "xgboost": {
    "mae": 0.012321760069404655,
    "directional_accuracy": 0.4327217125382263
  },
  "rf": {
    "mae": 0.009035070215380797,
    "directional_accuracy": 0.4235474006116208
  },
  "ridge": {
    "mae": 0.007051076270931597,
    "directional_accuracy": 0.48623853211009177
  },
  "ensemble": {
    "mae": 0.009028399023695791,
    "directional_accuracy": 0.42966360856269115
  }
}