{
  "xgboost": {
    "mae": 0.011427075824124904,
    "directional_accuracy": 0.4377880184331797
  },
  "rf": {
    "mae": 0.008997519116612673,
    "directional_accuracy": 0.43010752688172044
  },
  "ridge": {
    "mae": 0.007037752195138939,
    "directional_accuracy": 0.49615975422427033
  },
  "ensemble": {
    "mae": 0.008759746004377757,
    "directional_accuracy": 0.4485407066052227
  }
}