{
  "xgboost": {
    "mae": 0.0598027726215266,
    "directional_accuracy": 0.28771384136858474
  },
  "rf": {
    "mae": 0.08226167581764329,
    "directional_accuracy": 0.25505443234836706
  },
  "ridge": {
    "mae": 0.04675385029521056,
    "directional_accuracy": 0.3001555209953344
  },
  "ensemble": {
    "mae": 0.06120154628953895,
    "directional_accuracy": 0.2892690513219285
  }
}