{
  "xgboost": {
    "mae": 0.010329927353149368,
    "directional_accuracy": 0.44631901840490795
  },
  "rf": {
    "mae": 0.008983617784319376,
    "directional_accuracy": 0.4432515337423313
  },
  "ridge": {
    "mae": 0.007031488966466927,
    "directional_accuracy": 0.49079754601226994
  },
  "ensemble": {
    "mae": 0.00834893636582679,
    "directional_accuracy": 0.4447852760736196
  }
}