{
  "xgboost": {
    "mae": 0.06602795389333249,
    "directional_accuracy": 0.2797527047913447
  },
  "rf": {
    "mae": 0.0834945364379979,
    "directional_accuracy": 0.2751159196290572
  },
  "ridge": {
    "mae": 0.04888592969206196,
    "directional_accuracy": 0.3168469860896445
  },
  "ensemble": {
    "mae": 0.0642977117485495,
    "directional_accuracy": 0.28438948995363217
  }
}