{
  "xgboost": {
    "mae": 0.01136315818444768,
    "directional_accuracy": 0.4757433489827856
  },
  "rf": {
    "mae": 0.012841117347070732,
    "directional_accuracy": 0.5258215962441315
  },
  "ridge": {
    "mae": 0.006802724121494339,
    "directional_accuracy": 0.48043818466353677
  },
  "ensemble": {
    "mae": 0.008269016397693014,
    "directional_accuracy": 0.5023474178403756
  }
}