{
  "xgboost": {
    "mae": 0.011623914888915753,
    "directional_accuracy": 0.4146341463414634
  },
  "rf": {
    "mae": 0.008552613966682852,
    "directional_accuracy": 0.4420731707317073
  },
  "ridge": {
    "mae": 0.007097693132718471,
    "directional_accuracy": 0.4847560975609756
  },
  "ensemble": {
    "mae": 0.008662916213328943,
    "directional_accuracy": 0.42835365853658536
  }
}