{
  "xgboost": {
    "mae": 0.07547004614814584,
    "directional_accuracy": 0.2457757296466974
  },
  "rf": {
    "mae": 0.07766210186167186,
    "directional_accuracy": 0.24731182795698925
  },
  "ridge": {
    "mae": 0.053790613038500815,
    "directional_accuracy": 0.29493087557603687
  },
  "ensemble": {
    "mae": 0.06772002616929235,
    "directional_accuracy": 0.24731182795698925
  }
}