{
  "xgboost": {
    "mae": 0.04871077466110941,
    "directional_accuracy": 0.38863287250384027
  },
  "rf": {
    "mae": 0.042511136605948116,
    "directional_accuracy": 0.3686635944700461
  },
  "ridge": {
    "mae": 0.018789812584393828,
    "directional_accuracy": 0.41013824884792627
  },
  "ensemble": {
    "mae": 0.03475537127134813,
    "directional_accuracy": 0.3794162826420891
  }
}