{
  "xgboost": {
    "mae": 0.059270205280975465,
    "directional_accuracy": 0.29337539432176657
  },
  "rf": {
    "mae": 0.08115039213590124,
    "directional_accuracy": 0.24921135646687698
  },
  "ridge": {
    "mae": 0.06927061651378716,
    "directional_accuracy": 0.27129337539432175
  },
  "ensemble": {
    "mae": 0.06878286777954147,
    "directional_accuracy": 0.27602523659305994
  }
}