{
  "xgboost": {
    "mae": 0.009418642422199404,
    "directional_accuracy": 0.455521472392638
  },
  "rf": {
    "mae": 0.008856493321290916,
    "directional_accuracy": 0.4432515337423313
  },
  "ridge": {
    "mae": 0.007031488953722913,
    "directional_accuracy": 0.49079754601226994
  },
  "ensemble": {
    "mae": 0.00809698168139644,
    "directional_accuracy": 0.44785276073619634
  }
}