{
  "xgboost": {
    "mae": 0.011697436612977785,
    "directional_accuracy": 0.4377952755905512
  },
  "rf": {
    "mae": 0.012254784289901203,
    "directional_accuracy": 0.5322834645669291
  },
  "ridge": {
    "mae": 0.00713103410609806,
    "directional_accuracy": 0.4440944881889764
  },
  "ensemble": {
    "mae": 0.007877960099654595,
    "directional_accuracy": 0.48503937007874015
  }
}