{
  "xgboost": {
    "mae": 0.010998084220422024,
    "directional_accuracy": 0.4802527646129542
  },
  "rf": {
    "mae": 0.012227018341713877,
    "directional_accuracy": 0.5323854660347551
  },
  "ridge": {
    "mae": 0.007345936774675504,
    "directional_accuracy": 0.44549763033175355
  },
  "ensemble": {
    "mae": 0.008029974655214642,
    "directional_accuracy": 0.4928909952606635
  }
}