{
  "xgboost": {
    "mae": 0.0703807718083905,
    "directional_accuracy": 0.30265210608424337
  },
  "rf": {
    "mae": 0.08395232877967261,
    "directional_accuracy": 0.2542901716068643
  },
  "ridge": {
    "mae": 0.04590239735235151,
    "directional_accuracy": 0.31513260530421217
  },
  "ensemble": {
    "mae": 0.06532042813268245,
    "directional_accuracy": 0.28861154446177845
  }
}