{
  "xgboost": {
    "mae": 0.06637583118736329,
    "directional_accuracy": 0.28483920367534454
  },
  "rf": {
    "mae": 0.08289685981234418,
    "directional_accuracy": 0.26952526799387444
  },
  "ridge": {
    "mae": 0.054324593711436726,
    "directional_accuracy": 0.29709035222052066
  },
  "ensemble": {
    "mae": 0.06651242711214751,
    "directional_accuracy": 0.2725880551301684
  }
}