{
  "xgboost": {
    "mae": 0.011757429420381974,
    "directional_accuracy": 0.4681181959564541
  },
  "rf": {
    "mae": 0.013277398309843277,
    "directional_accuracy": 0.5132192846034215
  },
  "ridge": {
    "mae": 0.00674213437691758,
    "directional_accuracy": 0.5116640746500778
  },
  "ensemble": {
    "mae": 0.008464402209345032,
    "directional_accuracy": 0.49611197511664074
  }
}