{
  "xgboost": {
    "mae": 0.05961776755244032,
    "directional_accuracy": 0.27102803738317754
  },
  "rf": {
    "mae": 0.08327317802292884,
    "directional_accuracy": 0.2538940809968847
  },
  "ridge": {
    "mae": 0.04700308461339766,
    "directional_accuracy": 0.29906542056074764
  },
  "ensemble": {
    "mae": 0.061699564119931986,
    "directional_accuracy": 0.2834890965732087
  }
}