{
  "xgboost": {
    "mae": 0.00900014812449461,
    "directional_accuracy": 0.47360248447204967
  },
  "rf": {
    "mae": 0.00766336184770673,
    "directional_accuracy": 0.5186335403726708
  },
  "ridge": {
    "mae": 0.006805114618055278,
    "directional_accuracy": 0.5031055900621118
  },
  "ensemble": {
    "mae": 0.007140046792170351,
    "directional_accuracy": 0.4937888198757764
  }
}