{
  "xgboost": {
    "mae": 0.013437158693579677,
    "directional_accuracy": 0.4338461538461538
  },
  "rf": {
    "mae": 0.008845222762664575,
    "directional_accuracy": 0.45384615384615384
  },
  "ridge": {
    "mae": 0.007001576141840578,
    "directional_accuracy": 0.49538461538461537
  },
  "ensemble": {
    "mae": 0.009219259691775068,
    "directional_accuracy": 0.43846153846153846
  }
}