{
  "xgboost": {
    "mae": 0.054218465431419165,
    "directional_accuracy": 0.27899686520376177
  },
  "rf": {
    "mae": 0.08255157532872663,
    "directional_accuracy": 0.2304075235109718
  },
  "ridge": {
    "mae": 0.04833564304974624,
    "directional_accuracy": 0.3166144200626959
  },
  "ensemble": {
    "mae": 0.06037898247844639,
    "directional_accuracy": 0.2727272727272727
  }
}