{
  "xgboost": {
    "mae": 0.06663866783002628,
    "directional_accuracy": 0.28637059724349156
  },
  "rf": {
    "mae": 0.08232561307681498,
    "directional_accuracy": 0.26952526799387444
  },
  "ridge": {
    "mae": 0.05432458661381928,
    "directional_accuracy": 0.29709035222052066
  },
  "ensemble": {
    "mae": 0.06642742575924178,
    "directional_accuracy": 0.2725880551301684
  }
}