{
  "xgboost": {
    "mae": 0.025423796175246982,
    "directional_accuracy": 0.378125
  },
  "rf": {
    "mae": 0.04519946073692701,
    "directional_accuracy": 0.365625
  },
  "ridge": {
    "mae": 0.017534070409478197,
    "directional_accuracy": 0.4203125
  },
  "ensemble": {
    "mae": 0.027489164706743962,
    "directional_accuracy": 0.375
  }
}