{
  "xgboost": {
    "mae": 0.04013898450251864,
    "directional_accuracy": 0.3605015673981191
  },
  "rf": {
    "mae": 0.04485712659308581,
    "directional_accuracy": 0.3557993730407524
  },
  "ridge": {
    "mae": 0.018307957447829627,
    "directional_accuracy": 0.3949843260188088
  },
  "ensemble": {
    "mae": 0.03292944529417208,
    "directional_accuracy": 0.3620689655172414
  }
}