{
  "xgboost": {
    "mae": 0.04598054186478948,
    "directional_accuracy": 0.3669291338582677
  },
  "rf": {
    "mae": 0.04397018312699703,
    "directional_accuracy": 0.3669291338582677
  },
  "ridge": {
    "mae": 0.019281647477712178,
    "directional_accuracy": 0.3952755905511811
  },
  "ensemble": {
    "mae": 0.03525447712225882,
    "directional_accuracy": 0.3606299212598425
  }
}