{
  "xgboost": {
    "mae": 0.010874026347949454,
    "directional_accuracy": 0.4416796267496112
  },
  "rf": {
    "mae": 0.013566628415801096,
    "directional_accuracy": 0.5163297045101088
  },
  "ridge": {
    "mae": 0.006733352912445764,
    "directional_accuracy": 0.5132192846034215
  },
  "ensemble": {
    "mae": 0.007644680528639883,
    "directional_accuracy": 0.49922239502332816
  }
}