{
  "xgboost": {
    "mae": 0.041617424390936915,
    "directional_accuracy": 0.3730886850152905
  },
  "rf": {
    "mae": 0.041777613150593855,
    "directional_accuracy": 0.363914373088685
  },
  "ridge": {
    "mae": 0.019395595720224746,
    "directional_accuracy": 0.39908256880733944
  },
  "ensemble": {
    "mae": 0.03267026671733379,
    "directional_accuracy": 0.37003058103975534
  }
}