{
  "xgboost": {
    "mae": 0.06366746341626747,
    "directional_accuracy": 0.2716049382716049
  },
  "rf": {
    "mae": 0.08214821441040338,
    "directional_accuracy": 0.26851851851851855
  },
  "ridge": {
    "mae": 0.049762003813348075,
    "directional_accuracy": 0.32253086419753085
  },
  "ensemble": {
    "mae": 0.06364400717984578,
    "directional_accuracy": 0.27469135802469136
  }
}