{
  "xgboost": {
    "mae": 0.01180667025684249,
    "directional_accuracy": 0.46540880503144655
  },
  "rf": {
    "mae": 0.012457350901430785,
    "directional_accuracy": 0.5235849056603774
  },
  "ridge": {
    "mae": 0.006990903855041047,
    "directional_accuracy": 0.46855345911949686
  },
  "ensemble": {
    "mae": 0.008084409737456116,
    "directional_accuracy": 0.48742138364779874
  }
}