{
  "xgboost": {
    "mae": 0.062212666850259724,
    "directional_accuracy": 0.2859399684044234
  },
  "rf": {
    "mae": 0.08120925615947425,
    "directional_accuracy": 0.2527646129541864
  },
  "ridge": {
    "mae": 0.0722299512094968,
    "directional_accuracy": 0.2717219589257504
  },
  "ensemble": {
    "mae": 0.07071354733947878,
    "directional_accuracy": 0.2796208530805687
  }
}