{
  "xgboost": {
    "mae": 0.04545796554943717,
    "directional_accuracy": 0.3723076923076923
  },
  "rf": {
    "mae": 0.0419405439468847,
    "directional_accuracy": 0.3707692307692308
  },
  "ridge": {
    "mae": 0.01875337822270099,
    "directional_accuracy": 0.40615384615384614
  },
  "ensemble": {
    "mae": 0.03366387452868506,
    "directional_accuracy": 0.3707692307692308
  }
}