{
  "xgboost": {
    "mae": 0.012424918041573352,
    "directional_accuracy": 0.4535603715170279
  },
  "rf": {
    "mae": 0.007003289483399752,
    "directional_accuracy": 0.4891640866873065
  },
  "ridge": {
    "mae": 0.0068198784686509025,
    "directional_accuracy": 0.5061919504643962
  },
  "ensemble": {
    "mae": 0.008050417636398997,
    "directional_accuracy": 0.4535603715170279
  }
}