{
  "xgboost": {
    "mae": 0.04175284912343954,
    "directional_accuracy": 0.36890243902439024
  },
  "rf": {
    "mae": 0.04711742782845623,
    "directional_accuracy": 0.3628048780487805
  },
  "ridge": {
    "mae": 0.018879142682356534,
    "directional_accuracy": 0.4054878048780488
  },
  "ensemble": {
    "mae": 0.03409889464024706,
    "directional_accuracy": 0.36585365853658536
  }
}