{
  "xgboost": {
    "mae": 0.03293226691841354,
    "directional_accuracy": 0.37383177570093457
  },
  "rf": {
    "mae": 0.04385779957685846,
    "directional_accuracy": 0.3598130841121495
  },
  "ridge": {
    "mae": 0.017513502713206324,
    "directional_accuracy": 0.4205607476635514
  },
  "ensemble": {
    "mae": 0.029591913966537698,
    "directional_accuracy": 0.3691588785046729
  }
}