{
  "xgboost": {
    "mae": 0.0720582333008916,
    "directional_accuracy": 0.27439024390243905
  },
  "rf": {
    "mae": 0.08611183177786244,
    "directional_accuracy": 0.2621951219512195
  },
  "ridge": {
    "mae": 0.05154288165920116,
    "directional_accuracy": 0.2865853658536585
  },
  "ensemble": {
    "mae": 0.06807988202363396,
    "directional_accuracy": 0.27134146341463417
  }
}