{
  "xgboost": {
    "mae": 0.045582074110455346,
    "directional_accuracy": 0.3755725190839695
  },
  "rf": {
    "mae": 0.044667862217555164,
    "directional_accuracy": 0.3648854961832061
  },
  "ridge": {
    "mae": 0.01932916387841257,
    "directional_accuracy": 0.4
  },
  "ensemble": {
    "mae": 0.034894410419676274,
    "directional_accuracy": 0.3709923664122137
  }
}