{
  "xgboost": {
    "mae": 0.05469152040294299,
    "directional_accuracy": 0.27899686520376177
  },
  "rf": {
    "mae": 0.08221167740090142,
    "directional_accuracy": 0.2304075235109718
  },
  "ridge": {
    "mae": 0.04833562825703601,
    "directional_accuracy": 0.3166144200626959
  },
  "ensemble": {
    "mae": 0.060464131800184805,
    "directional_accuracy": 0.2711598746081505
  }
}