{
  "xgboost": {
    "mae": 0.04739060136405495,
    "directional_accuracy": 0.39969135802469136
  },
  "rf": {
    "mae": 0.04634690124205268,
    "directional_accuracy": 0.37037037037037035
  },
  "ridge": {
    "mae": 0.018146667237971273,
    "directional_accuracy": 0.4243827160493827
  },
  "ensemble": {
    "mae": 0.03490008800843711,
    "directional_accuracy": 0.38271604938271603
  }
}