{
  "xgboost": {
    "mae": 0.01175622010885215,
    "directional_accuracy": 0.4835680751173709
  },
  "rf": {
    "mae": 0.01264569159681396,
    "directional_accuracy": 0.5258215962441315
  },
  "ridge": {
    "mae": 0.006779300557312336,
    "directional_accuracy": 0.48513302034428796
  },
  "ensemble": {
    "mae": 0.0082973147933142,
    "directional_accuracy": 0.5054773082942097
  }
}