{
  "xgboost": {
    "mae": 0.07063473781935807,
    "directional_accuracy": 0.2759146341463415
  },
  "rf": {
    "mae": 0.08593359313388409,
    "directional_accuracy": 0.2621951219512195
  },
  "ridge": {
    "mae": 0.051778417220929115,
    "directional_accuracy": 0.28810975609756095
  },
  "ensemble": {
    "mae": 0.0676713436273086,
    "directional_accuracy": 0.2698170731707317
  }
}