{
  "xgboost": {
    "mae": 0.054445711529235157,
    "directional_accuracy": 0.28773584905660377
  },
  "rf": {
    "mae": 0.08287540790376838,
    "directional_accuracy": 0.24528301886792453
  },
  "ridge": {
    "mae": 0.05678528145701534,
    "directional_accuracy": 0.28773584905660377
  },
  "ensemble": {
    "mae": 0.06356923419851422,
    "directional_accuracy": 0.2641509433962264
  }
}