{
  "xgboost": {
    "mae": 0.06475695056796545,
    "directional_accuracy": 0.296875
  },
  "rf": {
    "mae": 0.08419026752417927,
    "directional_accuracy": 0.2515625
  },
  "ridge": {
    "mae": 0.045937092103479696,
    "directional_accuracy": 0.315625
  },
  "ensemble": {
    "mae": 0.06353665414839008,
    "directional_accuracy": 0.2859375
  }
}