{
  "xgboost": {
    "mae": 0.06336131666218253,
    "directional_accuracy": 0.28459119496855345
  },
  "rf": {
    "mae": 0.08238414643506371,
    "directional_accuracy": 0.23427672955974843
  },
  "ridge": {
    "mae": 0.06049147929129416,
    "directional_accuracy": 0.2861635220125786
  },
  "ensemble": {
    "mae": 0.06770905109949378,
    "directional_accuracy": 0.2641509433962264
  }
}