{
  "xgboost": {
    "mae": 0.06724036205470116,
    "directional_accuracy": 0.2950310559006211
  },
  "rf": {
    "mae": 0.08206063106938367,
    "directional_accuracy": 0.2639751552795031
  },
  "ridge": {
    "mae": 0.04689610951160704,
    "directional_accuracy": 0.2981366459627329
  },
  "ensemble": {
    "mae": 0.06358626333225664,
    "directional_accuracy": 0.2888198757763975
  }
}