{
  "xgboost": {
    "mae": 0.06410730644584414,
    "directional_accuracy": 0.28527131782945736
  },
  "rf": {
    "mae": 0.08167832730792608,
    "directional_accuracy": 0.262015503875969
  },
  "ridge": {
    "mae": 0.04667503579468768,
    "directional_accuracy": 0.2961240310077519
  },
  "ensemble": {
    "mae": 0.06223036885636955,
    "directional_accuracy": 0.2837209302325581
  }
}