{
  "xgboost": {
    "mae": 0.03703214853970387,
    "directional_accuracy": 0.35358255451713394
  },
  "rf": {
    "mae": 0.04330946927988586,
    "directional_accuracy": 0.3613707165109034
  },
  "ridge": {
    "mae": 0.01751350512757262,
    "directional_accuracy": 0.4205607476635514
  },
  "ensemble": {
    "mae": 0.030747634521267758,
    "directional_accuracy": 0.3707165109034268
  }
}