{
  "xgboost": {
    "mae": 0.013049295826230286,
    "directional_accuracy": 0.42572741194486985
  },
  "rf": {
    "mae": 0.008924291280505571,
    "directional_accuracy": 0.4318529862174579
  },
  "ridge": {
    "mae": 0.007046814407379463,
    "directional_accuracy": 0.48545176110260335
  },
  "ensemble": {
    "mae": 0.009165044316868712,
    "directional_accuracy": 0.4318529862174579
  }
}