{
  "xgboost": {
    "mae": 0.07377086329886393,
    "directional_accuracy": 0.2457757296466974
  },
  "rf": {
    "mae": 0.07654810262773995,
    "directional_accuracy": 0.24731182795698925
  },
  "ridge": {
    "mae": 0.053790618733943814,
    "directional_accuracy": 0.29493087557603687
  },
  "ensemble": {
    "mae": 0.0668080101268942,
    "directional_accuracy": 0.24731182795698925
  }
}