{
  "xgboost": {
    "mae": 0.07340428813711498,
    "directional_accuracy": 0.2601246105919003
  },
  "rf": {
    "mae": 0.08170323595678863,
    "directional_accuracy": 0.2538940809968847
  },
  "ridge": {
    "mae": 0.04703510526393783,
    "directional_accuracy": 0.29750778816199375
  },
  "ensemble": {
    "mae": 0.06581303447431068,
    "directional_accuracy": 0.2819314641744548
  }
}