{
  "xgboost": {
    "mae": 0.032567667737667956,
    "directional_accuracy": 0.39197530864197533
  },
  "rf": {
    "mae": 0.04570085616913269,
    "directional_accuracy": 0.36728395061728397
  },
  "ridge": {
    "mae": 0.018099915397204843,
    "directional_accuracy": 0.41975308641975306
  },
  "ensemble": {
    "mae": 0.029882966308744534,
    "directional_accuracy": 0.38425925925925924
  }
}