{
  "xgboost": {
    "mae": 0.049277835543675264,
    "directional_accuracy": 0.37423312883435583
  },
  "rf": {
    "mae": 0.045247896000177805,
    "directional_accuracy": 0.36349693251533743
  },
  "ridge": {
    "mae": 0.018853259621417248,
    "directional_accuracy": 0.4110429447852761
  },
  "ensemble": {
    "mae": 0.03586406559060883,
    "directional_accuracy": 0.36809815950920244
  }
}