{
  "xgboost": {
    "mae": 0.06476806711189771,
    "directional_accuracy": 0.27134146341463417
  },
  "rf": {
    "mae": 0.0873248867357341,
    "directional_accuracy": 0.2621951219512195
  },
  "ridge": {
    "mae": 0.05087731039479439,
    "directional_accuracy": 0.2865853658536585
  },
  "ensemble": {
    "mae": 0.06578587357509381,
    "directional_accuracy": 0.2682926829268293
  }
}