{
  "xgboost": {
    "mae": 0.04002051680580921,
    "directional_accuracy": 0.3561430793157076
  },
  "rf": {
    "mae": 0.04265506557489917,
    "directional_accuracy": 0.36391912908242613
  },
  "ridge": {
    "mae": 0.017685352377979784,
    "directional_accuracy": 0.4152410575427683
  },
  "ensemble": {
    "mae": 0.03157903182102466,
    "directional_accuracy": 0.3608087091757387
  }
}