{
  "xgboost": {
    "mae": 0.04467338205176557,
    "directional_accuracy": 0.3671875
  },
  "rf": {
    "mae": 0.044811816741575604,
    "directional_accuracy": 0.3640625
  },
  "ridge": {
    "mae": 0.017551499871578134,
    "directional_accuracy": 0.41875
  },
  "ensemble": {
    "mae": 0.03385270222529607,
    "directional_accuracy": 0.36875
  }
}