{
  "xgboost": {
    "mae": 0.010556837950682204,
    "directional_accuracy": 0.4670846394984326
  },
  "rf": {
    "mae": 0.012831097887760927,
    "directional_accuracy": 0.5172413793103449
  },
  "ridge": {
    "mae": 0.006752803408399406,
    "directional_accuracy": 0.4843260188087774
  },
  "ensemble": {
    "mae": 0.007973086527793856,
    "directional_accuracy": 0.5062695924764891
  }
}