{
  "xgboost": {
    "mae": 0.06450085683554925,
    "directional_accuracy": 0.2778649921507064
  },
  "rf": {
    "mae": 0.0846866243440875,
    "directional_accuracy": 0.23861852433281006
  },
  "ridge": {
    "mae": 0.05455014435570371,
    "directional_accuracy": 0.2857142857142857
  },
  "ensemble": {
    "mae": 0.06686602041765832,
    "directional_accuracy": 0.28100470957613816
  }
}