{
  "xgboost": {
    "mae": 0.058752915111483325,
    "directional_accuracy": 0.2843601895734597
  },
  "rf": {
    "mae": 0.08056819203715013,
    "directional_accuracy": 0.24960505529225907
  },
  "ridge": {
    "mae": 0.06931868455458023,
    "directional_accuracy": 0.2717219589257504
  },
  "ensemble": {
    "mae": 0.06847170814940086,
    "directional_accuracy": 0.2812006319115324
  }
}