{
  "xgboost": {
    "mae": 0.013049295826230286,
    "directional_accuracy": 0.42572741194486985
  },
  "rf": {
    "mae": 0.009068829416276103,
    "directional_accuracy": 0.43032159264931086
  },
  "ridge": {
    "mae": 0.007046814440801959,
    "directional_accuracy": 0.48545176110260335
  },
  "ensemble": {
    "mae": 0.009214976111272607,
    "directional_accuracy": 0.4318529862174579
  }
}