{
  "xgboost": {
    "mae": 0.059405813263312714,
    "directional_accuracy": 0.28976377952755905
  },
  "rf": {
    "mae": 0.08207459506510201,
    "directional_accuracy": 0.23307086614173228
  },
  "ridge": {
    "mae": 0.06056637777809874,
    "directional_accuracy": 0.2866141732283465
  },
  "ensemble": {
    "mae": 0.06620396181027315,
    "directional_accuracy": 0.2614173228346457
  }
}