{
  "xgboost": {
    "mae": 0.041028283427240436,
    "directional_accuracy": 0.37089201877934275
  },
  "rf": {
    "mae": 0.04484000189949015,
    "directional_accuracy": 0.3599374021909233
  },
  "ridge": {
    "mae": 0.0180391379499755,
    "directional_accuracy": 0.40062597809076683
  },
  "ensemble": {
    "mae": 0.03304132007392932,
    "directional_accuracy": 0.36932707355242567
  }
}