{
  "xgboost": {
    "mae": 0.037808189135092284,
    "directional_accuracy": 0.36334913112164297
  },
  "rf": {
    "mae": 0.043092131684222844,
    "directional_accuracy": 0.3696682464454976
  },
  "ridge": {
    "mae": 0.022352487985056138,
    "directional_accuracy": 0.3665086887835703
  },
  "ensemble": {
    "mae": 0.03363551200195638,
    "directional_accuracy": 0.36492890995260663
  }
}