{
  "xgboost": {
    "mae": 0.05660044913864193,
    "directional_accuracy": 0.28976377952755905
  },
  "rf": {
    "mae": 0.08146234877776866,
    "directional_accuracy": 0.23622047244094488
  },
  "ridge": {
    "mae": 0.0630596928754709,
    "directional_accuracy": 0.27716535433070866
  },
  "ensemble": {
    "mae": 0.066062852961052,
    "directional_accuracy": 0.2803149606299213
  }
}