{
  "xgboost": {
    "mae": 0.06767052344835318,
    "directional_accuracy": 0.26810477657935283
  },
  "rf": {
    "mae": 0.0818234417071638,
    "directional_accuracy": 0.26348228043143296
  },
  "ridge": {
    "mae": 0.05095458879955568,
    "directional_accuracy": 0.31124807395993837
  },
  "ensemble": {
    "mae": 0.06536959756748695,
    "directional_accuracy": 0.2650231124807396
  }
}