{
  "xgboost": {
    "mae": 0.010662202789941474,
    "directional_accuracy": 0.4432348367029549
  },
  "rf": {
    "mae": 0.013748358632566652,
    "directional_accuracy": 0.5163297045101088
  },
  "ridge": {
    "mae": 0.006716060579133847,
    "directional_accuracy": 0.5163297045101088
  },
  "ensemble": {
    "mae": 0.007380939861243927,
    "directional_accuracy": 0.5038880248833593
  }
}