{
  "xgboost": {
    "mae": 0.008571561643756399,
    "directional_accuracy": 0.4670846394984326
  },
  "rf": {
    "mae": 0.012905723725299379,
    "directional_accuracy": 0.5235109717868338
  },
  "ridge": {
    "mae": 0.006789114628931848,
    "directional_accuracy": 0.4827586206896552
  },
  "ensemble": {
    "mae": 0.007563124834844441,
    "directional_accuracy": 0.5297805642633229
  }
}