{
  "xgboost": {
    "mae": 0.07405488781956895,
    "directional_accuracy": 0.250384024577573
  },
  "rf": {
    "mae": 0.07782424948501865,
    "directional_accuracy": 0.24731182795698925
  },
  "ridge": {
    "mae": 0.05366973797009998,
    "directional_accuracy": 0.2964669738863287
  },
  "ensemble": {
    "mae": 0.06724838481079103,
    "directional_accuracy": 0.250384024577573
  }
}