{
  "xgboost": {
    "mae": 0.07403310629843127,
    "directional_accuracy": 0.2848297213622291
  },
  "rf": {
    "mae": 0.08508622569222127,
    "directional_accuracy": 0.2786377708978328
  },
  "ridge": {
    "mae": 0.047454161560447364,
    "directional_accuracy": 0.30959752321981426
  },
  "ensemble": {
    "mae": 0.0668748407602743,
    "directional_accuracy": 0.28792569659442724
  }
}