{
  "xgboost": {
    "mae": 0.03763734847872298,
    "directional_accuracy": 0.34488188976377954
  },
  "rf": {
    "mae": 0.04421763993338508,
    "directional_accuracy": 0.3732283464566929
  },
  "ridge": {
    "mae": 0.020167909963046658,
    "directional_accuracy": 0.38110236220472443
  },
  "ensemble": {
    "mae": 0.03300743680089913,
    "directional_accuracy": 0.35590551181102364
  }
}