{
  "xgboost": {
    "mae": 0.07664921228236615,
    "directional_accuracy": 0.28217054263565894
  },
  "rf": {
    "mae": 0.08472129513118427,
    "directional_accuracy": 0.25736434108527134
  },
  "ridge": {
    "mae": 0.04637430716189194,
    "directional_accuracy": 0.29767441860465116
  },
  "ensemble": {
    "mae": 0.06717457300474731,
    "directional_accuracy": 0.28527131782945736
  }
}