{
  "xgboost": {
    "mae": 0.00987691517086655,
    "directional_accuracy": 0.47360248447204967
  },
  "rf": {
    "mae": 0.012893838808911099,
    "directional_accuracy": 0.5217391304347826
  },
  "ridge": {
    "mae": 0.006793653377813537,
    "directional_accuracy": 0.5062111801242236
  },
  "ensemble": {
    "mae": 0.007456212418341913,
    "directional_accuracy": 0.5201863354037267
  }
}