{
  "xgboost": {
    "mae": 0.045334622559690105,
    "directional_accuracy": 0.37423312883435583
  },
  "rf": {
    "mae": 0.04370862192362294,
    "directional_accuracy": 0.36349693251533743
  },
  "ridge": {
    "mae": 0.018853262781195753,
    "directional_accuracy": 0.4110429447852761
  },
  "ensemble": {
    "mae": 0.03400393110758391,
    "directional_accuracy": 0.37423312883435583
  }
}