{
  "xgboost": {
    "mae": 0.012643618571926814,
    "directional_accuracy": 0.4406779661016949
  },
  "rf": {
    "mae": 0.008156634785226453,
    "directional_accuracy": 0.4437596302003082
  },
  "ridge": {
    "mae": 0.006912245281859422,
    "directional_accuracy": 0.5084745762711864
  },
  "ensemble": {
    "mae": 0.008665854752979936,
    "directional_accuracy": 0.4437596302003082
  }
}