{
  "xgboost": {
    "mae": 0.07451434445066915,
    "directional_accuracy": 0.250384024577573
  },
  "rf": {
    "mae": 0.07802237952814937,
    "directional_accuracy": 0.2488479262672811
  },
  "ridge": {
    "mae": 0.05366974163851935,
    "directional_accuracy": 0.2964669738863287
  },
  "ensemble": {
    "mae": 0.06745599796905397,
    "directional_accuracy": 0.250384024577573
  }
}