{
  "xgboost": {
    "mae": 0.015123390459511929,
    "directional_accuracy": 0.43950995405819293
  },
  "rf": {
    "mae": 0.009051519199161768,
    "directional_accuracy": 0.43032159264931086
  },
  "ridge": {
    "mae": 0.007046814767419288,
    "directional_accuracy": 0.48545176110260335
  },
  "ensemble": {
    "mae": 0.00981929990368351,
    "directional_accuracy": 0.43644716692189894
  }
}