{
  "xgboost": {
    "mae": 0.014552027529652987,
    "directional_accuracy": 0.4298780487804878
  },
  "rf": {
    "mae": 0.008483144710872345,
    "directional_accuracy": 0.4420731707317073
  },
  "ridge": {
    "mae": 0.007082617460204538,
    "directional_accuracy": 0.4878048780487805
  },
  "ensemble": {
    "mae": 0.009476955501648326,
    "directional_accuracy": 0.4344512195121951
  }
}