{
  "xgboost": {
    "mae": 0.012596117312202062,
    "directional_accuracy": 0.43902439024390244
  },
  "rf": {
    "mae": 0.008484616391781198,
    "directional_accuracy": 0.4420731707317073
  },
  "ridge": {
    "mae": 0.007081837762082107,
    "directional_accuracy": 0.4878048780487805
  },
  "ensemble": {
    "mae": 0.008939323276481297,
    "directional_accuracy": 0.43902439024390244
  }
}