{
  "xgboost": {
    "mae": 0.03472588383199846,
    "directional_accuracy": 0.4024767801857585
  },
  "rf": {
    "mae": 0.045062364106700704,
    "directional_accuracy": 0.37925696594427244
  },
  "ridge": {
    "mae": 0.017755092376234037,
    "directional_accuracy": 0.413312693498452
  },
  "ensemble": {
    "mae": 0.030114694880403917,
    "directional_accuracy": 0.39473684210526316
  }
}