{
  "xgboost": {
    "mae": 0.01158322415988033,
    "directional_accuracy": 0.44838212634822805
  },
  "rf": {
    "mae": 0.00848840575163031,
    "directional_accuracy": 0.4422187981510015
  },
  "ridge": {
    "mae": 0.006942489377568047,
    "directional_accuracy": 0.5100154083204931
  },
  "ensemble": {
    "mae": 0.008554459291126488,
    "directional_accuracy": 0.44684129429892144
  }
}