{
  "xgboost": {
    "mae": 0.06237394570678759,
    "directional_accuracy": 0.26564885496183205
  },
  "rf": {
    "mae": 0.08791361368881281,
    "directional_accuracy": 0.26717557251908397
  },
  "ridge": {
    "mae": 0.052382535843673875,
    "directional_accuracy": 0.28549618320610687
  },
  "ensemble": {
    "mae": 0.06576875708733551,
    "directional_accuracy": 0.2687022900763359
  }
}