{
  "xgboost": {
    "mae": 0.059938436614625515,
    "directional_accuracy": 0.2698170731707317
  },
  "rf": {
    "mae": 0.0861710966639086,
    "directional_accuracy": 0.2621951219512195
  },
  "ridge": {
    "mae": 0.051102241257993126,
    "directional_accuracy": 0.2850609756097561
  },
  "ensemble": {
    "mae": 0.06392723931011551,
    "directional_accuracy": 0.2698170731707317
  }
}