{
  "xgboost": {
    "mae": 0.06167903922292564,
    "directional_accuracy": 0.2689873417721519
  },
  "rf": {
    "mae": 0.08072602967666365,
    "directional_accuracy": 0.28164556962025317
  },
  "ridge": {
    "mae": 0.07676312097612181,
    "directional_accuracy": 0.2737341772151899
  },
  "ensemble": {
    "mae": 0.07196026898648994,
    "directional_accuracy": 0.2800632911392405
  }
}