{
  "xgboost": {
    "mae": 0.055416875850228864,
    "directional_accuracy": 0.27856025039123633
  },
  "rf": {
    "mae": 0.08448526398890549,
    "directional_accuracy": 0.2300469483568075
  },
  "ridge": {
    "mae": 0.04600006541750698,
    "directional_accuracy": 0.3192488262910798
  },
  "ensemble": {
    "mae": 0.060521437493057224,
    "directional_accuracy": 0.27073552425665104
  }
}