{
  "xgboost": {
    "mae": 0.059585860062492696,
    "directional_accuracy": 0.26802507836990597
  },
  "rf": {
    "mae": 0.08342660577636157,
    "directional_accuracy": 0.2304075235109718
  },
  "ridge": {
    "mae": 0.04737733721704977,
    "directional_accuracy": 0.3181818181818182
  },
  "ensemble": {
    "mae": 0.062210963153809216,
    "directional_accuracy": 0.26489028213166144
  }
}