{
  "xgboost": {
    "mae": 0.06312910544291157,
    "directional_accuracy": 0.2630769230769231
  },
  "rf": {
    "mae": 0.08221023110167776,
    "directional_accuracy": 0.2523076923076923
  },
  "ridge": {
    "mae": 0.05285778638145861,
    "directional_accuracy": 0.3
  },
  "ensemble": {
    "mae": 0.06471924716658495,
    "directional_accuracy": 0.2569230769230769
  }
}