{
  "xgboost": {
    "mae": 0.010498130418285715,
    "directional_accuracy": 0.4591679506933744
  },
  "rf": {
    "mae": 0.00866482470795288,
    "directional_accuracy": 0.4453004622496148
  },
  "ridge": {
    "mae": 0.006966943951190636,
    "directional_accuracy": 0.4946070878274268
  },
  "ensemble": {
    "mae": 0.008320087421530316,
    "directional_accuracy": 0.44992295839753466
  }
}