{
  "xgboost": {
    "mae": 0.05642006112045143,
    "directional_accuracy": 0.30647709320695105
  },
  "rf": {
    "mae": 0.08052656533078707,
    "directional_accuracy": 0.26066350710900477
  },
  "ridge": {
    "mae": 0.07455903371235625,
    "directional_accuracy": 0.2717219589257504
  },
  "ensemble": {
    "mae": 0.06933536967352975,
    "directional_accuracy": 0.2796208530805687
  }
}