{
  "xgboost": {
    "mae": 0.01262567195874905,
    "directional_accuracy": 0.44135802469135804
  },
  "rf": {
    "mae": 0.007789536279888477,
    "directional_accuracy": 0.4583333333333333
  },
  "ridge": {
    "mae": 0.006915495653853707,
    "directional_accuracy": 0.5123456790123457
  },
  "ensemble": {
    "mae": 0.00853903467461764,
    "directional_accuracy": 0.4444444444444444
  }
}