{
  "xgboost": {
    "mae": 0.01075952860447178,
    "directional_accuracy": 0.47393364928909953
  },
  "rf": {
    "mae": 0.011998461541801585,
    "directional_accuracy": 0.5323854660347551
  },
  "ridge": {
    "mae": 0.007373998039183636,
    "directional_accuracy": 0.44075829383886256
  },
  "ensemble": {
    "mae": 0.007933773956535412,
    "directional_accuracy": 0.49921011058451814
  }
}