{
  "xgboost": {
    "mae": 0.03769024411287916,
    "directional_accuracy": 0.37791601866251945
  },
  "rf": {
    "mae": 0.04265728342788118,
    "directional_accuracy": 0.3608087091757387
  },
  "ridge": {
    "mae": 0.017786499235127387,
    "directional_accuracy": 0.416796267496112
  },
  "ensemble": {
    "mae": 0.030782973372575045,
    "directional_accuracy": 0.37169517884914466
  }
}