{
  "xgboost": {
    "mae": 0.03667140371972683,
    "directional_accuracy": 0.38794435857805254
  },
  "rf": {
    "mae": 0.04516626530147873,
    "directional_accuracy": 0.3740340030911901
  },
  "ridge": {
    "mae": 0.017886790389323132,
    "directional_accuracy": 0.41112828438948995
  },
  "ensemble": {
    "mae": 0.03092318671894886,
    "directional_accuracy": 0.38794435857805254
  }
}