{
  "xgboost": {
    "mae": 0.036400107569762453,
    "directional_accuracy": 0.3950617283950617
  },
  "rf": {
    "mae": 0.046112299093410455,
    "directional_accuracy": 0.37037037037037035
  },
  "ridge": {
    "mae": 0.018099913374017167,
    "directional_accuracy": 0.41975308641975306
  },
  "ensemble": {
    "mae": 0.031249634648785118,
    "directional_accuracy": 0.38271604938271603
  }
}