{
  "xgboost": {
    "mae": 0.04186722359393197,
    "directional_accuracy": 0.3975346687211094
  },
  "rf": {
    "mae": 0.047567142642512605,
    "directional_accuracy": 0.37442218798151
  },
  "ridge": {
    "mae": 0.01816073259160986,
    "directional_accuracy": 0.41448382126348227
  },
  "ensemble": {
    "mae": 0.03367087589854695,
    "directional_accuracy": 0.3852080123266564
  }
}