{
  "xgboost": {
    "mae": 0.06591539084441976,
    "directional_accuracy": 0.2684458398744113
  },
  "rf": {
    "mae": 0.08340043807868425,
    "directional_accuracy": 0.23547880690737832
  },
  "ridge": {
    "mae": 0.051420866626836245,
    "directional_accuracy": 0.3029827315541601
  },
  "ensemble": {
    "mae": 0.06572019236830472,
    "directional_accuracy": 0.2668759811616955
  }
}