{
  "xgboost": {
    "mae": 0.009655232201810183,
    "directional_accuracy": 0.4631083202511774
  },
  "rf": {
    "mae": 0.012714834424676993,
    "directional_accuracy": 0.5259026687598116
  },
  "ridge": {
    "mae": 0.006883093494738288,
    "directional_accuracy": 0.4772370486656201
  },
  "ensemble": {
    "mae": 0.007560086948271662,
    "directional_accuracy": 0.49607535321821034
  }
}