{
  "xgboost": {
    "mae": 0.04721426966112923,
    "directional_accuracy": 0.3500784929356358
  },
  "rf": {
    "mae": 0.04378050753520881,
    "directional_accuracy": 0.3516483516483517
  },
  "ridge": {
    "mae": 0.018795198374957443,
    "directional_accuracy": 0.3924646781789639
  },
  "ensemble": {
    "mae": 0.03533721447587418,
    "directional_accuracy": 0.34850863422291994
  }
}