{
  "xgboost": {
    "mae": 0.05037439663168396,
    "directional_accuracy": 0.35893416927899685
  },
  "rf": {
    "mae": 0.04414851162193279,
    "directional_accuracy": 0.3557993730407524
  },
  "ridge": {
    "mae": 0.018272665872360636,
    "directional_accuracy": 0.3949843260188088
  },
  "ensemble": {
    "mae": 0.036029014861106365,
    "directional_accuracy": 0.3605015673981191
  }
}