{
  "xgboost": {
    "mae": 0.01036198879558014,
    "directional_accuracy": 0.45891472868217054
  },
  "rf": {
    "mae": 0.007007506592965645,
    "directional_accuracy": 0.4992248062015504
  },
  "ridge": {
    "mae": 0.006821117763900584,
    "directional_accuracy": 0.5085271317829457
  },
  "ensemble": {
    "mae": 0.007545919018371634,
    "directional_accuracy": 0.4666666666666667
  }
}