{
  "xgboost": {
    "mae": 0.01286712376642257,
    "directional_accuracy": 0.4514637904468413
  },
  "rf": {
    "mae": 0.008825248966763108,
    "directional_accuracy": 0.4453004622496148
  },
  "ridge": {
    "mae": 0.0069775470477100535,
    "directional_accuracy": 0.4946070878274268
  },
  "ensemble": {
    "mae": 0.009043133956833892,
    "directional_accuracy": 0.44838212634822805
  }
}