{
  "xgboost": {
    "mae": 0.03075937965953406,
    "directional_accuracy": 0.3694968553459119
  },
  "rf": {
    "mae": 0.04533728585232782,
    "directional_accuracy": 0.3710691823899371
  },
  "ridge": {
    "mae": 0.019167409508727296,
    "directional_accuracy": 0.38836477987421386
  },
  "ensemble": {
    "mae": 0.03048209415794574,
    "directional_accuracy": 0.36477987421383645
  }
}