{
  "xgboost": {
    "mae": 0.013572082364987496,
    "directional_accuracy": 0.4344391785150079
  },
  "rf": {
    "mae": 0.012286708095869773,
    "directional_accuracy": 0.5308056872037915
  },
  "ridge": {
    "mae": 0.007255910406171412,
    "directional_accuracy": 0.4470774091627172
  },
  "ensemble": {
    "mae": 0.007991254133248499,
    "directional_accuracy": 0.4928909952606635
  }
}