{
  "xgboost": {
    "mae": 0.06372215393846274,
    "directional_accuracy": 0.26615384615384613
  },
  "rf": {
    "mae": 0.08233616078124675,
    "directional_accuracy": 0.25384615384615383
  },
  "ridge": {
    "mae": 0.05260819057606298,
    "directional_accuracy": 0.30153846153846153
  },
  "ensemble": {
    "mae": 0.06485135994537332,
    "directional_accuracy": 0.26153846153846155
  }
}