{
  "xgboost": {
    "mae": 0.07307021334985057,
    "directional_accuracy": 0.2759146341463415
  },
  "rf": {
    "mae": 0.08612204327658327,
    "directional_accuracy": 0.2621951219512195
  },
  "ridge": {
    "mae": 0.0517784145819383,
    "directional_accuracy": 0.28810975609756095
  },
  "ensemble": {
    "mae": 0.06854959046203239,
    "directional_accuracy": 0.26676829268292684
  }
}