{
  "xgboost": {
    "mae": 0.01161690893184917,
    "directional_accuracy": 0.4147465437788018
  },
  "rf": {
    "mae": 0.008870618045380719,
    "directional_accuracy": 0.43010752688172044
  },
  "ridge": {
    "mae": 0.007037752682132746,
    "directional_accuracy": 0.49615975422427033
  },
  "ensemble": {
    "mae": 0.008747657157518279,
    "directional_accuracy": 0.42242703533026116
  }
}