{
  "xgboost": {
    "mae": 0.01013812994718096,
    "directional_accuracy": 0.46226415094339623
  },
  "rf": {
    "mae": 0.01284275401029487,
    "directional_accuracy": 0.5204402515723271
  },
  "ridge": {
    "mae": 0.006908333461160449,
    "directional_accuracy": 0.4811320754716981
  },
  "ensemble": {
    "mae": 0.007746745261219558,
    "directional_accuracy": 0.5015723270440252
  }
}