{
  "xgboost": {
    "mae": 0.010734479128548118,
    "directional_accuracy": 0.44631901840490795
  },
  "rf": {
    "mae": 0.008983617784319376,
    "directional_accuracy": 0.4432515337423313
  },
  "ridge": {
    "mae": 0.0070314898851042106,
    "directional_accuracy": 0.49079754601226994
  },
  "ensemble": {
    "mae": 0.008500405968478746,
    "directional_accuracy": 0.44171779141104295
  }
}