{
  "xgboost": {
    "mae": 0.062002883385219795,
    "directional_accuracy": 0.26717557251908397
  },
  "rf": {
    "mae": 0.0875630686142111,
    "directional_accuracy": 0.26717557251908397
  },
  "ridge": {
    "mae": 0.05238252508147598,
    "directional_accuracy": 0.28549618320610687
  },
  "ensemble": {
    "mae": 0.06546071212383704,
    "directional_accuracy": 0.2687022900763359
  }
}