{
  "xgboost": {
    "mae": 0.06891633756662334,
    "directional_accuracy": 0.27217125382262997
  },
  "rf": {
    "mae": 0.0854065344194928,
    "directional_accuracy": 0.27217125382262997
  },
  "ridge": {
    "mae": 0.05361743454559418,
    "directional_accuracy": 0.3012232415902141
  },
  "ensemble": {
    "mae": 0.06775064469106457,
    "directional_accuracy": 0.27370030581039756
  }
}