{
  "xgboost": {
    "mae": 0.06600310589922148,
    "directional_accuracy": 0.28639240506329117
  },
  "rf": {
    "mae": 0.08129831597513207,
    "directional_accuracy": 0.26582278481012656
  },
  "ridge": {
    "mae": 0.0757675501074555,
    "directional_accuracy": 0.2737341772151899
  },
  "ensemble": {
    "mae": 0.07317289607240646,
    "directional_accuracy": 0.28164556962025317
  }
}