{
  "xgboost": {
    "mae": 0.04124617958969944,
    "directional_accuracy": 0.3620689655172414
  },
  "rf": {
    "mae": 0.04438830083457603,
    "directional_accuracy": 0.3557993730407524
  },
  "ridge": {
    "mae": 0.01830795839383347,
    "directional_accuracy": 0.3949843260188088
  },
  "ensemble": {
    "mae": 0.033119027890319064,
    "directional_accuracy": 0.3557993730407524
  }
}