{
  "xgboost": {
    "mae": 0.012714939929779913,
    "directional_accuracy": 0.42966360856269115
  },
  "rf": {
    "mae": 0.009063560979152901,
    "directional_accuracy": 0.4235474006116208
  },
  "ridge": {
    "mae": 0.007051075497236951,
    "directional_accuracy": 0.48623853211009177
  },
  "ensemble": {
    "mae": 0.009145759036916628,
    "directional_accuracy": 0.42813455657492355
  }
}