{
  "xgboost": {
    "mae": 0.05013894693986635,
    "directional_accuracy": 0.3931888544891641
  },
  "rf": {
    "mae": 0.0461111316417865,
    "directional_accuracy": 0.3746130030959752
  },
  "ridge": {
    "mae": 0.017796048533069313,
    "directional_accuracy": 0.413312693498452
  },
  "ensemble": {
    "mae": 0.035344457982077034,
    "directional_accuracy": 0.38854489164086686
  }
}