{
  "xgboost": {
    "mae": 0.009775833605581952,
    "directional_accuracy": 0.46594427244582043
  },
  "rf": {
    "mae": 0.007041374688335492,
    "directional_accuracy": 0.48761609907120745
  },
  "ridge": {
    "mae": 0.0068152966258128375,
    "directional_accuracy": 0.5139318885448917
  },
  "ensemble": {
    "mae": 0.007452142648892413,
    "directional_accuracy": 0.47987616099071206
  }
}