{
  "xgboost": {
    "mae": 0.011845352429909157,
    "directional_accuracy": 0.4825949367088608
  },
  "rf": {
    "mae": 0.01243084850789334,
    "directional_accuracy": 0.5348101265822784
  },
  "ridge": {
    "mae": 0.007353610216017102,
    "directional_accuracy": 0.4462025316455696
  },
  "ensemble": {
    "mae": 0.008318698331671762,
    "directional_accuracy": 0.504746835443038
  }
}