{
  "xgboost": {
    "mae": 0.04582397823235747,
    "directional_accuracy": 0.3972179289026275
  },
  "rf": {
    "mae": 0.044924997050989526,
    "directional_accuracy": 0.37248840803709427
  },
  "ridge": {
    "mae": 0.017977868167796694,
    "directional_accuracy": 0.4126738794435858
  },
  "ensemble": {
    "mae": 0.03379833075355899,
    "directional_accuracy": 0.38794435857805254
  }
}