{
  "xgboost": {
    "mae": 0.03164523809773159,
    "directional_accuracy": 0.3412322274881517
  },
  "rf": {
    "mae": 0.0431891249061104,
    "directional_accuracy": 0.3665086887835703
  },
  "ridge": {
    "mae": 0.021381379622007524,
    "directional_accuracy": 0.3665086887835703
  },
  "ensemble": {
    "mae": 0.03120529653462039,
    "directional_accuracy": 0.36334913112164297
  }
}