{
  "xgboost": {
    "mae": 0.010879084928047367,
    "directional_accuracy": 0.4406779661016949
  },
  "rf": {
    "mae": 0.00815520716519246,
    "directional_accuracy": 0.4437596302003082
  },
  "ridge": {
    "mae": 0.006912244419246806,
    "directional_accuracy": 0.5084745762711864
  },
  "ensemble": {
    "mae": 0.008209724762319813,
    "directional_accuracy": 0.44684129429892144
  }
}