{
  "xgboost": {
    "mae": 0.012347988589378996,
    "directional_accuracy": 0.471875
  },
  "rf": {
    "mae": 0.013085928735822334,
    "directional_accuracy": 0.5203125
  },
  "ridge": {
    "mae": 0.006678436860434786,
    "directional_accuracy": 0.509375
  },
  "ensemble": {
    "mae": 0.0084257292271735,
    "directional_accuracy": 0.50625
  }
}