{
  "xgboost": {
    "mae": 0.04096937117678282,
    "directional_accuracy": 0.3606299212598425
  },
  "rf": {
    "mae": 0.044641517534097015,
    "directional_accuracy": 0.3637795275590551
  },
  "ridge": {
    "mae": 0.019810065672402274,
    "directional_accuracy": 0.3826771653543307
  },
  "ensemble": {
    "mae": 0.034081418864570584,
    "directional_accuracy": 0.3590551181102362
  }
}