{
  "xgboost": {
    "mae": 0.009312793770216876,
    "directional_accuracy": 0.45813586097946285
  },
  "rf": {
    "mae": 0.012270322485143346,
    "directional_accuracy": 0.5355450236966824
  },
  "ridge": {
    "mae": 0.007424497493056286,
    "directional_accuracy": 0.4423380726698262
  },
  "ensemble": {
    "mae": 0.007715233689425239,
    "directional_accuracy": 0.4913112164296998
  }
}