{
  "xgboost": {
    "mae": 0.08339448182391639,
    "directional_accuracy": 0.27439024390243905
  },
  "rf": {
    "mae": 0.08606055894528677,
    "directional_accuracy": 0.2621951219512195
  },
  "ridge": {
    "mae": 0.05126247225027965,
    "directional_accuracy": 0.28810975609756095
  },
  "ensemble": {
    "mae": 0.07159657280756247,
    "directional_accuracy": 0.2682926829268293
  }
}