{
  "xgboost": {
    "mae": 0.012545356763056398,
    "directional_accuracy": 0.4828125
  },
  "rf": {
    "mae": 0.01261165427368197,
    "directional_accuracy": 0.521875
  },
  "ridge": {
    "mae": 0.006679005629617372,
    "directional_accuracy": 0.4984375
  },
  "ensemble": {
    "mae": 0.008738424794101132,
    "directional_accuracy": 0.5046875
  }
}