{
  "xgboost": {
    "mae": 0.06481891839937953,
    "directional_accuracy": 0.2617554858934169
  },
  "rf": {
    "mae": 0.08316287320435116,
    "directional_accuracy": 0.2304075235109718
  },
  "ridge": {
    "mae": 0.047733656238113216,
    "directional_accuracy": 0.3181818181818182
  },
  "ensemble": {
    "mae": 0.06398352318816788,
    "directional_accuracy": 0.2727272727272727
  }
}