{
  "xgboost": {
    "mae": 0.010695461453048744,
    "directional_accuracy": 0.4875
  },
  "rf": {
    "mae": 0.012853085993713162,
    "directional_accuracy": 0.5203125
  },
  "ridge": {
    "mae": 0.006690415335003827,
    "directional_accuracy": 0.509375
  },
  "ensemble": {
    "mae": 0.008200291077588504,
    "directional_accuracy": 0.5109375
  }
}