{
  "xgboost": {
    "mae": 0.011759073221683871,
    "directional_accuracy": 0.4657320872274143
  },
  "rf": {
    "mae": 0.013294235843459167,
    "directional_accuracy": 0.5155763239875389
  },
  "ridge": {
    "mae": 0.00674430580760671,
    "directional_accuracy": 0.5109034267912772
  },
  "ensemble": {
    "mae": 0.008475014561508893,
    "directional_accuracy": 0.4968847352024922
  }
}