{
  "xgboost": {
    "mae": 0.07072098642038739,
    "directional_accuracy": 0.2697160883280757
  },
  "rf": {
    "mae": 0.08278244639722236,
    "directional_accuracy": 0.24605678233438485
  },
  "ridge": {
    "mae": 0.06622590715503103,
    "directional_accuracy": 0.2744479495268139
  },
  "ensemble": {
    "mae": 0.07231970097792195,
    "directional_accuracy": 0.2634069400630915
  }
}