{
  "xgboost": {
    "mae": 0.011125129172773189,
    "directional_accuracy": 0.41781874039938555
  },
  "rf": {
    "mae": 0.008872182623401541,
    "directional_accuracy": 0.43010752688172044
  },
  "ridge": {
    "mae": 0.007037752905802363,
    "directional_accuracy": 0.49615975422427033
  },
  "ensemble": {
    "mae": 0.00861882378166623,
    "directional_accuracy": 0.43010752688172044
  }
}