{
  "xgboost": {
    "mae": 0.05144591903441313,
    "directional_accuracy": 0.2884012539184953
  },
  "rf": {
    "mae": 0.08249933382901453,
    "directional_accuracy": 0.22884012539184953
  },
  "ridge": {
    "mae": 0.05048706162369616,
    "directional_accuracy": 0.3103448275862069
  },
  "ensemble": {
    "mae": 0.059853902981547635,
    "directional_accuracy": 0.274294670846395
  }
}