{
  "xgboost": {
    "mae": 0.010406974145956274,
    "directional_accuracy": 0.44427244582043346
  },
  "rf": {
    "mae": 0.0069538300414025405,
    "directional_accuracy": 0.49226006191950467
  },
  "ridge": {
    "mae": 0.0068403589856461736,
    "directional_accuracy": 0.5015479876160991
  },
  "ensemble": {
    "mae": 0.007594578338687635,
    "directional_accuracy": 0.44427244582043346
  }
}