{
  "xgboost": {
    "mae": 0.03316453763646029,
    "directional_accuracy": 0.37191358024691357
  },
  "rf": {
    "mae": 0.04493466127263338,
    "directional_accuracy": 0.37037037037037035
  },
  "ridge": {
    "mae": 0.018099913482138477,
    "directional_accuracy": 0.41975308641975306
  },
  "ensemble": {
    "mae": 0.029879509533659015,
    "directional_accuracy": 0.38271604938271603
  }
}