{
  "xgboost": {
    "mae": 0.009878959049123228,
    "directional_accuracy": 0.4921135646687697
  },
  "rf": {
    "mae": 0.012554392246429756,
    "directional_accuracy": 0.5331230283911672
  },
  "ridge": {
    "mae": 0.007286312624375976,
    "directional_accuracy": 0.443217665615142
  },
  "ensemble": {
    "mae": 0.007875168875368757,
    "directional_accuracy": 0.5094637223974764
  }
}