{
  "xgboost": {
    "mae": 0.011164626342967877,
    "directional_accuracy": 0.46614173228346456
  },
  "rf": {
    "mae": 0.012490514310317157,
    "directional_accuracy": 0.5291338582677165
  },
  "ridge": {
    "mae": 0.007098026848320748,
    "directional_accuracy": 0.45511811023622045
  },
  "ensemble": {
    "mae": 0.007878687852470699,
    "directional_accuracy": 0.49291338582677163
  }
}