{
  "xgboost": {
    "mae": 0.011741474603490813,
    "directional_accuracy": 0.4479495268138801
  },
  "rf": {
    "mae": 0.012611254760139738,
    "directional_accuracy": 0.5283911671924291
  },
  "ridge": {
    "mae": 0.007202251750968283,
    "directional_accuracy": 0.44637223974763407
  },
  "ensemble": {
    "mae": 0.007946950415214852,
    "directional_accuracy": 0.4921135646687697
  }
}