{
  "xgboost": {
    "mae": 0.0105735395507584,
    "directional_accuracy": 0.48513302034428796
  },
  "rf": {
    "mae": 0.01290686228256019,
    "directional_accuracy": 0.5258215962441315
  },
  "ridge": {
    "mae": 0.006802722639971042,
    "directional_accuracy": 0.48043818466353677
  },
  "ensemble": {
    "mae": 0.008068722031417381,
    "directional_accuracy": 0.5054773082942097
  }
}