{
  "xgboost": {
    "mae": 0.012122842795118835,
    "directional_accuracy": 0.43164362519201227
  },
  "rf": {
    "mae": 0.008914937454889247,
    "directional_accuracy": 0.45314900153609833
  },
  "ridge": {
    "mae": 0.007019237549867483,
    "directional_accuracy": 0.4946236559139785
  },
  "ensemble": {
    "mae": 0.008906057311742838,
    "directional_accuracy": 0.445468509984639
  }
}