{
  "xgboost": {
    "mae": 0.03711133317745514,
    "directional_accuracy": 0.3490566037735849
  },
  "rf": {
    "mae": 0.04531302981787878,
    "directional_accuracy": 0.36163522012578614
  },
  "ridge": {
    "mae": 0.019185820075721387,
    "directional_accuracy": 0.389937106918239
  },
  "ensemble": {
    "mae": 0.03265769859514515,
    "directional_accuracy": 0.35377358490566035
  }
}