{
  "xgboost": {
    "mae": 0.04583841570379972,
    "directional_accuracy": 0.352755905511811
  },
  "rf": {
    "mae": 0.04369457383784251,
    "directional_accuracy": 0.3653543307086614
  },
  "ridge": {
    "mae": 0.01981006655420468,
    "directional_accuracy": 0.3826771653543307
  },
  "ensemble": {
    "mae": 0.03538259521598941,
    "directional_accuracy": 0.35590551181102364
  }
}