{
  "xgboost": {
    "mae": 0.06831405653695334,
    "directional_accuracy": 0.26380368098159507
  },
  "rf": {
    "mae": 0.07925758247261507,
    "directional_accuracy": 0.25
  },
  "ridge": {
    "mae": 0.05389593428819927,
    "directional_accuracy": 0.299079754601227
  },
  "ensemble": {
    "mae": 0.06570964562975877,
    "directional_accuracy": 0.26226993865030673
  }
}