{
  "xgboost": {
    "mae": 0.011181986258513282,
    "directional_accuracy": 0.475
  },
  "rf": {
    "mae": 0.013117569174638966,
    "directional_accuracy": 0.521875
  },
  "ridge": {
    "mae": 0.006718392022897842,
    "directional_accuracy": 0.5109375
  },
  "ensemble": {
    "mae": 0.008389066617664902,
    "directional_accuracy": 0.5109375
  }
}