{
  "xgboost": {
    "mae": 0.06569320107789471,
    "directional_accuracy": 0.2786377708978328
  },
  "rf": {
    "mae": 0.08353250520933846,
    "directional_accuracy": 0.25541795665634676
  },
  "ridge": {
    "mae": 0.0465438590936766,
    "directional_accuracy": 0.30030959752321984
  },
  "ensemble": {
    "mae": 0.06323176309998245,
    "directional_accuracy": 0.28173374613003094
  }
}