{
  "xgboost": {
    "mae": 0.011379377909958048,
    "directional_accuracy": 0.471875
  },
  "rf": {
    "mae": 0.01311472300243129,
    "directional_accuracy": 0.521875
  },
  "ridge": {
    "mae": 0.006718390656439482,
    "directional_accuracy": 0.5109375
  },
  "ensemble": {
    "mae": 0.008032501214141867,
    "directional_accuracy": 0.503125
  }
}