{
  "xgboost": {
    "mae": 0.03785188269486013,
    "directional_accuracy": 0.3515625
  },
  "rf": {
    "mae": 0.045122902262769354,
    "directional_accuracy": 0.3640625
  },
  "ridge": {
    "mae": 0.017461674439539526,
    "directional_accuracy": 0.425
  },
  "ensemble": {
    "mae": 0.031612025914027245,
    "directional_accuracy": 0.3703125
  }
}