{
  "xgboost": {
    "mae": 0.03910325706107174,
    "directional_accuracy": 0.3532182103610675
  },
  "rf": {
    "mae": 0.04490330933897444,
    "directional_accuracy": 0.3673469387755102
  },
  "ridge": {
    "mae": 0.01916370618791277,
    "directional_accuracy": 0.3893249607535322
  },
  "ensemble": {
    "mae": 0.03319743613552943,
    "directional_accuracy": 0.35478806907378335
  }
}