{
  "xgboost": {
    "mae": 0.011562660577677023,
    "directional_accuracy": 0.4859375
  },
  "rf": {
    "mae": 0.013074835433306545,
    "directional_accuracy": 0.51875
  },
  "ridge": {
    "mae": 0.006690386700149089,
    "directional_accuracy": 0.5109375
  },
  "ensemble": {
    "mae": 0.008355976428084591,
    "directional_accuracy": 0.5140625
  }
}