{
  "xgboost": {
    "mae": 0.011021943565026083,
    "directional_accuracy": 0.4561128526645768
  },
  "rf": {
    "mae": 0.012721595023574565,
    "directional_accuracy": 0.5219435736677116
  },
  "ridge": {
    "mae": 0.006880617932834392,
    "directional_accuracy": 0.47962382445141066
  },
  "ensemble": {
    "mae": 0.007825075633177228,
    "directional_accuracy": 0.5031347962382445
  }
}