{
  "xgboost": {
    "mae": 0.011208867721880256,
    "directional_accuracy": 0.45440494590417313
  },
  "rf": {
    "mae": 0.007145786631437197,
    "directional_accuracy": 0.4853168469860896
  },
  "ridge": {
    "mae": 0.00686954213350883,
    "directional_accuracy": 0.5131375579598145
  },
  "ensemble": {
    "mae": 0.007858104625411777,
    "directional_accuracy": 0.45440494590417313
  }
}