{
  "xgboost": {
    "mae": 0.04321074119686135,
    "directional_accuracy": 0.36906584992343033
  },
  "rf": {
    "mae": 0.041000243128457875,
    "directional_accuracy": 0.3614088820826952
  },
  "ridge": {
    "mae": 0.019205072264149515,
    "directional_accuracy": 0.3996937212863706
  },
  "ensemble": {
    "mae": 0.03292910893891846,
    "directional_accuracy": 0.3660030627871363
  }
}