{
  "xgboost": {
    "mae": 0.07809412549966918,
    "directional_accuracy": 0.26259541984732826
  },
  "rf": {
    "mae": 0.08587513503043769,
    "directional_accuracy": 0.2641221374045801
  },
  "ridge": {
    "mae": 0.05193688750723818,
    "directional_accuracy": 0.2885496183206107
  },
  "ensemble": {
    "mae": 0.07010971899183639,
    "directional_accuracy": 0.26564885496183205
  }
}