{
  "xgboost": {
    "mae": 0.04465204100563992,
    "directional_accuracy": 0.3719512195121951
  },
  "rf": {
    "mae": 0.045021878252287255,
    "directional_accuracy": 0.36585365853658536
  },
  "ridge": {
    "mae": 0.018864402904018543,
    "directional_accuracy": 0.40853658536585363
  },
  "ensemble": {
    "mae": 0.03427187710649476,
    "directional_accuracy": 0.37347560975609756
  }
}