{
  "xgboost": {
    "mae": 0.06642828183891594,
    "directional_accuracy": 0.28637059724349156
  },
  "rf": {
    "mae": 0.08210639197037799,
    "directional_accuracy": 0.26952526799387444
  },
  "ridge": {
    "mae": 0.05432458193626473,
    "directional_accuracy": 0.29709035222052066
  },
  "ensemble": {
    "mae": 0.0662874294306139,
    "directional_accuracy": 0.2725880551301684
  }
}