{
  "xgboost": {
    "mae": 0.05789421277316757,
    "directional_accuracy": 0.2684458398744113
  },
  "rf": {
    "mae": 0.08249710031879502,
    "directional_accuracy": 0.2370486656200942
  },
  "ridge": {
    "mae": 0.05559247128447593,
    "directional_accuracy": 0.2857142857142857
  },
  "ensemble": {
    "mae": 0.0641175752037278,
    "directional_accuracy": 0.2668759811616955
  }
}