{
  "xgboost": {
    "mae": 0.0482514918973467,
    "directional_accuracy": 0.3573667711598746
  },
  "rf": {
    "mae": 0.043679107608508974,
    "directional_accuracy": 0.3573667711598746
  },
  "ridge": {
    "mae": 0.0183079556663592,
    "directional_accuracy": 0.3949843260188088
  },
  "ensemble": {
    "mae": 0.03525560923779282,
    "directional_accuracy": 0.35893416927899685
  }
}