{
  "xgboost": {
    "mae": 0.07484415117950581,
    "directional_accuracy": 0.26226993865030673
  },
  "rf": {
    "mae": 0.07874564499068618,
    "directional_accuracy": 0.25306748466257667
  },
  "ridge": {
    "mae": 0.054415158793947184,
    "directional_accuracy": 0.29754601226993865
  },
  "ensemble": {
    "mae": 0.06809884155611763,
    "directional_accuracy": 0.2668711656441718
  }
}