{
  "xgboost": {
    "mae": 0.058277326637408006,
    "directional_accuracy": 0.2857142857142857
  },
  "rf": {
    "mae": 0.08232612336160208,
    "directional_accuracy": 0.22762951334379905
  },
  "ridge": {
    "mae": 0.050559070860313866,
    "directional_accuracy": 0.3092621664050236
  },
  "ensemble": {
    "mae": 0.06244043331350035,
    "directional_accuracy": 0.27629513343799056
  }
}