{
  "xgboost": {
    "mae": 0.0613988554061642,
    "directional_accuracy": 0.2812006319115324
  },
  "rf": {
    "mae": 0.08105388220720139,
    "directional_accuracy": 0.25434439178515006
  },
  "ridge": {
    "mae": 0.07013586194500408,
    "directional_accuracy": 0.27014218009478674
  },
  "ensemble": {
    "mae": 0.06976653353805429,
    "directional_accuracy": 0.27488151658767773
  }
}