{
  "xgboost": {
    "mae": 0.037050124406018854,
    "directional_accuracy": 0.374805598755832
  },
  "rf": {
    "mae": 0.04255614839490626,
    "directional_accuracy": 0.36391912908242613
  },
  "ridge": {
    "mae": 0.017650676714499706,
    "directional_accuracy": 0.41835147744945567
  },
  "ensemble": {
    "mae": 0.030501454908606666,
    "directional_accuracy": 0.37169517884914466
  }
}