{
  "xgboost": {
    "mae": 0.014097425397681483,
    "directional_accuracy": 0.4259541984732824
  },
  "rf": {
    "mae": 0.008660352581156184,
    "directional_accuracy": 0.42900763358778626
  },
  "ridge": {
    "mae": 0.007088603342979006,
    "directional_accuracy": 0.48396946564885496
  },
  "ensemble": {
    "mae": 0.00940985545051793,
    "directional_accuracy": 0.42748091603053434
  }
}