{
  "xgboost": {
    "mae": 0.06713557266492727,
    "directional_accuracy": 0.2691131498470948
  },
  "rf": {
    "mae": 0.08869283071420163,
    "directional_accuracy": 0.2706422018348624
  },
  "ridge": {
    "mae": 0.05285882881521193,
    "directional_accuracy": 0.2966360856269113
  },
  "ensemble": {
    "mae": 0.06784983897427313,
    "directional_accuracy": 0.2706422018348624
  }
}