{
  "xgboost": {
    "mae": 0.0690790553150971,
    "directional_accuracy": 0.26461538461538464
  },
  "rf": {
    "mae": 0.08294844931702743,
    "directional_accuracy": 0.25846153846153846
  },
  "ridge": {
    "mae": 0.051798266034412455,
    "directional_accuracy": 0.30615384615384617
  },
  "ensemble": {
    "mae": 0.06645446842487455,
    "directional_accuracy": 0.26
  }
}