{
  "xgboost": {
    "mae": 0.06887843588316762,
    "directional_accuracy": 0.2650231124807396
  },
  "rf": {
    "mae": 0.08350025681517272,
    "directional_accuracy": 0.2588597842835131
  },
  "ridge": {
    "mae": 0.051652995488374716,
    "directional_accuracy": 0.3066255778120185
  },
  "ensemble": {
    "mae": 0.06651693465123276,
    "directional_accuracy": 0.26040061633281975
  }
}