{
  "xgboost": {
    "mae": 0.04940696019513196,
    "directional_accuracy": 0.38402457757296465
  },
  "rf": {
    "mae": 0.04506094189999006,
    "directional_accuracy": 0.37327188940092165
  },
  "ridge": {
    "mae": 0.018620590185230223,
    "directional_accuracy": 0.41013824884792627
  },
  "ensemble": {
    "mae": 0.0356718681805786,
    "directional_accuracy": 0.3794162826420891
  }
}