{
  "xgboost": {
    "mae": 0.06526365555067894,
    "directional_accuracy": 0.28396946564885495
  },
  "rf": {
    "mae": 0.08670002741018693,
    "directional_accuracy": 0.2687022900763359
  },
  "ridge": {
    "mae": 0.052640690110208783,
    "directional_accuracy": 0.2916030534351145
  },
  "ensemble": {
    "mae": 0.06650305945772012,
    "directional_accuracy": 0.2732824427480916
  }
}