{
  "xgboost": {
    "mae": 0.011350537405357767,
    "directional_accuracy": 0.4726134585289515
  },
  "rf": {
    "mae": 0.012870780839632312,
    "directional_accuracy": 0.5242566510172144
  },
  "ridge": {
    "mae": 0.006802722251946776,
    "directional_accuracy": 0.48043818466353677
  },
  "ensemble": {
    "mae": 0.008257707450806449,
    "directional_accuracy": 0.5023474178403756
  }
}