{
  "xgboost": {
    "mae": 0.035496869052124236,
    "directional_accuracy": 0.35646687697160884
  },
  "rf": {
    "mae": 0.043555161013128896,
    "directional_accuracy": 0.37381703470031546
  },
  "ridge": {
    "mae": 0.020361520266205285,
    "directional_accuracy": 0.3785488958990536
  },
  "ensemble": {
    "mae": 0.032189639467496284,
    "directional_accuracy": 0.361198738170347
  }
}