{
  "xgboost": {
    "mae": 0.0649825118731365,
    "directional_accuracy": 0.2984375
  },
  "rf": {
    "mae": 0.08462965367585383,
    "directional_accuracy": 0.253125
  },
  "ridge": {
    "mae": 0.04582859806722288,
    "directional_accuracy": 0.3140625
  },
  "ensemble": {
    "mae": 0.06376817603099577,
    "directional_accuracy": 0.2875
  }
}