{
  "xgboost": {
    "mae": 0.011754572072069345,
    "directional_accuracy": 0.46417445482866043
  },
  "rf": {
    "mae": 0.013736397471422463,
    "directional_accuracy": 0.514018691588785
  },
  "ridge": {
    "mae": 0.006720758533677019,
    "directional_accuracy": 0.5233644859813084
  },
  "ensemble": {
    "mae": 0.008717864200823437,
    "directional_accuracy": 0.4968847352024922
  }
}