{
  "xgboost": {
    "mae": 0.07393819515882975,
    "directional_accuracy": 0.27666151468315303
  },
  "rf": {
    "mae": 0.08495826315084481,
    "directional_accuracy": 0.2751159196290572
  },
  "ridge": {
    "mae": 0.04856224411649801,
    "directional_accuracy": 0.3106646058732612
  },
  "ensemble": {
    "mae": 0.06725310459319062,
    "directional_accuracy": 0.28129829984544047
  }
}