{
  "xgboost": {
    "mae": 0.010887265819988973,
    "directional_accuracy": 0.48976377952755906
  },
  "rf": {
    "mae": 0.012624490485165925,
    "directional_accuracy": 0.5228346456692914
  },
  "ridge": {
    "mae": 0.00703758884527019,
    "directional_accuracy": 0.46771653543307085
  },
  "ensemble": {
    "mae": 0.007988379086726987,
    "directional_accuracy": 0.5007874015748032
  }
}