{
  "xgboost": {
    "mae": 0.057712819557079076,
    "directional_accuracy": 0.27358490566037735
  },
  "rf": {
    "mae": 0.08144198653590246,
    "directional_accuracy": 0.23270440251572327
  },
  "ridge": {
    "mae": 0.05955421836678444,
    "directional_accuracy": 0.28773584905660377
  },
  "ensemble": {
    "mae": 0.06511120739943474,
    "directional_accuracy": 0.2641509433962264
  }
}