{
  "xgboost": {
    "mae": 0.03166344949643509,
    "directional_accuracy": 0.35093167701863354
  },
  "rf": {
    "mae": 0.04254772859831374,
    "directional_accuracy": 0.36024844720496896
  },
  "ridge": {
    "mae": 0.017876353935056676,
    "directional_accuracy": 0.40993788819875776
  },
  "ensemble": {
    "mae": 0.02888354260688681,
    "directional_accuracy": 0.36801242236024845
  }
}