{
  "xgboost": {
    "mae": 0.06363372370785775,
    "directional_accuracy": 0.28773584905660377
  },
  "rf": {
    "mae": 0.08343843256095855,
    "directional_accuracy": 0.23742138364779874
  },
  "ridge": {
    "mae": 0.05564214859293225,
    "directional_accuracy": 0.2861635220125786
  },
  "ensemble": {
    "mae": 0.06637867819395428,
    "directional_accuracy": 0.2720125786163522
  }
}