{
  "xgboost": {
    "mae": 0.014147659486758309,
    "directional_accuracy": 0.4401840490797546
  },
  "rf": {
    "mae": 0.008825561386221913,
    "directional_accuracy": 0.44171779141104295
  },
  "ridge": {
    "mae": 0.007007554666475597,
    "directional_accuracy": 0.4938650306748466
  },
  "ensemble": {
    "mae": 0.009438306285747386,
    "directional_accuracy": 0.4386503067484663
  }
}