{
  "xgboost": {
    "mae": 0.061991837819037596,
    "directional_accuracy": 0.27469135802469136
  },
  "rf": {
    "mae": 0.08151695864298708,
    "directional_accuracy": 0.26851851851851855
  },
  "ridge": {
    "mae": 0.049762003256580825,
    "directional_accuracy": 0.32253086419753085
  },
  "ensemble": {
    "mae": 0.06288942137586306,
    "directional_accuracy": 0.27469135802469136
  }
}