{
  "xgboost": {
    "mae": 0.012704778616601211,
    "directional_accuracy": 0.4385692068429238
  },
  "rf": {
    "mae": 0.01373902406774178,
    "directional_accuracy": 0.5178849144634525
  },
  "ridge": {
    "mae": 0.006716059166974998,
    "directional_accuracy": 0.5163297045101088
  },
  "ensemble": {
    "mae": 0.007671406100536663,
    "directional_accuracy": 0.5101088646967341
  }
}