{
  "xgboost": {
    "mae": 0.07492324138775888,
    "directional_accuracy": 0.28861154446177845
  },
  "rf": {
    "mae": 0.08417411477074287,
    "directional_accuracy": 0.25585023400936036
  },
  "ridge": {
    "mae": 0.0464922929691423,
    "directional_accuracy": 0.3088923556942278
  },
  "ensemble": {
    "mae": 0.06692619525099079,
    "directional_accuracy": 0.28081123244929795
  }
}