{
  "xgboost": {
    "mae": 0.044911599204308886,
    "directional_accuracy": 0.38496932515337423
  },
  "rf": {
    "mae": 0.04459649310841596,
    "directional_accuracy": 0.37576687116564417
  },
  "ridge": {
    "mae": 0.018621010960481747,
    "directional_accuracy": 0.4110429447852761
  },
  "ensemble": {
    "mae": 0.03403417075987347,
    "directional_accuracy": 0.3773006134969325
  }
}