{
  "xgboost": {
    "mae": 0.02906787260359127,
    "directional_accuracy": 0.36490683229813664
  },
  "rf": {
    "mae": 0.04257956998065757,
    "directional_accuracy": 0.36024844720496896
  },
  "ridge": {
    "mae": 0.017919506173959814,
    "directional_accuracy": 0.4083850931677019
  },
  "ensemble": {
    "mae": 0.02811002882773532,
    "directional_accuracy": 0.37111801242236025
  }
}