{
  "xgboost": {
    "mae": 0.0671852759645998,
    "directional_accuracy": 0.27488151658767773
  },
  "rf": {
    "mae": 0.08132493255057589,
    "directional_accuracy": 0.25118483412322273
  },
  "ridge": {
    "mae": 0.07099555479921298,
    "directional_accuracy": 0.27014218009478674
  },
  "ensemble": {
    "mae": 0.07201725235831072,
    "directional_accuracy": 0.2717219589257504
  }
}