{
  "xgboost": {
    "mae": 0.07245976936572984,
    "directional_accuracy": 0.27129337539432175
  },
  "rf": {
    "mae": 0.0814710682310151,
    "directional_accuracy": 0.24921135646687698
  },
  "ridge": {
    "mae": 0.06719043795958729,
    "directional_accuracy": 0.27287066246056785
  },
  "ensemble": {
    "mae": 0.07263805355904467,
    "directional_accuracy": 0.2870662460567823
  }
}