{
  "xgboost": {
    "mae": 0.030459872051938657,
    "directional_accuracy": 0.36363636363636365
  },
  "rf": {
    "mae": 0.04461660057748566,
    "directional_accuracy": 0.3605015673981191
  },
  "ridge": {
    "mae": 0.018238008261574783,
    "directional_accuracy": 0.3949843260188088
  },
  "ensemble": {
    "mae": 0.029651162878736415,
    "directional_accuracy": 0.36363636363636365
  }
}