{
  "xgboost": {
    "mae": 0.011949781281564329,
    "directional_accuracy": 0.4657320872274143
  },
  "rf": {
    "mae": 0.013692209382656759,
    "directional_accuracy": 0.514018691588785
  },
  "ridge": {
    "mae": 0.006720759079352184,
    "directional_accuracy": 0.5233644859813084
  },
  "ensemble": {
    "mae": 0.008643116919427542,
    "directional_accuracy": 0.4953271028037383
  }
}