{
  "xgboost": {
    "mae": 0.012716721854096221,
    "directional_accuracy": 0.4828125
  },
  "rf": {
    "mae": 0.012613533558711637,
    "directional_accuracy": 0.5234375
  },
  "ridge": {
    "mae": 0.006687015211084032,
    "directional_accuracy": 0.4984375
  },
  "ensemble": {
    "mae": 0.008400489164126581,
    "directional_accuracy": 0.49375
  }
}