{
  "xgboost": {
    "mae": 0.032011833338347326,
    "directional_accuracy": 0.3608087091757387
  },
  "rf": {
    "mae": 0.043437066785072316,
    "directional_accuracy": 0.36702954898911355
  },
  "ridge": {
    "mae": 0.017650674335805746,
    "directional_accuracy": 0.41835147744945567
  },
  "ensemble": {
    "mae": 0.029150966731641272,
    "directional_accuracy": 0.36391912908242613
  }
}