{
  "xgboost": {
    "mae": 0.06381758899455323,
    "directional_accuracy": 0.2828125
  },
  "rf": {
    "mae": 0.08427000175464304,
    "directional_accuracy": 0.2390625
  },
  "ridge": {
    "mae": 0.04579055480804796,
    "directional_accuracy": 0.3140625
  },
  "ensemble": {
    "mae": 0.063204940363618,
    "directional_accuracy": 0.28125
  }
}