{
  "xgboost": {
    "mae": 0.03285450182280396,
    "directional_accuracy": 0.35691823899371067
  },
  "rf": {
    "mae": 0.044740508506582385,
    "directional_accuracy": 0.3632075471698113
  },
  "ridge": {
    "mae": 0.01918581868336278,
    "directional_accuracy": 0.389937106918239
  },
  "ensemble": {
    "mae": 0.03098948120971649,
    "directional_accuracy": 0.3490566037735849
  }
}