{
  "xgboost": {
    "mae": 0.010821370523192687,
    "directional_accuracy": 0.48442367601246106
  },
  "rf": {
    "mae": 0.0137176652463016,
    "directional_accuracy": 0.514018691588785
  },
  "ridge": {
    "mae": 0.006735426313847052,
    "directional_accuracy": 0.5109034267912772
  },
  "ensemble": {
    "mae": 0.008274371752731342,
    "directional_accuracy": 0.5093457943925234
  }
}