{
  "xgboost": {
    "mae": 0.058434515126259114,
    "directional_accuracy": 0.2836990595611285
  },
  "rf": {
    "mae": 0.08404302973619959,
    "directional_accuracy": 0.22884012539184953
  },
  "ridge": {
    "mae": 0.048335634609959224,
    "directional_accuracy": 0.3166144200626959
  },
  "ensemble": {
    "mae": 0.06236972236498722,
    "directional_accuracy": 0.2727272727272727
  }
}