{
  "xgboost": {
    "mae": 0.012871999306047755,
    "directional_accuracy": 0.4340490797546012
  },
  "rf": {
    "mae": 0.008825561386221913,
    "directional_accuracy": 0.44171779141104295
  },
  "ridge": {
    "mae": 0.007007554477898329,
    "directional_accuracy": 0.4938650306748466
  },
  "ensemble": {
    "mae": 0.009079561676877032,
    "directional_accuracy": 0.43558282208588955
  }
}