{
  "xgboost": {
    "mae": 0.012085520399825512,
    "directional_accuracy": 0.5023400936037441
  },
  "rf": {
    "mae": 0.013383437027433795,
    "directional_accuracy": 0.5179407176287052
  },
  "ridge": {
    "mae": 0.006703597900966617,
    "directional_accuracy": 0.5179407176287052
  },
  "ensemble": {
    "mae": 0.00852578711769999,
    "directional_accuracy": 0.5117004680187207
  }
}