{
  "xgboost": {
    "mae": 0.03402770602537361,
    "directional_accuracy": 0.40092879256965946
  },
  "rf": {
    "mae": 0.04544594726317688,
    "directional_accuracy": 0.37925696594427244
  },
  "ridge": {
    "mae": 0.0179215977833309,
    "directional_accuracy": 0.4086687306501548
  },
  "ensemble": {
    "mae": 0.030226898085855543,
    "directional_accuracy": 0.39164086687306504
  }
}