{
  "xgboost": {
    "mae": 0.03858447343651752,
    "directional_accuracy": 0.386046511627907
  },
  "rf": {
    "mae": 0.044782947118084906,
    "directional_accuracy": 0.3751937984496124
  },
  "ridge": {
    "mae": 0.01793485363921328,
    "directional_accuracy": 0.40930232558139534
  },
  "ensemble": {
    "mae": 0.031586006440630955,
    "directional_accuracy": 0.3875968992248062
  }
}