{
  "xgboost": {
    "mae": 0.04774322230331193,
    "directional_accuracy": 0.3898305084745763
  },
  "rf": {
    "mae": 0.045993686585824936,
    "directional_accuracy": 0.3728813559322034
  },
  "ridge": {
    "mae": 0.01816072891281394,
    "directional_accuracy": 0.41448382126348227
  },
  "ensemble": {
    "mae": 0.03508479299090627,
    "directional_accuracy": 0.38366718027734975
  }
}