{
  "xgboost": {
    "mae": 0.06652180609648346,
    "directional_accuracy": 0.2739938080495356
  },
  "rf": {
    "mae": 0.08385355475930109,
    "directional_accuracy": 0.25386996904024767
  },
  "ridge": {
    "mae": 0.046644979683205835,
    "directional_accuracy": 0.30030959752321984
  },
  "ensemble": {
    "mae": 0.0636633222603388,
    "directional_accuracy": 0.2786377708978328
  }
}