{
  "xgboost": {
    "mae": 0.04032679112519557,
    "directional_accuracy": 0.3557993730407524
  },
  "rf": {
    "mae": 0.044936149224439934,
    "directional_accuracy": 0.3542319749216301
  },
  "ridge": {
    "mae": 0.018307958179217158,
    "directional_accuracy": 0.3949843260188088
  },
  "ensemble": {
    "mae": 0.03300590898075697,
    "directional_accuracy": 0.35266457680250785
  }
}