{
  "xgboost": {
    "mae": 0.010485806627636951,
    "directional_accuracy": 0.4616588419405321
  },
  "rf": {
    "mae": 0.01253129509561188,
    "directional_accuracy": 0.5242566510172144
  },
  "ridge": {
    "mae": 0.006716023776305526,
    "directional_accuracy": 0.49765258215962443
  },
  "ensemble": {
    "mae": 0.007906136369557207,
    "directional_accuracy": 0.514866979655712
  }
}