{
  "xgboost": {
    "mae": 0.03656878233678481,
    "directional_accuracy": 0.3786707882534776
  },
  "rf": {
    "mae": 0.046617718554287424,
    "directional_accuracy": 0.37094281298299847
  },
  "ridge": {
    "mae": 0.018082011397315672,
    "directional_accuracy": 0.41731066460587324
  },
  "ensemble": {
    "mae": 0.03149129788048164,
    "directional_accuracy": 0.3802163833075734
  }
}