{
  "xgboost": {
    "mae": 0.06019207671562196,
    "directional_accuracy": 0.28976377952755905
  },
  "rf": {
    "mae": 0.08120218151607533,
    "directional_accuracy": 0.2377952755905512
  },
  "ridge": {
    "mae": 0.06305968374584227,
    "directional_accuracy": 0.27716535433070866
  },
  "ensemble": {
    "mae": 0.06713289112902554,
    "directional_accuracy": 0.2740157480314961
  }
}