{
  "xgboost": {
    "mae": 0.05546333077885509,
    "directional_accuracy": 0.37576687116564417
  },
  "rf": {
    "mae": 0.043780422687709514,
    "directional_accuracy": 0.36349693251533743
  },
  "ridge": {
    "mae": 0.018853260865715166,
    "directional_accuracy": 0.4110429447852761
  },
  "ensemble": {
    "mae": 0.037294134914957346,
    "directional_accuracy": 0.37576687116564417
  }
}