{
  "xgboost": {
    "mae": 0.0739875440438486,
    "directional_accuracy": 0.2828438948995363
  },
  "rf": {
    "mae": 0.08449308055424676,
    "directional_accuracy": 0.2735703245749614
  },
  "ridge": {
    "mae": 0.048562235610878565,
    "directional_accuracy": 0.3106646058732612
  },
  "ensemble": {
    "mae": 0.06723047207803662,
    "directional_accuracy": 0.2828438948995363
  }
}