{
  "xgboost": {
    "mae": 0.043360958770643235,
    "directional_accuracy": 0.3543307086614173
  },
  "rf": {
    "mae": 0.04397560921417264,
    "directional_accuracy": 0.3637795275590551
  },
  "ridge": {
    "mae": 0.019191671669928325,
    "directional_accuracy": 0.3905511811023622
  },
  "ensemble": {
    "mae": 0.03433901108187054,
    "directional_accuracy": 0.35748031496062993
  }
}