{
  "xgboost": {
    "mae": 0.05862312857739775,
    "directional_accuracy": 0.28459119496855345
  },
  "rf": {
    "mae": 0.08369767239551923,
    "directional_accuracy": 0.23742138364779874
  },
  "ridge": {
    "mae": 0.05564215631916033,
    "directional_accuracy": 0.2861635220125786
  },
  "ensemble": {
    "mae": 0.064795946583418,
    "directional_accuracy": 0.2783018867924528
  }
}