{
  "xgboost": {
    "mae": 0.034082395557659816,
    "directional_accuracy": 0.3474842767295597
  },
  "rf": {
    "mae": 0.044922333807691193,
    "directional_accuracy": 0.36163522012578614
  },
  "ridge": {
    "mae": 0.019185816449683927,
    "directional_accuracy": 0.389937106918239
  },
  "ensemble": {
    "mae": 0.031479403882168536,
    "directional_accuracy": 0.3443396226415094
  }
}