{
  "xgboost": {
    "mae": 0.06689566667244402,
    "directional_accuracy": 0.25384615384615383
  },
  "rf": {
    "mae": 0.08198902575781372,
    "directional_accuracy": 0.25384615384615383
  },
  "ridge": {
    "mae": 0.0526081906827084,
    "directional_accuracy": 0.30153846153846153
  },
  "ensemble": {
    "mae": 0.0658469886560291,
    "directional_accuracy": 0.2569230769230769
  }
}