{
  "xgboost": {
    "mae": 0.013843968767284578,
    "directional_accuracy": 0.4307692307692308
  },
  "rf": {
    "mae": 0.008780914811683806,
    "directional_accuracy": 0.4492307692307692
  },
  "ridge": {
    "mae": 0.006985174580585055,
    "directional_accuracy": 0.4938461538461538
  },
  "ensemble": {
    "mae": 0.009309220095774482,
    "directional_accuracy": 0.4369230769230769
  }
}