{
  "xgboost": {
    "mae": 0.011971817204810439,
    "directional_accuracy": 0.4479495268138801
  },
  "rf": {
    "mae": 0.01247976945977598,
    "directional_accuracy": 0.5283911671924291
  },
  "ridge": {
    "mae": 0.007080982394994152,
    "directional_accuracy": 0.45741324921135645
  },
  "ensemble": {
    "mae": 0.007952809896439896,
    "directional_accuracy": 0.48738170347003157
  }
}