{
  "xgboost": {
    "mae": 0.06058452411381488,
    "directional_accuracy": 0.2938388625592417
  },
  "rf": {
    "mae": 0.08036466032712797,
    "directional_accuracy": 0.2575039494470774
  },
  "ridge": {
    "mae": 0.0735043605137972,
    "directional_accuracy": 0.2717219589257504
  },
  "ensemble": {
    "mae": 0.07024384127694709,
    "directional_accuracy": 0.28278041074249605
  }
}