{
  "xgboost": {
    "mae": 0.03882103565248209,
    "directional_accuracy": 0.35478806907378335
  },
  "rf": {
    "mae": 0.044100313836562495,
    "directional_accuracy": 0.3532182103610675
  },
  "ridge": {
    "mae": 0.018407121550609952,
    "directional_accuracy": 0.39089481946624804
  },
  "ensemble": {
    "mae": 0.03239702445741438,
    "directional_accuracy": 0.3469387755102041
  }
}