{
  "xgboost": {
    "mae": 0.06779265108066838,
    "directional_accuracy": 0.2618296529968454
  },
  "rf": {
    "mae": 0.0831443234402441,
    "directional_accuracy": 0.2444794952681388
  },
  "ridge": {
    "mae": 0.06445695896506061,
    "directional_accuracy": 0.27602523659305994
  },
  "ensemble": {
    "mae": 0.0709376347211924,
    "directional_accuracy": 0.25709779179810727
  }
}