{
  "xgboost": {
    "mae": 0.04861718478007979,
    "directional_accuracy": 0.3880368098159509
  },
  "rf": {
    "mae": 0.044664491455527165,
    "directional_accuracy": 0.37576687116564417
  },
  "ridge": {
    "mae": 0.018621007579302844,
    "directional_accuracy": 0.4110429447852761
  },
  "ensemble": {
    "mae": 0.03518466067946924,
    "directional_accuracy": 0.3834355828220859
  }
}