{
  "xgboost": {
    "mae": 0.013238025842027223,
    "directional_accuracy": 0.4430769230769231
  },
  "rf": {
    "mae": 0.00876076425217064,
    "directional_accuracy": 0.44769230769230767
  },
  "ridge": {
    "mae": 0.0069999711508988965,
    "directional_accuracy": 0.4969230769230769
  },
  "ensemble": {
    "mae": 0.009162865331696045,
    "directional_accuracy": 0.44769230769230767
  }
}