{
  "xgboost": {
    "mae": 0.03682825345228128,
    "directional_accuracy": 0.3904320987654321
  },
  "rf": {
    "mae": 0.045498479170319885,
    "directional_accuracy": 0.37191358024691357
  },
  "ridge": {
    "mae": 0.01812910310929726,
    "directional_accuracy": 0.4212962962962963
  },
  "ensemble": {
    "mae": 0.03135306313836547,
    "directional_accuracy": 0.38580246913580246
  }
}