{
  "xgboost": {
    "mae": 0.011029928788088601,
    "directional_accuracy": 0.4386503067484663
  },
  "rf": {
    "mae": 0.008822698381531047,
    "directional_accuracy": 0.4432515337423313
  },
  "ridge": {
    "mae": 0.007007555597199057,
    "directional_accuracy": 0.4938650306748466
  },
  "ensemble": {
    "mae": 0.008562098538802274,
    "directional_accuracy": 0.4432515337423313
  }
}