{
  "xgboost": {
    "mae": 0.05236087108935193,
    "directional_accuracy": 0.278125
  },
  "rf": {
    "mae": 0.08479793095204338,
    "directional_accuracy": 0.2390625
  },
  "ridge": {
    "mae": 0.04583644227982459,
    "directional_accuracy": 0.3171875
  },
  "ensemble": {
    "mae": 0.059431060058019305,
    "directional_accuracy": 0.2890625
  }
}