{
  "xgboost": {
    "mae": 0.03492061569703001,
    "directional_accuracy": 0.36334913112164297
  },
  "rf": {
    "mae": 0.043051287407745296,
    "directional_accuracy": 0.3696682464454976
  },
  "ridge": {
    "mae": 0.022352486295914888,
    "directional_accuracy": 0.3665086887835703
  },
  "ensemble": {
    "mae": 0.03264125710936569,
    "directional_accuracy": 0.358609794628752
  }
}