{
  "xgboost": {
    "mae": 0.012070996111249382,
    "directional_accuracy": 0.45682888540031397
  },
  "rf": {
    "mae": 0.012734229307113477,
    "directional_accuracy": 0.5259026687598116
  },
  "ridge": {
    "mae": 0.006883094125219964,
    "directional_accuracy": 0.4772370486656201
  },
  "ensemble": {
    "mae": 0.008445774398047137,
    "directional_accuracy": 0.4897959183673469
  }
}