{
  "xgboost": {
    "mae": 0.0652032436698157,
    "directional_accuracy": 0.27001569858712715
  },
  "rf": {
    "mae": 0.0833979446185848,
    "directional_accuracy": 0.2370486656200942
  },
  "ridge": {
    "mae": 0.05142086611165969,
    "directional_accuracy": 0.3029827315541601
  },
  "ensemble": {
    "mae": 0.06550433337811219,
    "directional_accuracy": 0.2731554160125589
  }
}