{
  "xgboost": {
    "mae": 0.06289977398577244,
    "directional_accuracy": 0.2890995260663507
  },
  "rf": {
    "mae": 0.0813670065739711,
    "directional_accuracy": 0.24960505529225907
  },
  "ridge": {
    "mae": 0.07099554239927404,
    "directional_accuracy": 0.27014218009478674
  },
  "ensemble": {
    "mae": 0.07070062790274426,
    "directional_accuracy": 0.27804107424960506
  }
}