{
  "xgboost": {
    "mae": 0.06144848421871666,
    "directional_accuracy": 0.28149300155520995
  },
  "rf": {
    "mae": 0.08193753959870122,
    "directional_accuracy": 0.2581648522550544
  },
  "ridge": {
    "mae": 0.04686605796546924,
    "directional_accuracy": 0.2986003110419907
  },
  "ensemble": {
    "mae": 0.06176865929217979,
    "directional_accuracy": 0.28771384136858474
  }
}