{
  "xgboost": {
    "mae": 0.036925396282238065,
    "directional_accuracy": 0.3691588785046729
  },
  "rf": {
    "mae": 0.04396059741351142,
    "directional_accuracy": 0.3613707165109034
  },
  "ridge": {
    "mae": 0.017513503437146843,
    "directional_accuracy": 0.4205607476635514
  },
  "ensemble": {
    "mae": 0.030936764908842812,
    "directional_accuracy": 0.37694704049844235
  }
}