{
  "xgboost": {
    "mae": 0.05554641237659166,
    "directional_accuracy": 0.28503937007874014
  },
  "rf": {
    "mae": 0.08273618174095414,
    "directional_accuracy": 0.2346456692913386
  },
  "ridge": {
    "mae": 0.06141540095909667,
    "directional_accuracy": 0.28346456692913385
  },
  "ensemble": {
    "mae": 0.06521161604472579,
    "directional_accuracy": 0.2692913385826772
  }
}