{
  "xgboost": {
    "mae": 0.03887858404422241,
    "directional_accuracy": 0.3548895899053628
  },
  "rf": {
    "mae": 0.04286841495333606,
    "directional_accuracy": 0.3722397476340694
  },
  "ridge": {
    "mae": 0.02037367084945544,
    "directional_accuracy": 0.3785488958990536
  },
  "ensemble": {
    "mae": 0.03309756843434247,
    "directional_accuracy": 0.3643533123028391
  }
}