{
  "xgboost": {
    "mae": 0.06916132968696143,
    "directional_accuracy": 0.2665639445300462
  },
  "rf": {
    "mae": 0.08274440472841857,
    "directional_accuracy": 0.26040061633281975
  },
  "ridge": {
    "mae": 0.05141456126720457,
    "directional_accuracy": 0.3081664098613251
  },
  "ensemble": {
    "mae": 0.06615614246413426,
    "directional_accuracy": 0.2696456086286595
  }
}