{
  "xgboost": {
    "mae": 0.03519326331822083,
    "directional_accuracy": 0.36850393700787404
  },
  "rf": {
    "mae": 0.04508560533347772,
    "directional_accuracy": 0.3716535433070866
  },
  "ridge": {
    "mae": 0.019810065359508938,
    "directional_accuracy": 0.3826771653543307
  },
  "ensemble": {
    "mae": 0.032252856683796606,
    "directional_accuracy": 0.35748031496062993
  }
}