{
  "xgboost": {
    "mae": 0.0589963504827687,
    "directional_accuracy": 0.27044025157232704
  },
  "rf": {
    "mae": 0.08274446653495654,
    "directional_accuracy": 0.2389937106918239
  },
  "ridge": {
    "mae": 0.05564216921279367,
    "directional_accuracy": 0.2861635220125786
  },
  "ensemble": {
    "mae": 0.06461039128617323,
    "directional_accuracy": 0.2688679245283019
  }
}