{
  "xgboost": {
    "mae": 0.04025517712961156,
    "directional_accuracy": 0.3675344563552833
  },
  "rf": {
    "mae": 0.04082709885140531,
    "directional_accuracy": 0.3614088820826952
  },
  "ridge": {
    "mae": 0.019205072992488584,
    "directional_accuracy": 0.3996937212863706
  },
  "ensemble": {
    "mae": 0.03192352122482689,
    "directional_accuracy": 0.36906584992343033
  }
}