{
  "xgboost": {
    "mae": 0.029987149779861152,
    "directional_accuracy": 0.37383177570093457
  },
  "rf": {
    "mae": 0.04349068369202016,
    "directional_accuracy": 0.35202492211838005
  },
  "ridge": {
    "mae": 0.017451744453591312,
    "directional_accuracy": 0.42679127725856697
  },
  "ensemble": {
    "mae": 0.02841767526806505,
    "directional_accuracy": 0.3707165109034268
  }
}