{
  "xgboost": {
    "mae": 0.040105505483562606,
    "directional_accuracy": 0.3676923076923077
  },
  "rf": {
    "mae": 0.04207550881490749,
    "directional_accuracy": 0.3707692307692308
  },
  "ridge": {
    "mae": 0.018753377630604227,
    "directional_accuracy": 0.40615384615384614
  },
  "ensemble": {
    "mae": 0.03195823474699516,
    "directional_accuracy": 0.37384615384615383
  }
}