{
  "xgboost": {
    "mae": 0.04373736158076724,
    "directional_accuracy": 0.366412213740458
  },
  "rf": {
    "mae": 0.04607538939922436,
    "directional_accuracy": 0.3618320610687023
  },
  "ridge": {
    "mae": 0.018862371543481457,
    "directional_accuracy": 0.4076335877862595
  },
  "ensemble": {
    "mae": 0.034387570121213046,
    "directional_accuracy": 0.366412213740458
  }
}