{
  "xgboost": {
    "mae": 0.015044195509869393,
    "directional_accuracy": 0.43797856049004597
  },
  "rf": {
    "mae": 0.009052533696387227,
    "directional_accuracy": 0.43032159264931086
  },
  "ridge": {
    "mae": 0.007046814696572212,
    "directional_accuracy": 0.48545176110260335
  },
  "ensemble": {
    "mae": 0.009777822773061511,
    "directional_accuracy": 0.4349157733537519
  }
}