{
  "xgboost": {
    "mae": 0.03430194270712845,
    "directional_accuracy": 0.353870458135861
  },
  "rf": {
    "mae": 0.04323730193205118,
    "directional_accuracy": 0.36492890995260663
  },
  "ridge": {
    "mae": 0.022268493674894856,
    "directional_accuracy": 0.3696682464454976
  },
  "ensemble": {
    "mae": 0.03245923982855753,
    "directional_accuracy": 0.36808846761453395
  }
}