{
  "xgboost": {
    "mae": 0.026155148213117162,
    "directional_accuracy": 0.37597503900156004
  },
  "rf": {
    "mae": 0.044749631722560315,
    "directional_accuracy": 0.3666146645865835
  },
  "ridge": {
    "mae": 0.01746449002601624,
    "directional_accuracy": 0.42745709828393136
  },
  "ensemble": {
    "mae": 0.027484690551897856,
    "directional_accuracy": 0.36973478939157567
  }
}