{
  "xgboost": {
    "mae": 0.012797315658179938,
    "directional_accuracy": 0.4351145038167939
  },
  "rf": {
    "mae": 0.008725991302294085,
    "directional_accuracy": 0.43206106870229005
  },
  "ridge": {
    "mae": 0.0071270439380560395,
    "directional_accuracy": 0.4854961832061069
  },
  "ensemble": {
    "mae": 0.009108204461085153,
    "directional_accuracy": 0.4366412213740458
  }
}