{
  "xgboost": {
    "mae": 0.04365577516506372,
    "directional_accuracy": 0.3723076923076923
  },
  "rf": {
    "mae": 0.041735041470957315,
    "directional_accuracy": 0.3707692307692308
  },
  "ridge": {
    "mae": 0.018753380378731647,
    "directional_accuracy": 0.40615384615384614
  },
  "ensemble": {
    "mae": 0.03293467327281347,
    "directional_accuracy": 0.37538461538461537
  }
}