{
  "xgboost": {
    "mae": 0.0689668381725838,
    "directional_accuracy": 0.2668711656441718
  },
  "rf": {
    "mae": 0.0792859888700358,
    "directional_accuracy": 0.25
  },
  "ridge": {
    "mae": 0.053895932298356174,
    "directional_accuracy": 0.299079754601227
  },
  "ensemble": {
    "mae": 0.06597730350482364,
    "directional_accuracy": 0.26533742331288346
  }
}