{
  "xgboost": {
    "mae": 0.009655230633275917,
    "directional_accuracy": 0.4631083202511774
  },
  "rf": {
    "mae": 0.01268296251727443,
    "directional_accuracy": 0.5259026687598116
  },
  "ridge": {
    "mae": 0.006883093597857076,
    "directional_accuracy": 0.4772370486656201
  },
  "ensemble": {
    "mae": 0.007554813881226932,
    "directional_accuracy": 0.49921507064364207
  }
}