{
  "xgboost": {
    "mae": 0.042814795548222685,
    "directional_accuracy": 0.38650306748466257
  },
  "rf": {
    "mae": 0.045098079656718464,
    "directional_accuracy": 0.3696319018404908
  },
  "ridge": {
    "mae": 0.018606607174793188,
    "directional_accuracy": 0.4110429447852761
  },
  "ensemble": {
    "mae": 0.033561125449388995,
    "directional_accuracy": 0.3803680981595092
  }
}