{
  "xgboost": {
    "mae": 0.010731125579842514,
    "directional_accuracy": 0.4393241167434716
  },
  "rf": {
    "mae": 0.008855615996490306,
    "directional_accuracy": 0.4423963133640553
  },
  "ridge": {
    "mae": 0.007018040742267607,
    "directional_accuracy": 0.4930875576036866
  },
  "ensemble": {
    "mae": 0.008476290853381432,
    "directional_accuracy": 0.44086021505376344
  }
}