{
  "xgboost": {
    "mae": 0.009237095321431278,
    "directional_accuracy": 0.4936708860759494
  },
  "rf": {
    "mae": 0.012246315475051481,
    "directional_accuracy": 0.5332278481012658
  },
  "ridge": {
    "mae": 0.007344325715003304,
    "directional_accuracy": 0.4462025316455696
  },
  "ensemble": {
    "mae": 0.007800738742917077,
    "directional_accuracy": 0.5031645569620253
  }
}