{
  "xgboost": {
    "mae": 0.06147405046809857,
    "directional_accuracy": 0.26917057902973396
  },
  "rf": {
    "mae": 0.08333592602279948,
    "directional_accuracy": 0.23161189358372458
  },
  "ridge": {
    "mae": 0.047326150927922556,
    "directional_accuracy": 0.31768388106416273
  },
  "ensemble": {
    "mae": 0.06280389187827166,
    "directional_accuracy": 0.27543035993740217
  }
}