{
  "xgboost": {
    "mae": 0.06626393251594977,
    "directional_accuracy": 0.2692307692307692
  },
  "rf": {
    "mae": 0.08029135773450263,
    "directional_accuracy": 0.2553846153846154
  },
  "ridge": {
    "mae": 0.052423344529716025,
    "directional_accuracy": 0.3030769230769231
  },
  "ensemble": {
    "mae": 0.06490671456054427,
    "directional_accuracy": 0.2676923076923077
  }
}