{
  "xgboost": {
    "mae": 0.03996502017383534,
    "directional_accuracy": 0.3555900621118012
  },
  "rf": {
    "mae": 0.04373527770443023,
    "directional_accuracy": 0.36645962732919257
  },
  "ridge": {
    "mae": 0.017816768257058017,
    "directional_accuracy": 0.4161490683229814
  },
  "ensemble": {
    "mae": 0.03192284602217454,
    "directional_accuracy": 0.36335403726708076
  }
}