{
  "xgboost": {
    "mae": 0.011296345018325358,
    "directional_accuracy": 0.45754716981132076
  },
  "rf": {
    "mae": 0.01251573557079519,
    "directional_accuracy": 0.5235849056603774
  },
  "ridge": {
    "mae": 0.006941224797495381,
    "directional_accuracy": 0.4779874213836478
  },
  "ensemble": {
    "mae": 0.008068245013021193,
    "directional_accuracy": 0.47641509433962265
  }
}