{
  "xgboost": {
    "mae": 0.05607785340615886,
    "directional_accuracy": 0.2676056338028169
  },
  "rf": {
    "mae": 0.08386999323252342,
    "directional_accuracy": 0.23317683881064163
  },
  "ridge": {
    "mae": 0.046914629421441305,
    "directional_accuracy": 0.3114241001564945
  },
  "ensemble": {
    "mae": 0.060895373011320066,
    "directional_accuracy": 0.27386541471048514
  }
}