{
  "xgboost": {
    "mae": 0.011863039650033292,
    "directional_accuracy": 0.44031007751937984
  },
  "rf": {
    "mae": 0.007081335156400692,
    "directional_accuracy": 0.5116279069767442
  },
  "ridge": {
    "mae": 0.006813391920500455,
    "directional_accuracy": 0.5007751937984496
  },
  "ensemble": {
    "mae": 0.007796566075776905,
    "directional_accuracy": 0.462015503875969
  }
}