{
  "xgboost": {
    "mae": 0.014184915871465012,
    "directional_accuracy": 0.4351145038167939
  },
  "rf": {
    "mae": 0.008509407215800936,
    "directional_accuracy": 0.44274809160305345
  },
  "ridge": {
    "mae": 0.007079944078345359,
    "directional_accuracy": 0.4870229007633588
  },
  "ensemble": {
    "mae": 0.009386045893733257,
    "directional_accuracy": 0.43206106870229005
  }
}