{
  "xgboost": {
    "mae": 0.014199384449811751,
    "directional_accuracy": 0.44135802469135804
  },
  "rf": {
    "mae": 0.008221549530426817,
    "directional_accuracy": 0.45524691358024694
  },
  "ridge": {
    "mae": 0.006921518899921121,
    "directional_accuracy": 0.5046296296296297
  },
  "ensemble": {
    "mae": 0.009135094396783233,
    "directional_accuracy": 0.44907407407407407
  }
}