{
  "xgboost": {
    "mae": 0.009366030517663333,
    "directional_accuracy": 0.45858895705521474
  },
  "rf": {
    "mae": 0.008997273761706587,
    "directional_accuracy": 0.4432515337423313
  },
  "ridge": {
    "mae": 0.0070314887340405564,
    "directional_accuracy": 0.49079754601226994
  },
  "ensemble": {
    "mae": 0.0081123050524772,
    "directional_accuracy": 0.4432515337423313
  }
}