{
  "xgboost": {
    "mae": 0.060586376745291555,
    "directional_accuracy": 0.27488151658767773
  },
  "rf": {
    "mae": 0.0808059087191655,
    "directional_accuracy": 0.25434439178515006
  },
  "ridge": {
    "mae": 0.07013583834982132,
    "directional_accuracy": 0.27014218009478674
  },
  "ensemble": {
    "mae": 0.06937613449305188,
    "directional_accuracy": 0.2796208530805687
  }
}