{
  "xgboost": {
    "mae": 0.06356011755542713,
    "directional_accuracy": 0.250384024577573
  },
  "rf": {
    "mae": 0.07980968327840655,
    "directional_accuracy": 0.250384024577573
  },
  "ridge": {
    "mae": 0.05324759531774427,
    "directional_accuracy": 0.2995391705069124
  },
  "ensemble": {
    "mae": 0.06433848739134825,
    "directional_accuracy": 0.2519201228878648
  }
}