{
  "xgboost": {
    "mae": 0.04771293421354673,
    "directional_accuracy": 0.37404580152671757
  },
  "rf": {
    "mae": 0.046213497222332554,
    "directional_accuracy": 0.3618320610687023
  },
  "ridge": {
    "mae": 0.018888607009839218,
    "directional_accuracy": 0.40610687022900765
  },
  "ensemble": {
    "mae": 0.035605181227039984,
    "directional_accuracy": 0.36793893129770994
  }
}