{
  "xgboost": {
    "mae": 0.04756830126029429,
    "directional_accuracy": 0.36906584992343033
  },
  "rf": {
    "mae": 0.04161998753463682,
    "directional_accuracy": 0.36294027565084225
  },
  "ridge": {
    "mae": 0.019205072974590346,
    "directional_accuracy": 0.3996937212863706
  },
  "ensemble": {
    "mae": 0.03444395495874395,
    "directional_accuracy": 0.3675344563552833
  }
}