{
  "xgboost": {
    "mae": 0.013012324876005725,
    "directional_accuracy": 0.4688473520249221
  },
  "rf": {
    "mae": 0.013453332423194658,
    "directional_accuracy": 0.5171339563862928
  },
  "ridge": {
    "mae": 0.006698208355942749,
    "directional_accuracy": 0.5249221183800623
  },
  "ensemble": {
    "mae": 0.008686855667699108,
    "directional_accuracy": 0.5
  }
}