{
  "xgboost": {
    "mae": 0.03631512050524785,
    "directional_accuracy": 0.3619344773790952
  },
  "rf": {
    "mae": 0.04529263865013832,
    "directional_accuracy": 0.3619344773790952
  },
  "ridge": {
    "mae": 0.01748641744976443,
    "directional_accuracy": 0.42745709828393136
  },
  "ensemble": {
    "mae": 0.03113225249212834,
    "directional_accuracy": 0.36505460218408736
  }
}