{
  "xgboost": {
    "mae": 0.010363687478379633,
    "directional_accuracy": 0.44171779141104295
  },
  "rf": {
    "mae": 0.008968092743828156,
    "directional_accuracy": 0.44171779141104295
  },
  "ridge": {
    "mae": 0.0070314899983658155,
    "directional_accuracy": 0.49079754601226994
  },
  "ensemble": {
    "mae": 0.008401625953482157,
    "directional_accuracy": 0.4340490797546012
  }
}