{
  "xgboost": {
    "mae": 0.06629682338037081,
    "directional_accuracy": 0.28483920367534454
  },
  "rf": {
    "mae": 0.08161051109685448,
    "directional_accuracy": 0.26952526799387444
  },
  "ridge": {
    "mae": 0.054324587073665,
    "directional_accuracy": 0.29709035222052066
  },
  "ensemble": {
    "mae": 0.06608678648489674,
    "directional_accuracy": 0.2725880551301684
  }
}