{
  "xgboost": {
    "mae": 0.0378883410923948,
    "directional_accuracy": 0.35691823899371067
  },
  "rf": {
    "mae": 0.04457262420482452,
    "directional_accuracy": 0.3663522012578616
  },
  "ridge": {
    "mae": 0.01917229310032749,
    "directional_accuracy": 0.38836477987421386
  },
  "ensemble": {
    "mae": 0.03268137081437009,
    "directional_accuracy": 0.35377358490566035
  }
}