{
  "xgboost": {
    "mae": 0.011251759147313039,
    "directional_accuracy": 0.4565560821484992
  },
  "rf": {
    "mae": 0.01225185924291148,
    "directional_accuracy": 0.5323854660347551
  },
  "ridge": {
    "mae": 0.007345934523594642,
    "directional_accuracy": 0.44549763033175355
  },
  "ensemble": {
    "mae": 0.007818680802100192,
    "directional_accuracy": 0.5150078988941548
  }
}