{
  "xgboost": {
    "mae": 0.05013014351859621,
    "directional_accuracy": 0.38650306748466257
  },
  "rf": {
    "mae": 0.04560901722549891,
    "directional_accuracy": 0.3665644171779141
  },
  "ridge": {
    "mae": 0.01862100957705292,
    "directional_accuracy": 0.4110429447852761
  },
  "ensemble": {
    "mae": 0.036136742170290614,
    "directional_accuracy": 0.3803680981595092
  }
}