{
  "xgboost": {
    "mae": 0.03198556460968812,
    "directional_accuracy": 0.359253499222395
  },
  "rf": {
    "mae": 0.042915915738643076,
    "directional_accuracy": 0.36858475894245724
  },
  "ridge": {
    "mae": 0.017600805420703962,
    "directional_accuracy": 0.41835147744945567
  },
  "ensemble": {
    "mae": 0.029031348876047264,
    "directional_accuracy": 0.36391912908242613
  }
}