{
  "xgboost": {
    "mae": 0.06725363564643111,
    "directional_accuracy": 0.29102167182662536
  },
  "rf": {
    "mae": 0.08349410950854598,
    "directional_accuracy": 0.25386996904024767
  },
  "ridge": {
    "mae": 0.046780923721497635,
    "directional_accuracy": 0.3018575851393189
  },
  "ensemble": {
    "mae": 0.06389020532950286,
    "directional_accuracy": 0.28328173374613
  }
}