{
  "xgboost": {
    "mae": 0.027979968961380244,
    "directional_accuracy": 0.3940809968847352
  },
  "rf": {
    "mae": 0.04401304347319601,
    "directional_accuracy": 0.35202492211838005
  },
  "ridge": {
    "mae": 0.01745174502843698,
    "directional_accuracy": 0.42679127725856697
  },
  "ensemble": {
    "mae": 0.0278368770964274,
    "directional_accuracy": 0.37694704049844235
  }
}