{
  "xgboost": {
    "mae": 0.035331196527927995,
    "directional_accuracy": 0.3470031545741325
  },
  "rf": {
    "mae": 0.044373708100796584,
    "directional_accuracy": 0.3675078864353312
  },
  "ridge": {
    "mae": 0.02110881591683498,
    "directional_accuracy": 0.3675078864353312
  },
  "ensemble": {
    "mae": 0.03269432574354944,
    "directional_accuracy": 0.34542586750788645
  }
}