{
  "xgboost": {
    "mae": 0.009010836804558137,
    "directional_accuracy": 0.4728682170542636
  },
  "rf": {
    "mae": 0.007661077969681826,
    "directional_accuracy": 0.5193798449612403
  },
  "ridge": {
    "mae": 0.006808707029890124,
    "directional_accuracy": 0.5038759689922481
  },
  "ensemble": {
    "mae": 0.007143389022789497,
    "directional_accuracy": 0.4945736434108527
  }
}