{
  "xgboost": {
    "mae": 0.05883888886908233,
    "directional_accuracy": 0.3022151898734177
  },
  "rf": {
    "mae": 0.0805926744588368,
    "directional_accuracy": 0.2626582278481013
  },
  "ridge": {
    "mae": 0.07459062574483868,
    "directional_accuracy": 0.2721518987341772
  },
  "ensemble": {
    "mae": 0.0701698295595036,
    "directional_accuracy": 0.28164556962025317
  }
}