{
  "xgboost": {
    "mae": 0.030428068731149786,
    "directional_accuracy": 0.3696682464454976
  },
  "rf": {
    "mae": 0.042620597367197845,
    "directional_accuracy": 0.3696682464454976
  },
  "ridge": {
    "mae": 0.02175748476239433,
    "directional_accuracy": 0.3665086887835703
  },
  "ensemble": {
    "mae": 0.030764075785982167,
    "directional_accuracy": 0.3617693522906793
  }
}