{
  "xgboost": {
    "mae": 0.04236176214216811,
    "directional_accuracy": 0.36906584992343033
  },
  "rf": {
    "mae": 0.0414607268589004,
    "directional_accuracy": 0.36294027565084225
  },
  "ridge": {
    "mae": 0.01920507501565448,
    "directional_accuracy": 0.3996937212863706
  },
  "ensemble": {
    "mae": 0.032773883548201516,
    "directional_accuracy": 0.3675344563552833
  }
}