{
  "xgboost": {
    "mae": 0.011147844848421266,
    "directional_accuracy": 0.500780031201248
  },
  "rf": {
    "mae": 0.013115669882526222,
    "directional_accuracy": 0.5226209048361935
  },
  "ridge": {
    "mae": 0.006713727884943831,
    "directional_accuracy": 0.5117004680187207
  },
  "ensemble": {
    "mae": 0.008389498663896287,
    "directional_accuracy": 0.5085803432137286
  }
}