{
  "xgboost": {
    "mae": 0.032440331240762454,
    "directional_accuracy": 0.37282780410742494
  },
  "rf": {
    "mae": 0.043544055766975766,
    "directional_accuracy": 0.36492890995260663
  },
  "ridge": {
    "mae": 0.021381377182260266,
    "directional_accuracy": 0.3665086887835703
  },
  "ensemble": {
    "mae": 0.0315344349003313,
    "directional_accuracy": 0.3665086887835703
  }
}