{
  "xgboost": {
    "mae": 0.012759832759707641,
    "directional_accuracy": 0.45076923076923076
  },
  "rf": {
    "mae": 0.008667105252685294,
    "directional_accuracy": 0.44769230769230767
  },
  "ridge": {
    "mae": 0.006967590503565199,
    "directional_accuracy": 0.49538461538461537
  },
  "ensemble": {
    "mae": 0.008968658726010395,
    "directional_accuracy": 0.44769230769230767
  }
}