{
  "xgboost": {
    "mae": 0.03159011403800091,
    "directional_accuracy": 0.3500784929356358
  },
  "rf": {
    "mae": 0.04372445968191241,
    "directional_accuracy": 0.34850863422291994
  },
  "ridge": {
    "mae": 0.01850591484028275,
    "directional_accuracy": 0.3924646781789639
  },
  "ensemble": {
    "mae": 0.029986879031530855,
    "directional_accuracy": 0.3469387755102041
  }
}