{
  "xgboost": {
    "mae": 0.06958493661847555,
    "directional_accuracy": 0.27217125382262997
  },
  "rf": {
    "mae": 0.08522473041057277,
    "directional_accuracy": 0.27217125382262997
  },
  "ridge": {
    "mae": 0.05361743181534112,
    "directional_accuracy": 0.3012232415902141
  },
  "ensemble": {
    "mae": 0.0679129492915079,
    "directional_accuracy": 0.27370030581039756
  }
}