{
  "xgboost": {
    "mae": 0.010238935678659394,
    "directional_accuracy": 0.4551083591331269
  },
  "rf": {
    "mae": 0.007010017843014173,
    "directional_accuracy": 0.4938080495356037
  },
  "ridge": {
    "mae": 0.0068152955407460945,
    "directional_accuracy": 0.5139318885448917
  },
  "ensemble": {
    "mae": 0.007532297957254958,
    "directional_accuracy": 0.456656346749226
  }
}