{
  "xgboost": {
    "mae": 0.07034888604247451,
    "directional_accuracy": 0.2834890965732087
  },
  "rf": {
    "mae": 0.08174611923888936,
    "directional_accuracy": 0.2616822429906542
  },
  "ridge": {
    "mae": 0.04693285749363662,
    "directional_accuracy": 0.29750778816199375
  },
  "ensemble": {
    "mae": 0.06469897699432195,
    "directional_accuracy": 0.2866043613707165
  }
}