{
  "xgboost": {
    "mae": 0.06371973882770583,
    "directional_accuracy": 0.2823712948517941
  },
  "rf": {
    "mae": 0.08383280129621253,
    "directional_accuracy": 0.2542901716068643
  },
  "ridge": {
    "mae": 0.04618468726453819,
    "directional_accuracy": 0.31357254290171604
  },
  "ensemble": {
    "mae": 0.06320520099915972,
    "directional_accuracy": 0.28549141965678626
  }
}