{
  "xgboost": {
    "mae": 0.035830738047087425,
    "directional_accuracy": 0.3888888888888889
  },
  "rf": {
    "mae": 0.04579126064200736,
    "directional_accuracy": 0.37037037037037035
  },
  "ridge": {
    "mae": 0.018121860316649526,
    "directional_accuracy": 0.4212962962962963
  },
  "ensemble": {
    "mae": 0.031071953908889536,
    "directional_accuracy": 0.38271604938271603
  }
}