{
  "xgboost": {
    "mae": 0.05132293175900416,
    "directional_accuracy": 0.37750385208012327
  },
  "rf": {
    "mae": 0.04200983598258119,
    "directional_accuracy": 0.3697996918335901
  },
  "ridge": {
    "mae": 0.018483754050100186,
    "directional_accuracy": 0.41294298921417566
  },
  "ensemble": {
    "mae": 0.035241897243241865,
    "directional_accuracy": 0.37596302003081666
  }
}