{
  "xgboost": {
    "mae": 0.010485319065934426,
    "directional_accuracy": 0.4535603715170279
  },
  "rf": {
    "mae": 0.007065785043887848,
    "directional_accuracy": 0.47832817337461303
  },
  "ridge": {
    "mae": 0.0068174331887567875,
    "directional_accuracy": 0.5139318885448917
  },
  "ensemble": {
    "mae": 0.007626960281491933,
    "directional_accuracy": 0.4504643962848297
  }
}