{
  "xgboost": {
    "mae": 0.05100314166555661,
    "directional_accuracy": 0.28773584905660377
  },
  "rf": {
    "mae": 0.08191006823265572,
    "directional_accuracy": 0.23427672955974843
  },
  "ridge": {
    "mae": 0.05860955574849665,
    "directional_accuracy": 0.2861635220125786
  },
  "ensemble": {
    "mae": 0.06241476820959976,
    "directional_accuracy": 0.27044025157232704
  }
}