{
  "xgboost": {
    "mae": 0.009000445444187617,
    "directional_accuracy": 0.47360248447204967
  },
  "rf": {
    "mae": 0.0077597594356901955,
    "directional_accuracy": 0.5186335403726708
  },
  "ridge": {
    "mae": 0.006805114848194077,
    "directional_accuracy": 0.5031055900621118
  },
  "ensemble": {
    "mae": 0.007136973206725342,
    "directional_accuracy": 0.4984472049689441
  }
}