{
  "xgboost": {
    "mae": 0.012618802079082168,
    "directional_accuracy": 0.44049459041731065
  },
  "rf": {
    "mae": 0.007792878940202507,
    "directional_accuracy": 0.4574961360123648
  },
  "ridge": {
    "mae": 0.006914250671516696,
    "directional_accuracy": 0.5131375579598145
  },
  "ensemble": {
    "mae": 0.008543982495877393,
    "directional_accuracy": 0.4435857805255023
  }
}