{
  "xgboost": {
    "mae": 0.04202840704883699,
    "directional_accuracy": 0.366412213740458
  },
  "rf": {
    "mae": 0.042828955257498746,
    "directional_accuracy": 0.3648854961832061
  },
  "ridge": {
    "mae": 0.019174946071793632,
    "directional_accuracy": 0.4030534351145038
  },
  "ensemble": {
    "mae": 0.03297980318463717,
    "directional_accuracy": 0.36793893129770994
  }
}