{
  "xgboost": {
    "mae": 0.013425790996871113,
    "directional_accuracy": 0.4298780487804878
  },
  "rf": {
    "mae": 0.008502319148660124,
    "directional_accuracy": 0.4420731707317073
  },
  "ridge": {
    "mae": 0.007082617539676247,
    "directional_accuracy": 0.4878048780487805
  },
  "ensemble": {
    "mae": 0.00917331307319059,
    "directional_accuracy": 0.42378048780487804
  }
}