{
  "xgboost": {
    "mae": 0.06418068115430407,
    "directional_accuracy": 0.29082426127527217
  },
  "rf": {
    "mae": 0.08241620762774508,
    "directional_accuracy": 0.26283048211508553
  },
  "ridge": {
    "mae": 0.046882880752633416,
    "directional_accuracy": 0.2986003110419907
  },
  "ensemble": {
    "mae": 0.06274618315565855,
    "directional_accuracy": 0.2892690513219285
  }
}