{
  "xgboost": {
    "mae": 0.036230547584087176,
    "directional_accuracy": 0.39689922480620154
  },
  "rf": {
    "mae": 0.04597683344867074,
    "directional_accuracy": 0.3751937984496124
  },
  "ridge": {
    "mae": 0.01789726743036408,
    "directional_accuracy": 0.4077519379844961
  },
  "ensemble": {
    "mae": 0.0311470641111722,
    "directional_accuracy": 0.39069767441860465
  }
}