{
  "xgboost": {
    "mae": 0.051878160128533767,
    "directional_accuracy": 0.27629513343799056
  },
  "rf": {
    "mae": 0.08328473961421483,
    "directional_accuracy": 0.23547880690737832
  },
  "ridge": {
    "mae": 0.05250929285490028,
    "directional_accuracy": 0.29827315541601257
  },
  "ensemble": {
    "mae": 0.061206825615305605,
    "directional_accuracy": 0.27472527472527475
  }
}