{
  "xgboost": {
    "mae": 0.03546343275160365,
    "directional_accuracy": 0.36024844720496896
  },
  "rf": {
    "mae": 0.0439667321460885,
    "directional_accuracy": 0.36335403726708076
  },
  "ridge": {
    "mae": 0.018010290128848118,
    "directional_accuracy": 0.40372670807453415
  },
  "ensemble": {
    "mae": 0.030560898618253018,
    "directional_accuracy": 0.36801242236024845
  }
}