{
  "xgboost": {
    "mae": 0.011644196628135917,
    "directional_accuracy": 0.43478260869565216
  },
  "rf": {
    "mae": 0.0130662350813304,
    "directional_accuracy": 0.5201863354037267
  },
  "ridge": {
    "mae": 0.0067587402000959165,
    "directional_accuracy": 0.5139751552795031
  },
  "ensemble": {
    "mae": 0.007507286093028395,
    "directional_accuracy": 0.5186335403726708
  }
}