{
  "xgboost": {
    "mae": 0.011163238492608028,
    "directional_accuracy": 0.4391371340523883
  },
  "rf": {
    "mae": 0.008154860297446666,
    "directional_accuracy": 0.4437596302003082
  },
  "ridge": {
    "mae": 0.006912243823958799,
    "directional_accuracy": 0.5084745762711864
  },
  "ensemble": {
    "mae": 0.008315927327784868,
    "directional_accuracy": 0.4283513097072419
  }
}