{
  "xgboost": {
    "mae": 0.03748041832487713,
    "directional_accuracy": 0.37846153846153846
  },
  "rf": {
    "mae": 0.04213006925085923,
    "directional_accuracy": 0.3723076923076923
  },
  "ridge": {
    "mae": 0.018814945032377746,
    "directional_accuracy": 0.4046153846153846
  },
  "ensemble": {
    "mae": 0.031194919079036487,
    "directional_accuracy": 0.37384615384615383
  }
}