{
  "xgboost": {
    "mae": 0.036776187568858205,
    "directional_accuracy": 0.40092879256965946
  },
  "rf": {
    "mae": 0.04506065262090937,
    "directional_accuracy": 0.3761609907120743
  },
  "ridge": {
    "mae": 0.017843432267733713,
    "directional_accuracy": 0.4102167182662539
  },
  "ensemble": {
    "mae": 0.03093986761793938,
    "directional_accuracy": 0.39473684210526316
  }
}