{
  "xgboost": {
    "mae": 0.011543299232051819,
    "directional_accuracy": 0.4645669291338583
  },
  "rf": {
    "mae": 0.01254253163846475,
    "directional_accuracy": 0.5244094488188976
  },
  "ridge": {
    "mae": 0.007001502839877796,
    "directional_accuracy": 0.46771653543307085
  },
  "ensemble": {
    "mae": 0.008023212210807606,
    "directional_accuracy": 0.48031496062992124
  }
}