{
  "xgboost": {
    "mae": 0.06351115138021321,
    "directional_accuracy": 0.25076923076923074
  },
  "rf": {
    "mae": 0.079193410325208,
    "directional_accuracy": 0.25076923076923074
  },
  "ridge": {
    "mae": 0.05314112275339885,
    "directional_accuracy": 0.3
  },
  "ensemble": {
    "mae": 0.06411393732953391,
    "directional_accuracy": 0.2523076923076923
  }
}