{
  "xgboost": {
    "mae": 0.012203436567782866,
    "directional_accuracy": 0.45652173913043476
  },
  "rf": {
    "mae": 0.013113336894727913,
    "directional_accuracy": 0.5186335403726708
  },
  "ridge": {
    "mae": 0.0067702336010403204,
    "directional_accuracy": 0.5139751552795031
  },
  "ensemble": {
    "mae": 0.007521754155599634,
    "directional_accuracy": 0.5077639751552795
  }
}