{
  "xgboost": {
    "mae": 0.03518724637137706,
    "directional_accuracy": 0.37422360248447206
  },
  "rf": {
    "mae": 0.043256504848542224,
    "directional_accuracy": 0.36490683229813664
  },
  "ridge": {
    "mae": 0.017816768926324403,
    "directional_accuracy": 0.4161490683229814
  },
  "ensemble": {
    "mae": 0.03016616467388087,
    "directional_accuracy": 0.3695652173913043
  }
}