{
  "xgboost": {
    "mae": 0.036857880574051406,
    "directional_accuracy": 0.36906584992343033
  },
  "rf": {
    "mae": 0.04309297036062224,
    "directional_accuracy": 0.36294027565084225
  },
  "ridge": {
    "mae": 0.019205072301997576,
    "directional_accuracy": 0.3996937212863706
  },
  "ensemble": {
    "mae": 0.031561366405491745,
    "directional_accuracy": 0.36906584992343033
  }
}