{
  "xgboost": {
    "mae": 0.01132832596212579,
    "directional_accuracy": 0.43119266055045874
  },
  "rf": {
    "mae": 0.009074926547099647,
    "directional_accuracy": 0.4235474006116208
  },
  "ridge": {
    "mae": 0.007051075145113583,
    "directional_accuracy": 0.48623853211009177
  },
  "ensemble": {
    "mae": 0.008781894072399802,
    "directional_accuracy": 0.42813455657492355
  }
}