{
  "xgboost": {
    "mae": 0.0636190816153485,
    "directional_accuracy": 0.28325508607198746
  },
  "rf": {
    "mae": 0.08335025859083432,
    "directional_accuracy": 0.23317683881064163
  },
  "ridge": {
    "mae": 0.04691463564211983,
    "directional_accuracy": 0.3114241001564945
  },
  "ensemble": {
    "mae": 0.06332734601922119,
    "directional_accuracy": 0.27230046948356806
  }
}