{
  "xgboost": {
    "mae": 0.031887486736304066,
    "directional_accuracy": 0.386046511627907
  },
  "rf": {
    "mae": 0.04458895470242798,
    "directional_accuracy": 0.3643410852713178
  },
  "ridge": {
    "mae": 0.01804186600812185,
    "directional_accuracy": 0.40310077519379844
  },
  "ensemble": {
    "mae": 0.029538489973300115,
    "directional_accuracy": 0.37829457364341085
  }
}