{
  "xgboost": {
    "mae": 0.03687056793156792,
    "directional_accuracy": 0.3719512195121951
  },
  "rf": {
    "mae": 0.045992760219789784,
    "directional_accuracy": 0.36585365853658536
  },
  "ridge": {
    "mae": 0.01871862707087664,
    "directional_accuracy": 0.41615853658536583
  },
  "ensemble": {
    "mae": 0.03197694481497036,
    "directional_accuracy": 0.375
  }
}