{
  "xgboost": {
    "mae": 0.03517711368480891,
    "directional_accuracy": 0.401854714064915
  },
  "rf": {
    "mae": 0.04523821770816566,
    "directional_accuracy": 0.3755795981452859
  },
  "ridge": {
    "mae": 0.01797786532985952,
    "directional_accuracy": 0.4126738794435858
  },
  "ensemble": {
    "mae": 0.030402494226240813,
    "directional_accuracy": 0.3941267387944359
  }
}