{
  "xgboost": {
    "mae": 0.0106018460195813,
    "directional_accuracy": 0.4694835680751174
  },
  "rf": {
    "mae": 0.01259782937065202,
    "directional_accuracy": 0.5242566510172144
  },
  "ridge": {
    "mae": 0.0067445392999186836,
    "directional_accuracy": 0.4945226917057903
  },
  "ensemble": {
    "mae": 0.008082892826674628,
    "directional_accuracy": 0.5070422535211268
  }
}