{
  "xgboost": {
    "mae": 0.010607243840674904,
    "directional_accuracy": 0.4707692307692308
  },
  "rf": {
    "mae": 0.008686341863687079,
    "directional_accuracy": 0.44461538461538463
  },
  "ridge": {
    "mae": 0.006992846840779925,
    "directional_accuracy": 0.49846153846153846
  },
  "ensemble": {
    "mae": 0.008306840367718515,
    "directional_accuracy": 0.44769230769230767
  }
}