{
  "xgboost": {
    "mae": 0.07001979927602268,
    "directional_accuracy": 0.2728658536585366
  },
  "rf": {
    "mae": 0.08571874904480345,
    "directional_accuracy": 0.2621951219512195
  },
  "ridge": {
    "mae": 0.051778417011139485,
    "directional_accuracy": 0.28810975609756095
  },
  "ensemble": {
    "mae": 0.06744154315294766,
    "directional_accuracy": 0.2652439024390244
  }
}