{
  "xgboost": {
    "mae": 0.035839103614230775,
    "directional_accuracy": 0.3637795275590551
  },
  "rf": {
    "mae": 0.0440425416927705,
    "directional_accuracy": 0.3716535433070866
  },
  "ridge": {
    "mae": 0.020004285697317922,
    "directional_accuracy": 0.3826771653543307
  },
  "ensemble": {
    "mae": 0.03227125538965444,
    "directional_accuracy": 0.3590551181102362
  }
}