{
  "xgboost": {
    "mae": 0.06352163722889398,
    "directional_accuracy": 0.296998420221169
  },
  "rf": {
    "mae": 0.08043644184772321,
    "directional_accuracy": 0.2638230647709321
  },
  "ridge": {
    "mae": 0.07455903597376116,
    "directional_accuracy": 0.2717219589257504
  },
  "ensemble": {
    "mae": 0.0716171826633034,
    "directional_accuracy": 0.28278041074249605
  }
}