{
  "xgboost": {
    "mae": 0.05920673369970514,
    "directional_accuracy": 0.27672955974842767
  },
  "rf": {
    "mae": 0.08304249439564013,
    "directional_accuracy": 0.23113207547169812
  },
  "ridge": {
    "mae": 0.060491465543851076,
    "directional_accuracy": 0.2861635220125786
  },
  "ensemble": {
    "mae": 0.06640144939848018,
    "directional_accuracy": 0.26572327044025157
  }
}