{
  "xgboost": {
    "mae": 0.01220059746870798,
    "directional_accuracy": 0.4294478527607362
  },
  "rf": {
    "mae": 0.00878919857364441,
    "directional_accuracy": 0.4432515337423313
  },
  "ridge": {
    "mae": 0.0070075547494568,
    "directional_accuracy": 0.4938650306748466
  },
  "ensemble": {
    "mae": 0.008863407362102891,
    "directional_accuracy": 0.4401840490797546
  }
}