{
  "xgboost": {
    "mae": 0.014249393163031773,
    "directional_accuracy": 0.4307692307692308
  },
  "rf": {
    "mae": 0.00868954341970244,
    "directional_accuracy": 0.4461538461538462
  },
  "ridge": {
    "mae": 0.006999970756067867,
    "directional_accuracy": 0.4969230769230769
  },
  "ensemble": {
    "mae": 0.009411988611578293,
    "directional_accuracy": 0.44
  }
}