{
  "xgboost": {
    "mae": 0.07600589881599296,
    "directional_accuracy": 0.2684049079754601
  },
  "rf": {
    "mae": 0.07903054073870232,
    "directional_accuracy": 0.25153374233128833
  },
  "ridge": {
    "mae": 0.05441516414374573,
    "directional_accuracy": 0.29754601226993865
  },
  "ensemble": {
    "mae": 0.06853915981986791,
    "directional_accuracy": 0.2714723926380368
  }
}