{
  "xgboost": {
    "mae": 0.009223530799558807,
    "directional_accuracy": 0.4434108527131783
  },
  "rf": {
    "mae": 0.00704613386338576,
    "directional_accuracy": 0.5116279069767442
  },
  "ridge": {
    "mae": 0.006825413855026772,
    "directional_accuracy": 0.4992248062015504
  },
  "ensemble": {
    "mae": 0.007235905033818053,
    "directional_accuracy": 0.4744186046511628
  }
}