{
  "xgboost": {
    "mae": 0.03256981218992679,
    "directional_accuracy": 0.3705426356589147
  },
  "rf": {
    "mae": 0.044307588952073214,
    "directional_accuracy": 0.37209302325581395
  },
  "ridge": {
    "mae": 0.01804036525563796,
    "directional_accuracy": 0.4046511627906977
  },
  "ensemble": {
    "mae": 0.029636219413744044,
    "directional_accuracy": 0.37209302325581395
  }
}