{
  "xgboost": {
    "mae": 0.012948199126196045,
    "directional_accuracy": 0.4432348367029549
  },
  "rf": {
    "mae": 0.013129396735983373,
    "directional_accuracy": 0.5163297045101088
  },
  "ridge": {
    "mae": 0.006740989192508714,
    "directional_accuracy": 0.5116640746500778
  },
  "ensemble": {
    "mae": 0.007623369314554082,
    "directional_accuracy": 0.49455676516329705
  }
}