{
  "xgboost": {
    "mae": 0.010266778340252709,
    "directional_accuracy": 0.4605873261205564
  },
  "rf": {
    "mae": 0.00716723132881516,
    "directional_accuracy": 0.46831530139103555
  },
  "ridge": {
    "mae": 0.00686954180270273,
    "directional_accuracy": 0.5131375579598145
  },
  "ensemble": {
    "mae": 0.007664041900640457,
    "directional_accuracy": 0.4714064914992272
  }
}