{
  "xgboost": {
    "mae": 0.011553412665972389,
    "directional_accuracy": 0.4638364779874214
  },
  "rf": {
    "mae": 0.012493206319900614,
    "directional_accuracy": 0.5235849056603774
  },
  "ridge": {
    "mae": 0.006990903908684327,
    "directional_accuracy": 0.46855345911949686
  },
  "ensemble": {
    "mae": 0.008023047998131434,
    "directional_accuracy": 0.47955974842767296
  }
}