{
  "xgboost": {
    "mae": 0.04214285440518783,
    "directional_accuracy": 0.37883435582822084
  },
  "rf": {
    "mae": 0.04348328790926665,
    "directional_accuracy": 0.36349693251533743
  },
  "ridge": {
    "mae": 0.018853263048852428,
    "directional_accuracy": 0.4110429447852761
  },
  "ensemble": {
    "mae": 0.03310595835475562,
    "directional_accuracy": 0.3773006134969325
  }
}