{
  "xgboost": {
    "mae": 0.03941323767482315,
    "directional_accuracy": 0.39473684210526316
  },
  "rf": {
    "mae": 0.04514228051337276,
    "directional_accuracy": 0.3761609907120743
  },
  "ridge": {
    "mae": 0.017755094033887652,
    "directional_accuracy": 0.413312693498452
  },
  "ensemble": {
    "mae": 0.03159065144250071,
    "directional_accuracy": 0.39473684210526316
  }
}