{
  "xgboost": {
    "mae": 0.058292325111484085,
    "directional_accuracy": 0.28771384136858474
  },
  "rf": {
    "mae": 0.08203391033385221,
    "directional_accuracy": 0.25660964230171074
  },
  "ridge": {
    "mae": 0.04675385310647712,
    "directional_accuracy": 0.3001555209953344
  },
  "ensemble": {
    "mae": 0.06063089810692084,
    "directional_accuracy": 0.29237947122861585
  }
}