{
  "xgboost": {
    "mae": 0.06238262062446058,
    "directional_accuracy": 0.2828125
  },
  "rf": {
    "mae": 0.08397990908893763,
    "directional_accuracy": 0.240625
  },
  "ridge": {
    "mae": 0.04575313477612255,
    "directional_accuracy": 0.3125
  },
  "ensemble": {
    "mae": 0.06260110116375185,
    "directional_accuracy": 0.284375
  }
}