{
  "xgboost": {
    "mae": 0.03490347589042522,
    "directional_accuracy": 0.35071090047393366
  },
  "rf": {
    "mae": 0.04334742021496338,
    "directional_accuracy": 0.3696682464454976
  },
  "ridge": {
    "mae": 0.021136331889161548,
    "directional_accuracy": 0.3665086887835703
  },
  "ensemble": {
    "mae": 0.0322974755524943,
    "directional_accuracy": 0.3617693522906793
  }
}