{
  "xgboost": {
    "mae": 0.03051500565538484,
    "directional_accuracy": 0.371875
  },
  "rf": {
    "mae": 0.044258330824882994,
    "directional_accuracy": 0.3671875
  },
  "ridge": {
    "mae": 0.017551498251153007,
    "directional_accuracy": 0.41875
  },
  "ensemble": {
    "mae": 0.029083669722620154,
    "directional_accuracy": 0.365625
  }
}