{
  "xgboost": {
    "mae": 0.05655191413177732,
    "directional_accuracy": 0.27001569858712715
  },
  "rf": {
    "mae": 0.08361870991809135,
    "directional_accuracy": 0.2370486656200942
  },
  "ridge": {
    "mae": 0.053571696176606974,
    "directional_accuracy": 0.28728414442700156
  },
  "ensemble": {
    "mae": 0.06327727004837295,
    "directional_accuracy": 0.2684458398744113
  }
}