{
  "xgboost": {
    "mae": 0.010580925194431911,
    "directional_accuracy": 0.4535603715170279
  },
  "rf": {
    "mae": 0.007034071201845381,
    "directional_accuracy": 0.4907120743034056
  },
  "ridge": {
    "mae": 0.006815295686356011,
    "directional_accuracy": 0.5139318885448917
  },
  "ensemble": {
    "mae": 0.007632174103816491,
    "directional_accuracy": 0.46904024767801855
  }
}