{
  "xgboost": {
    "mae": 0.010757788903037633,
    "directional_accuracy": 0.45813586097946285
  },
  "rf": {
    "mae": 0.012581266765667592,
    "directional_accuracy": 0.5260663507109005
  },
  "ridge": {
    "mae": 0.00725457469265427,
    "directional_accuracy": 0.44549763033175355
  },
  "ensemble": {
    "mae": 0.008015911680600517,
    "directional_accuracy": 0.4881516587677725
  }
}