{
  "xgboost": {
    "mae": 0.011437412509138758,
    "directional_accuracy": 0.462992125984252
  },
  "rf": {
    "mae": 0.012474302879132218,
    "directional_accuracy": 0.5307086614173229
  },
  "ridge": {
    "mae": 0.007098025524580467,
    "directional_accuracy": 0.45511811023622045
  },
  "ensemble": {
    "mae": 0.007961893750644907,
    "directional_accuracy": 0.49606299212598426
  }
}