{
  "xgboost": {
    "mae": 0.010281418090058074,
    "directional_accuracy": 0.46540880503144655
  },
  "rf": {
    "mae": 0.012204432160325476,
    "directional_accuracy": 0.5204402515723271
  },
  "ridge": {
    "mae": 0.006987060479181544,
    "directional_accuracy": 0.4669811320754717
  },
  "ensemble": {
    "mae": 0.00772701836663333,
    "directional_accuracy": 0.4968553459119497
  }
}