{
  "xgboost": {
    "mae": 0.0403414197298298,
    "directional_accuracy": 0.3584905660377358
  },
  "rf": {
    "mae": 0.04411219863398888,
    "directional_accuracy": 0.3663522012578616
  },
  "ridge": {
    "mae": 0.01918059640915144,
    "directional_accuracy": 0.38836477987421386
  },
  "ensemble": {
    "mae": 0.03335196418373059,
    "directional_accuracy": 0.35377358490566035
  }
}