{
  "xgboost": {
    "mae": 0.07388537849447328,
    "directional_accuracy": 0.2566929133858268
  },
  "rf": {
    "mae": 0.08283213850837685,
    "directional_accuracy": 0.2409448818897638
  },
  "ridge": {
    "mae": 0.06444570432168761,
    "directional_accuracy": 0.2755905511811024
  },
  "ensemble": {
    "mae": 0.0728878473416368,
    "directional_accuracy": 0.2566929133858268
  }
}