{
  "xgboost": {
    "mae": 0.012139483673314468,
    "directional_accuracy": 0.43788819875776397
  },
  "rf": {
    "mae": 0.012975903226527898,
    "directional_accuracy": 0.5217391304347826
  },
  "ridge": {
    "mae": 0.00675339454627289,
    "directional_accuracy": 0.515527950310559
  },
  "ensemble": {
    "mae": 0.007535305583349387,
    "directional_accuracy": 0.5186335403726708
  }
}