{
  "xgboost": {
    "mae": 0.04442152490919794,
    "directional_accuracy": 0.3830769230769231
  },
  "rf": {
    "mae": 0.042639344317373956,
    "directional_accuracy": 0.3676923076923077
  },
  "ridge": {
    "mae": 0.018887611194049265,
    "directional_accuracy": 0.40307692307692305
  },
  "ensemble": {
    "mae": 0.03367529943078459,
    "directional_accuracy": 0.3723076923076923
  }
}