{
  "xgboost": {
    "mae": 0.034223559470552195,
    "directional_accuracy": 0.3705426356589147
  },
  "rf": {
    "mae": 0.04428616719725908,
    "directional_accuracy": 0.36589147286821705
  },
  "ridge": {
    "mae": 0.018022358385558202,
    "directional_accuracy": 0.40310077519379844
  },
  "ensemble": {
    "mae": 0.03025437478730554,
    "directional_accuracy": 0.37209302325581395
  }
}