{
  "xgboost": {
    "mae": 0.05077293644724307,
    "directional_accuracy": 0.36793893129770994
  },
  "rf": {
    "mae": 0.04386048372966498,
    "directional_accuracy": 0.3648854961832061
  },
  "ridge": {
    "mae": 0.019174947090786543,
    "directional_accuracy": 0.4030534351145038
  },
  "ensemble": {
    "mae": 0.036129805247919575,
    "directional_accuracy": 0.36793893129770994
  }
}