{
  "xgboost": {
    "mae": 0.06020809454224226,
    "directional_accuracy": 0.26802507836990597
  },
  "rf": {
    "mae": 0.08281677572576308,
    "directional_accuracy": 0.2304075235109718
  },
  "ridge": {
    "mae": 0.049697926017078724,
    "directional_accuracy": 0.31504702194357365
  },
  "ensemble": {
    "mae": 0.06304369681700348,
    "directional_accuracy": 0.26802507836990597
  }
}