{
  "xgboost": {
    "mae": 0.03120296659275853,
    "directional_accuracy": 0.358695652173913
  },
  "rf": {
    "mae": 0.0431668993140845,
    "directional_accuracy": 0.37577639751552794
  },
  "ridge": {
    "mae": 0.01787635786604013,
    "directional_accuracy": 0.40993788819875776
  },
  "ensemble": {
    "mae": 0.028901614799486573,
    "directional_accuracy": 0.36490683229813664
  }
}