{
  "xgboost": {
    "mae": 0.06763834341234896,
    "directional_accuracy": 0.289922480620155
  },
  "rf": {
    "mae": 0.0833346676809678,
    "directional_accuracy": 0.26046511627906976
  },
  "ridge": {
    "mae": 0.04654900643174654,
    "directional_accuracy": 0.29767441860465116
  },
  "ensemble": {
    "mae": 0.06382414112859663,
    "directional_accuracy": 0.289922480620155
  }
}