{
  "xgboost": {
    "mae": 0.01413402871071523,
    "directional_accuracy": 0.43032159264931086
  },
  "rf": {
    "mae": 0.009030265690905377,
    "directional_accuracy": 0.42725880551301687
  },
  "ridge": {
    "mae": 0.00704681545689985,
    "directional_accuracy": 0.48545176110260335
  },
  "ensemble": {
    "mae": 0.009515682406445718,
    "directional_accuracy": 0.4318529862174579
  }
}