{
  "xgboost": {
    "mae": 0.059961512870543514,
    "directional_accuracy": 0.2892690513219285
  },
  "rf": {
    "mae": 0.08315359277477573,
    "directional_accuracy": 0.25660964230171074
  },
  "ridge": {
    "mae": 0.046753852817107054,
    "directional_accuracy": 0.3001555209953344
  },
  "ensemble": {
    "mae": 0.06149783376542488,
    "directional_accuracy": 0.29082426127527217
  }
}