{
  "xgboost": {
    "mae": 0.041879020430895274,
    "directional_accuracy": 0.36932707355242567
  },
  "rf": {
    "mae": 0.04415599927412104,
    "directional_accuracy": 0.3599374021909233
  },
  "ridge": {
    "mae": 0.01803914030290375,
    "directional_accuracy": 0.40062597809076683
  },
  "ensemble": {
    "mae": 0.03309997824195765,
    "directional_accuracy": 0.3677621283255086
  }
}