{
  "xgboost": {
    "mae": 0.011582439707385315,
    "directional_accuracy": 0.4447852760736196
  },
  "rf": {
    "mae": 0.008702413096806551,
    "directional_accuracy": 0.4432515337423313
  },
  "ridge": {
    "mae": 0.007007554625768026,
    "directional_accuracy": 0.4938650306748466
  },
  "ensemble": {
    "mae": 0.008663172664054166,
    "directional_accuracy": 0.4401840490797546
  }
}