{
  "xgboost": {
    "mae": 0.010551303703501777,
    "directional_accuracy": 0.4406779661016949
  },
  "rf": {
    "mae": 0.008380475932687573,
    "directional_accuracy": 0.4437596302003082
  },
  "ridge": {
    "mae": 0.006923169874599815,
    "directional_accuracy": 0.5053929121725732
  },
  "ensemble": {
    "mae": 0.00819479832460429,
    "directional_accuracy": 0.4453004622496148
  }
}