{
  "xgboost": {
    "mae": 0.011083523804582532,
    "directional_accuracy": 0.4305343511450382
  },
  "rf": {
    "mae": 0.008671755545602174,
    "directional_accuracy": 0.42748091603053434
  },
  "ridge": {
    "mae": 0.007126822481851056,
    "directional_accuracy": 0.48396946564885496
  },
  "ensemble": {
    "mae": 0.00862153714652478,
    "directional_accuracy": 0.4351145038167939
  }
}