{
  "xgboost": {
    "mae": 0.011644304956569798,
    "directional_accuracy": 0.43478260869565216
  },
  "rf": {
    "mae": 0.013049239758811107,
    "directional_accuracy": 0.5201863354037267
  },
  "ridge": {
    "mae": 0.006758740634439247,
    "directional_accuracy": 0.5139751552795031
  },
  "ensemble": {
    "mae": 0.0075049471390972655,
    "directional_accuracy": 0.515527950310559
  }
}