{
  "xgboost": {
    "mae": 0.035287805842458386,
    "directional_accuracy": 0.36908517350157727
  },
  "rf": {
    "mae": 0.04341666407609268,
    "directional_accuracy": 0.3753943217665615
  },
  "ridge": {
    "mae": 0.020188346363144753,
    "directional_accuracy": 0.3801261829652997
  },
  "ensemble": {
    "mae": 0.031966716619799246,
    "directional_accuracy": 0.3659305993690852
  }
}