{
  "xgboost": {
    "mae": 0.038679287151112365,
    "directional_accuracy": 0.4126738794435858
  },
  "rf": {
    "mae": 0.0456687907553203,
    "directional_accuracy": 0.3740340030911901
  },
  "ridge": {
    "mae": 0.017944359550508313,
    "directional_accuracy": 0.4126738794435858
  },
  "ensemble": {
    "mae": 0.031737159937114325,
    "directional_accuracy": 0.39258114374034003
  }
}