{
  "xgboost": {
    "mae": 0.04216415912343461,
    "directional_accuracy": 0.38
  },
  "rf": {
    "mae": 0.04275592310182241,
    "directional_accuracy": 0.3707692307692308
  },
  "ridge": {
    "mae": 0.01868318936972028,
    "directional_accuracy": 0.4076923076923077
  },
  "ensemble": {
    "mae": 0.032703999610029406,
    "directional_accuracy": 0.3769230769230769
  }
}