{
  "xgboost": {
    "mae": 0.012799386060700137,
    "directional_accuracy": 0.48513302034428796
  },
  "rf": {
    "mae": 0.012611334392110072,
    "directional_accuracy": 0.5226917057902973
  },
  "ridge": {
    "mae": 0.006682855464584201,
    "directional_accuracy": 0.49765258215962443
  },
  "ensemble": {
    "mae": 0.008603468655404236,
    "directional_accuracy": 0.5007824726134585
  }
}