{
  "xgboost": {
    "mae": 0.057741273431744046,
    "directional_accuracy": 0.3790446841294299
  },
  "rf": {
    "mae": 0.04161984278668977,
    "directional_accuracy": 0.37442218798151
  },
  "ridge": {
    "mae": 0.018419052761951948,
    "directional_accuracy": 0.41294298921417566
  },
  "ensemble": {
    "mae": 0.03705092979215779,
    "directional_accuracy": 0.38212634822804314
  }
}