{
  "xgboost": {
    "mae": 0.05677099348730997,
    "directional_accuracy": 0.296998420221169
  },
  "rf": {
    "mae": 0.0806899949406744,
    "directional_accuracy": 0.25434439178515006
  },
  "ridge": {
    "mae": 0.0701358655663834,
    "directional_accuracy": 0.27014218009478674
  },
  "ensemble": {
    "mae": 0.06777166858859092,
    "directional_accuracy": 0.28751974723538704
  }
}