{
  "xgboost": {
    "mae": 0.035339258747585665,
    "directional_accuracy": 0.3546875
  },
  "rf": {
    "mae": 0.04454861976396618,
    "directional_accuracy": 0.36875
  },
  "ridge": {
    "mae": 0.0175514996884083,
    "directional_accuracy": 0.41875
  },
  "ensemble": {
    "mae": 0.030744460546852405,
    "directional_accuracy": 0.365625
  }
}