{
  "xgboost": {
    "mae": 0.0489643331061085,
    "directional_accuracy": 0.39599383667180277
  },
  "rf": {
    "mae": 0.04676007235558338,
    "directional_accuracy": 0.3728813559322034
  },
  "ridge": {
    "mae": 0.018160731241416195,
    "directional_accuracy": 0.41448382126348227
  },
  "ensemble": {
    "mae": 0.03573002125561212,
    "directional_accuracy": 0.386748844375963
  }
}