{
  "xgboost": {
    "mae": 0.06825685338267683,
    "directional_accuracy": 0.24846625766871167
  },
  "rf": {
    "mae": 0.07859722530795889,
    "directional_accuracy": 0.24846625766871167
  },
  "ridge": {
    "mae": 0.05389975783934692,
    "directional_accuracy": 0.2960122699386503
  },
  "ensemble": {
    "mae": 0.06561247503226345,
    "directional_accuracy": 0.25
  }
}