{
  "xgboost": {
    "mae": 0.010353197334853273,
    "directional_accuracy": 0.47648902821316613
  },
  "rf": {
    "mae": 0.012873003076732687,
    "directional_accuracy": 0.5188087774294671
  },
  "ridge": {
    "mae": 0.006762676169692613,
    "directional_accuracy": 0.48119122257053293
  },
  "ensemble": {
    "mae": 0.008023255740869551,
    "directional_accuracy": 0.5141065830721003
  }
}