{
  "xgboost": {
    "mae": 0.01125861049292542,
    "directional_accuracy": 0.4432515337423313
  },
  "rf": {
    "mae": 0.008664831824117323,
    "directional_accuracy": 0.4447852760736196
  },
  "ridge": {
    "mae": 0.007007555811515078,
    "directional_accuracy": 0.4938650306748466
  },
  "ensemble": {
    "mae": 0.00855363712582505,
    "directional_accuracy": 0.4386503067484663
  }
}