{
  "xgboost": {
    "mae": 0.034003247696762925,
    "directional_accuracy": 0.3548895899053628
  },
  "rf": {
    "mae": 0.04327111208601451,
    "directional_accuracy": 0.3659305993690852
  },
  "ridge": {
    "mae": 0.02080697303876114,
    "directional_accuracy": 0.3722397476340694
  },
  "ensemble": {
    "mae": 0.03182615701062222,
    "directional_accuracy": 0.3580441640378549
  }
}