{
  "xgboost": {
    "mae": 0.06491952825130941,
    "directional_accuracy": 0.2850467289719626
  },
  "rf": {
    "mae": 0.08364837204506866,
    "directional_accuracy": 0.2570093457943925
  },
  "ridge": {
    "mae": 0.04668814963429542,
    "directional_accuracy": 0.30218068535825543
  },
  "ensemble": {
    "mae": 0.06354323311931108,
    "directional_accuracy": 0.2866043613707165
  }
}