{
  "xgboost": {
    "mae": 0.041079194768212646,
    "directional_accuracy": 0.3993808049535604
  },
  "rf": {
    "mae": 0.04498487236168299,
    "directional_accuracy": 0.3746130030959752
  },
  "ridge": {
    "mae": 0.017787023292473204,
    "directional_accuracy": 0.413312693498452
  },
  "ensemble": {
    "mae": 0.032104327024237975,
    "directional_accuracy": 0.39164086687306504
  }
}