{
  "xgboost": {
    "mae": 0.00962860833938142,
    "directional_accuracy": 0.44651162790697674
  },
  "rf": {
    "mae": 0.007006316546320026,
    "directional_accuracy": 0.4992248062015504
  },
  "ridge": {
    "mae": 0.006821118451883597,
    "directional_accuracy": 0.5085271317829457
  },
  "ensemble": {
    "mae": 0.007418188580451024,
    "directional_accuracy": 0.4666666666666667
  }
}