{
  "xgboost": {
    "mae": 0.037673613722801105,
    "directional_accuracy": 0.34591194968553457
  },
  "rf": {
    "mae": 0.04489636060505657,
    "directional_accuracy": 0.3663522012578616
  },
  "ridge": {
    "mae": 0.01922672580539208,
    "directional_accuracy": 0.389937106918239
  },
  "ensemble": {
    "mae": 0.032730137437989304,
    "directional_accuracy": 0.3522012578616352
  }
}