{
  "xgboost": {
    "mae": 0.05650592361512163,
    "directional_accuracy": 0.3773006134969325
  },
  "rf": {
    "mae": 0.044397886320769346,
    "directional_accuracy": 0.36349693251533743
  },
  "ridge": {
    "mae": 0.01885326321314329,
    "directional_accuracy": 0.4110429447852761
  },
  "ensemble": {
    "mae": 0.037862712258856616,
    "directional_accuracy": 0.37423312883435583
  }
}