{
  "xgboost": {
    "mae": 0.009709235076959762,
    "directional_accuracy": 0.45440494590417313
  },
  "rf": {
    "mae": 0.007146049454656926,
    "directional_accuracy": 0.4868624420401855
  },
  "ridge": {
    "mae": 0.006869541400063009,
    "directional_accuracy": 0.5131375579598145
  },
  "ensemble": {
    "mae": 0.007532354528287209,
    "directional_accuracy": 0.46367851622874806
  }
}