{
  "xgboost": {
    "mae": 0.06487082734838433,
    "directional_accuracy": 0.28771384136858474
  },
  "rf": {
    "mae": 0.08140726128744553,
    "directional_accuracy": 0.2581648522550544
  },
  "ridge": {
    "mae": 0.04679903787710529,
    "directional_accuracy": 0.3001555209953344
  },
  "ensemble": {
    "mae": 0.06266674605962493,
    "directional_accuracy": 0.28771384136858474
  }
}