{
  "xgboost": {
    "mae": 0.043679086719078136,
    "directional_accuracy": 0.3438485804416404
  },
  "rf": {
    "mae": 0.04385496135083554,
    "directional_accuracy": 0.3675078864353312
  },
  "ridge": {
    "mae": 0.020541806401347097,
    "directional_accuracy": 0.37697160883280756
  },
  "ensemble": {
    "mae": 0.035041548995022376,
    "directional_accuracy": 0.35646687697160884
  }
}