{
  "xgboost": {
    "mae": 0.011646991078501895,
    "directional_accuracy": 0.43390357698289267
  },
  "rf": {
    "mae": 0.013015817019878405,
    "directional_accuracy": 0.5194401244167963
  },
  "ridge": {
    "mae": 0.006742141690864772,
    "directional_accuracy": 0.5147744945567652
  },
  "ensemble": {
    "mae": 0.007487143409956425,
    "directional_accuracy": 0.5132192846034215
  }
}