{
  "xgboost": {
    "mae": 0.03552754174707515,
    "directional_accuracy": 0.35949764521193095
  },
  "rf": {
    "mae": 0.04382487504007922,
    "directional_accuracy": 0.3642072213500785
  },
  "ridge": {
    "mae": 0.01905539274769867,
    "directional_accuracy": 0.39089481946624804
  },
  "ensemble": {
    "mae": 0.0316160723576028,
    "directional_accuracy": 0.3673469387755102
  }
}