{
  "xgboost": {
    "mae": 0.06707638628148259,
    "directional_accuracy": 0.2824427480916031
  },
  "rf": {
    "mae": 0.08689881923196875,
    "directional_accuracy": 0.2687022900763359
  },
  "ridge": {
    "mae": 0.052640688970054667,
    "directional_accuracy": 0.2916030534351145
  },
  "ensemble": {
    "mae": 0.06722202298934572,
    "directional_accuracy": 0.2778625954198473
  }
}