{
  "xgboost": {
    "mae": 0.010558760885830363,
    "directional_accuracy": 0.4670846394984326
  },
  "rf": {
    "mae": 0.012868581311799495,
    "directional_accuracy": 0.5188087774294671
  },
  "ridge": {
    "mae": 0.006752803276938505,
    "directional_accuracy": 0.4843260188087774
  },
  "ensemble": {
    "mae": 0.0079814985220022,
    "directional_accuracy": 0.5062695924764891
  }
}