{
  "xgboost": {
    "mae": 0.07019470002900956,
    "directional_accuracy": 0.28129829984544047
  },
  "rf": {
    "mae": 0.0843256160628851,
    "directional_accuracy": 0.2751159196290572
  },
  "ridge": {
    "mae": 0.048189787000824914,
    "directional_accuracy": 0.3106646058732612
  },
  "ensemble": {
    "mae": 0.0657067670691562,
    "directional_accuracy": 0.2782071097372488
  }
}