{
  "xgboost": {
    "mae": 0.054258971738701235,
    "directional_accuracy": 0.27899686520376177
  },
  "rf": {
    "mae": 0.08275712986358442,
    "directional_accuracy": 0.22884012539184953
  },
  "ridge": {
    "mae": 0.04833564054169739,
    "directional_accuracy": 0.3166144200626959
  },
  "ensemble": {
    "mae": 0.060445960037554404,
    "directional_accuracy": 0.2727272727272727
  }
}