{
  "xgboost": {
    "mae": 0.014242322543021031,
    "directional_accuracy": 0.4318529862174579
  },
  "rf": {
    "mae": 0.009069892856918359,
    "directional_accuracy": 0.43032159264931086
  },
  "ridge": {
    "mae": 0.007046815091218854,
    "directional_accuracy": 0.48545176110260335
  },
  "ensemble": {
    "mae": 0.009555823615420251,
    "directional_accuracy": 0.44104134762633995
  }
}