{
  "xgboost": {
    "mae": 0.014725367360390663,
    "directional_accuracy": 0.44992295839753466
  },
  "rf": {
    "mae": 0.0088287857794873,
    "directional_accuracy": 0.4453004622496148
  },
  "ridge": {
    "mae": 0.00697754613408727,
    "directional_accuracy": 0.4946070878274268
  },
  "ensemble": {
    "mae": 0.009507069734092991,
    "directional_accuracy": 0.4406779661016949
  }
}