{
  "xgboost": {
    "mae": 0.010228849911639545,
    "directional_accuracy": 0.4608294930875576
  },
  "rf": {
    "mae": 0.008621148301505689,
    "directional_accuracy": 0.4393241167434716
  },
  "ridge": {
    "mae": 0.007014216190024251,
    "directional_accuracy": 0.4930875576036866
  },
  "ensemble": {
    "mae": 0.00828704636197713,
    "directional_accuracy": 0.4485407066052227
  }
}