{
  "xgboost": {
    "mae": 0.013531187451823124,
    "directional_accuracy": 0.43285939968404424
  },
  "rf": {
    "mae": 0.012280241383698017,
    "directional_accuracy": 0.5308056872037915
  },
  "ridge": {
    "mae": 0.007255913901426246,
    "directional_accuracy": 0.4470774091627172
  },
  "ensemble": {
    "mae": 0.007993697373087801,
    "directional_accuracy": 0.49447077409162715
  }
}