{
  "xgboost": {
    "mae": 0.06538973066483003,
    "directional_accuracy": 0.2803738317757009
  },
  "rf": {
    "mae": 0.08458603960195879,
    "directional_accuracy": 0.2554517133956386
  },
  "ridge": {
    "mae": 0.04668814858179625,
    "directional_accuracy": 0.30218068535825543
  },
  "ensemble": {
    "mae": 0.06397300909116299,
    "directional_accuracy": 0.2834890965732087
  }
}