{
  "xgboost": {
    "mae": 0.05110975844297209,
    "directional_accuracy": 0.39263803680981596
  },
  "rf": {
    "mae": 0.04469716693445599,
    "directional_accuracy": 0.36809815950920244
  },
  "ridge": {
    "mae": 0.01862100802844756,
    "directional_accuracy": 0.4110429447852761
  },
  "ensemble": {
    "mae": 0.03603271488894647,
    "directional_accuracy": 0.3834355828220859
  }
}