{
  "xgboost": {
    "mae": 0.06822362511645906,
    "directional_accuracy": 0.27469135802469136
  },
  "rf": {
    "mae": 0.08223145195369044,
    "directional_accuracy": 0.2716049382716049
  },
  "ridge": {
    "mae": 0.049511930070450905,
    "directional_accuracy": 0.32098765432098764
  },
  "ensemble": {
    "mae": 0.06502844410300908,
    "directional_accuracy": 0.2762345679012346
  }
}