{
  "xgboost": {
    "mae": 0.01247171326317773,
    "directional_accuracy": 0.44135802469135804
  },
  "rf": {
    "mae": 0.007897602375912673,
    "directional_accuracy": 0.46141975308641975
  },
  "ridge": {
    "mae": 0.006908253693047252,
    "directional_accuracy": 0.5092592592592593
  },
  "ensemble": {
    "mae": 0.008563472578925872,
    "directional_accuracy": 0.4506172839506173
  }
}