{
  "xgboost": {
    "mae": 0.049035698991853664,
    "directional_accuracy": 0.3937984496124031
  },
  "rf": {
    "mae": 0.044539138413126456,
    "directional_accuracy": 0.3736434108527132
  },
  "ridge": {
    "mae": 0.017934853662804222,
    "directional_accuracy": 0.40930232558139534
  },
  "ensemble": {
    "mae": 0.034824372434121405,
    "directional_accuracy": 0.3875968992248062
  }
}