{
  "xgboost": {
    "mae": 0.06252881670209327,
    "directional_accuracy": 0.28726708074534163
  },
  "rf": {
    "mae": 0.08232904252512803,
    "directional_accuracy": 0.26242236024844723
  },
  "ridge": {
    "mae": 0.04673736215581352,
    "directional_accuracy": 0.2950310559006211
  },
  "ensemble": {
    "mae": 0.06188830063487092,
    "directional_accuracy": 0.2841614906832298
  }
}