{
  "xgboost": {
    "mae": 0.0679879044885226,
    "directional_accuracy": 0.25920245398773006
  },
  "rf": {
    "mae": 0.07935190727025963,
    "directional_accuracy": 0.25
  },
  "ridge": {
    "mae": 0.05389594462632399,
    "directional_accuracy": 0.299079754601227
  },
  "ensemble": {
    "mae": 0.06564507703871554,
    "directional_accuracy": 0.26380368098159507
  }
}