{
  "xgboost": {
    "mae": 0.06350997471488759,
    "directional_accuracy": 0.2676056338028169
  },
  "rf": {
    "mae": 0.08377137724029841,
    "directional_accuracy": 0.23161189358372458
  },
  "ridge": {
    "mae": 0.04619085323372835,
    "directional_accuracy": 0.3192488262910798
  },
  "ensemble": {
    "mae": 0.06309848988861798,
    "directional_accuracy": 0.27856025039123633
  }
}