{
  "xgboost": {
    "mae": 0.04382457635362498,
    "directional_accuracy": 0.3652037617554859
  },
  "rf": {
    "mae": 0.04394841695476265,
    "directional_accuracy": 0.3542319749216301
  },
  "ridge": {
    "mae": 0.018291071675416954,
    "directional_accuracy": 0.3981191222570533
  },
  "ensemble": {
    "mae": 0.03387940978126488,
    "directional_accuracy": 0.36363636363636365
  }
}