{
  "xgboost": {
    "mae": 0.012881168587584127,
    "directional_accuracy": 0.4437596302003082
  },
  "rf": {
    "mae": 0.00875166411096076,
    "directional_accuracy": 0.45454545454545453
  },
  "ridge": {
    "mae": 0.006943821357913351,
    "directional_accuracy": 0.49922958397534667
  },
  "ensemble": {
    "mae": 0.00897472545619822,
    "directional_accuracy": 0.44838212634822805
  }
}