{
  "xgboost": {
    "mae": 0.0728945714966283,
    "directional_accuracy": 0.29017160686427457
  },
  "rf": {
    "mae": 0.08450699889353774,
    "directional_accuracy": 0.25585023400936036
  },
  "ridge": {
    "mae": 0.046492293298433365,
    "directional_accuracy": 0.3088923556942278
  },
  "ensemble": {
    "mae": 0.0663712911093013,
    "directional_accuracy": 0.28081123244929795
  }
}