{
  "xgboost": {
    "mae": 0.04059762266026073,
    "directional_accuracy": 0.34591194968553457
  },
  "rf": {
    "mae": 0.04406238274531252,
    "directional_accuracy": 0.3663522012578616
  },
  "ridge": {
    "mae": 0.019180590695376414,
    "directional_accuracy": 0.38836477987421386
  },
  "ensemble": {
    "mae": 0.03338947254169186,
    "directional_accuracy": 0.3553459119496855
  }
}