{
  "xgboost": {
    "mae": 0.04103619331486422,
    "directional_accuracy": 0.35590551181102364
  },
  "rf": {
    "mae": 0.04413963609060061,
    "directional_accuracy": 0.36220472440944884
  },
  "ridge": {
    "mae": 0.019531207156854323,
    "directional_accuracy": 0.3905511811023622
  },
  "ensemble": {
    "mae": 0.03378073762104629,
    "directional_accuracy": 0.3590551181102362
  }
}