{
  "xgboost": {
    "mae": 0.011552034083053034,
    "directional_accuracy": 0.4638364779874214
  },
  "rf": {
    "mae": 0.012460165793642897,
    "directional_accuracy": 0.5235849056603774
  },
  "ridge": {
    "mae": 0.006990902939036517,
    "directional_accuracy": 0.46855345911949686
  },
  "ensemble": {
    "mae": 0.008015435796430248,
    "directional_accuracy": 0.47955974842767296
  }
}