{
  "xgboost": {
    "mae": 0.01036499819919595,
    "directional_accuracy": 0.43209876543209874
  },
  "rf": {
    "mae": 0.008162554704260068,
    "directional_accuracy": 0.4444444444444444
  },
  "ridge": {
    "mae": 0.006921125484226405,
    "directional_accuracy": 0.5077160493827161
  },
  "ensemble": {
    "mae": 0.008095526537328743,
    "directional_accuracy": 0.44290123456790126
  }
}