{
  "xgboost": {
    "mae": 0.047045928269226676,
    "directional_accuracy": 0.3618320610687023
  },
  "rf": {
    "mae": 0.04506636259578166,
    "directional_accuracy": 0.36335877862595417
  },
  "ridge": {
    "mae": 0.019050352293977942,
    "directional_accuracy": 0.4015267175572519
  },
  "ensemble": {
    "mae": 0.03521187787520782,
    "directional_accuracy": 0.366412213740458
  }
}