{
  "xgboost": {
    "mae": 0.06464435425150448,
    "directional_accuracy": 0.2687022900763359
  },
  "rf": {
    "mae": 0.08736775203529436,
    "directional_accuracy": 0.27022900763358776
  },
  "ridge": {
    "mae": 0.05290402095441226,
    "directional_accuracy": 0.2961832061068702
  },
  "ensemble": {
    "mae": 0.06661305754778986,
    "directional_accuracy": 0.2717557251908397
  }
}