{
  "xgboost": {
    "mae": 0.0667885571205892,
    "directional_accuracy": 0.28637059724349156
  },
  "rf": {
    "mae": 0.08232495006364689,
    "directional_accuracy": 0.26952526799387444
  },
  "ridge": {
    "mae": 0.05432459579296929,
    "directional_accuracy": 0.29709035222052066
  },
  "ensemble": {
    "mae": 0.06649345449276071,
    "directional_accuracy": 0.2725880551301684
  }
}