{
  "xgboost": {
    "mae": 0.01014229010121185,
    "directional_accuracy": 0.4340490797546012
  },
  "rf": {
    "mae": 0.008981704987553457,
    "directional_accuracy": 0.44171779141104295
  },
  "ridge": {
    "mae": 0.007031488633540821,
    "directional_accuracy": 0.49079754601226994
  },
  "ensemble": {
    "mae": 0.008326827408674345,
    "directional_accuracy": 0.45245398773006135
  }
}