{
  "xgboost": {
    "mae": 0.013700761683970022,
    "directional_accuracy": 0.43894899536321486
  },
  "rf": {
    "mae": 0.007161267008310687,
    "directional_accuracy": 0.4760432766615147
  },
  "ridge": {
    "mae": 0.00686851787265291,
    "directional_accuracy": 0.5115919629057187
  },
  "ensemble": {
    "mae": 0.008407306498321917,
    "directional_accuracy": 0.4420401854714065
  }
}