{
  "xgboost": {
    "mae": 0.05042048518541197,
    "directional_accuracy": 0.36850152905198774
  },
  "rf": {
    "mae": 0.04404566372193827,
    "directional_accuracy": 0.3654434250764526
  },
  "ridge": {
    "mae": 0.01932743271493071,
    "directional_accuracy": 0.40061162079510704
  },
  "ensemble": {
    "mae": 0.036075317481763965,
    "directional_accuracy": 0.37003058103975534
  }
}