{
  "xgboost": {
    "mae": 0.011406848661694172,
    "directional_accuracy": 0.42813455657492355
  },
  "rf": {
    "mae": 0.008975400007291945,
    "directional_accuracy": 0.4235474006116208
  },
  "ridge": {
    "mae": 0.007113594983649529,
    "directional_accuracy": 0.481651376146789
  },
  "ensemble": {
    "mae": 0.008818799850289126,
    "directional_accuracy": 0.4327217125382263
  }
}