{
  "xgboost": {
    "mae": 0.012423703465326692,
    "directional_accuracy": 0.4344512195121951
  },
  "rf": {
    "mae": 0.008514877907471156,
    "directional_accuracy": 0.4420731707317073
  },
  "ridge": {
    "mae": 0.007089219217325232,
    "directional_accuracy": 0.4878048780487805
  },
  "ensemble": {
    "mae": 0.008905709915066102,
    "directional_accuracy": 0.43597560975609756
  }
}