{
  "xgboost": {
    "mae": 0.013999265869834993,
    "directional_accuracy": 0.4485407066052227
  },
  "rf": {
    "mae": 0.008785288108543671,
    "directional_accuracy": 0.44086021505376344
  },
  "ridge": {
    "mae": 0.007014217219268154,
    "directional_accuracy": 0.4930875576036866
  },
  "ensemble": {
    "mae": 0.009326872392844575,
    "directional_accuracy": 0.44393241167434716
  }
}