{
  "xgboost": {
    "mae": 0.014134085584691997,
    "directional_accuracy": 0.43032159264931086
  },
  "rf": {
    "mae": 0.009065076327369396,
    "directional_accuracy": 0.43032159264931086
  },
  "ridge": {
    "mae": 0.007046813959885467,
    "directional_accuracy": 0.48545176110260335
  },
  "ensemble": {
    "mae": 0.009527524557146647,
    "directional_accuracy": 0.4318529862174579
  }
}