{
  "xgboost": {
    "mae": 0.010649265983546145,
    "directional_accuracy": 0.4628751974723539
  },
  "rf": {
    "mae": 0.0122186072155378,
    "directional_accuracy": 0.5323854660347551
  },
  "ridge": {
    "mae": 0.0073459372873815425,
    "directional_accuracy": 0.44549763033175355
  },
  "ensemble": {
    "mae": 0.0077879893725395465,
    "directional_accuracy": 0.5197472353870458
  }
}