{
  "xgboost": {
    "mae": 0.06596320130820317,
    "directional_accuracy": 0.2857142857142857
  },
  "rf": {
    "mae": 0.08207769756461004,
    "directional_accuracy": 0.2639751552795031
  },
  "ridge": {
    "mae": 0.046737359701821045,
    "directional_accuracy": 0.2950310559006211
  },
  "ensemble": {
    "mae": 0.06294905555998409,
    "directional_accuracy": 0.2841614906832298
  }
}