{
  "xgboost": {
    "mae": 0.03339243970950625,
    "directional_accuracy": 0.37183544303797467
  },
  "rf": {
    "mae": 0.04348064007322532,
    "directional_accuracy": 0.37183544303797467
  },
  "ridge": {
    "mae": 0.0224246357948417,
    "directional_accuracy": 0.3670886075949367
  },
  "ensemble": {
    "mae": 0.03228220205809086,
    "directional_accuracy": 0.370253164556962
  }
}