{
  "xgboost": {
    "mae": 0.011983558789284232,
    "directional_accuracy": 0.4664586583463339
  },
  "rf": {
    "mae": 0.01344722241832102,
    "directional_accuracy": 0.5179407176287052
  },
  "ridge": {
    "mae": 0.006724783765327691,
    "directional_accuracy": 0.5195007800312013
  },
  "ensemble": {
    "mae": 0.008413098188435764,
    "directional_accuracy": 0.49921996879875197
  }
}