{
  "xgboost": {
    "mae": 0.06256826776269112,
    "directional_accuracy": 0.28043143297380585
  },
  "rf": {
    "mae": 0.08204310217498952,
    "directional_accuracy": 0.26194144838212635
  },
  "ridge": {
    "mae": 0.050577851789371076,
    "directional_accuracy": 0.31741140215716485
  },
  "ensemble": {
    "mae": 0.0635331075624927,
    "directional_accuracy": 0.27889060092449924
  }
}