{
  "xgboost": {
    "mae": 0.0306099563388803,
    "directional_accuracy": 0.3615023474178404
  },
  "rf": {
    "mae": 0.04502640596116978,
    "directional_accuracy": 0.37089201877934275
  },
  "ridge": {
    "mae": 0.01753392255627303,
    "directional_accuracy": 0.4194053208137715
  },
  "ensemble": {
    "mae": 0.029341832500396552,
    "directional_accuracy": 0.36306729264475746
  }
}