{
  "xgboost": {
    "mae": 0.046338271057899436,
    "directional_accuracy": 0.37347560975609756
  },
  "rf": {
    "mae": 0.04566943468498915,
    "directional_accuracy": 0.36585365853658536
  },
  "ridge": {
    "mae": 0.01881388351749973,
    "directional_accuracy": 0.41310975609756095
  },
  "ensemble": {
    "mae": 0.0349029410203988,
    "directional_accuracy": 0.375
  }
}