{
  "xgboost": {
    "mae": 0.02813513466879906,
    "directional_accuracy": 0.38449612403100775
  },
  "rf": {
    "mae": 0.04457756318374849,
    "directional_accuracy": 0.3674418604651163
  },
  "ridge": {
    "mae": 0.01800696537100144,
    "directional_accuracy": 0.40310077519379844
  },
  "ensemble": {
    "mae": 0.028233108334812528,
    "directional_accuracy": 0.3813953488372093
  }
}