{
  "xgboost": {
    "mae": 0.012753506755846829,
    "directional_accuracy": 0.44992295839753466
  },
  "rf": {
    "mae": 0.00871759866045114,
    "directional_accuracy": 0.4453004622496148
  },
  "ridge": {
    "mae": 0.0069775468123233365,
    "directional_accuracy": 0.4946070878274268
  },
  "ensemble": {
    "mae": 0.008986154275686378,
    "directional_accuracy": 0.44684129429892144
  }
}