{
  "xgboost": {
    "mae": 0.05984016022173766,
    "directional_accuracy": 0.279320987654321
  },
  "rf": {
    "mae": 0.08192495134483892,
    "directional_accuracy": 0.2623456790123457
  },
  "ridge": {
    "mae": 0.0505384869731931,
    "directional_accuracy": 0.31790123456790126
  },
  "ensemble": {
    "mae": 0.06258570506893081,
    "directional_accuracy": 0.279320987654321
  }
}