{
  "xgboost": {
    "mae": 0.010409826256083018,
    "directional_accuracy": 0.49765258215962443
  },
  "rf": {
    "mae": 0.012879244214778728,
    "directional_accuracy": 0.5273865414710485
  },
  "ridge": {
    "mae": 0.006799341332172385,
    "directional_accuracy": 0.48200312989045385
  },
  "ensemble": {
    "mae": 0.008066788031768617,
    "directional_accuracy": 0.5039123630672926
  }
}