{
  "xgboost": {
    "mae": 0.037291659648743425,
    "directional_accuracy": 0.36477987421383645
  },
  "rf": {
    "mae": 0.04444495125550005,
    "directional_accuracy": 0.36792452830188677
  },
  "ridge": {
    "mae": 0.019180594373858235,
    "directional_accuracy": 0.38836477987421386
  },
  "ensemble": {
    "mae": 0.03245366392245345,
    "directional_accuracy": 0.3710691823899371
  }
}