{
  "xgboost": {
    "mae": 0.06501570496779314,
    "directional_accuracy": 0.296411856474259
  },
  "rf": {
    "mae": 0.0834584141417456,
    "directional_accuracy": 0.25585023400936036
  },
  "ridge": {
    "mae": 0.0460540172337787,
    "directional_accuracy": 0.31513260530421217
  },
  "ensemble": {
    "mae": 0.0634615780510598,
    "directional_accuracy": 0.28549141965678626
  }
}