{
  "xgboost": {
    "mae": 0.04222981172585939,
    "directional_accuracy": 0.3646322378716745
  },
  "rf": {
    "mae": 0.04468853944689232,
    "directional_accuracy": 0.3599374021909233
  },
  "ridge": {
    "mae": 0.01786590481749306,
    "directional_accuracy": 0.4131455399061033
  },
  "ensemble": {
    "mae": 0.03330149568375611,
    "directional_accuracy": 0.36306729264475746
  }
}