{
  "xgboost": {
    "mae": 0.06104031546230942,
    "directional_accuracy": 0.26489028213166144
  },
  "rf": {
    "mae": 0.08194574763804838,
    "directional_accuracy": 0.2304075235109718
  },
  "ridge": {
    "mae": 0.04891726572919103,
    "directional_accuracy": 0.3181818181818182
  },
  "ensemble": {
    "mae": 0.06268442313273455,
    "directional_accuracy": 0.2727272727272727
  }
}