{
  "xgboost": {
    "mae": 0.07377329141878608,
    "directional_accuracy": 0.250384024577573
  },
  "rf": {
    "mae": 0.07773032169714078,
    "directional_accuracy": 0.2488479262672811
  },
  "ridge": {
    "mae": 0.053669743948670384,
    "directional_accuracy": 0.2964669738863287
  },
  "ensemble": {
    "mae": 0.06713516303604981,
    "directional_accuracy": 0.2488479262672811
  }
}