{
  "xgboost": {
    "mae": 0.06463976580472809,
    "directional_accuracy": 0.2806201550387597
  },
  "rf": {
    "mae": 0.08425128032413158,
    "directional_accuracy": 0.2558139534883721
  },
  "ridge": {
    "mae": 0.046551921999119644,
    "directional_accuracy": 0.2992248062015504
  },
  "ensemble": {
    "mae": 0.0631068471098482,
    "directional_accuracy": 0.2806201550387597
  }
}