{
  "xgboost": {
    "mae": 0.04106286412058617,
    "directional_accuracy": 0.3966049382716049
  },
  "rf": {
    "mae": 0.04683744591365782,
    "directional_accuracy": 0.375
  },
  "ridge": {
    "mae": 0.01818662034760137,
    "directional_accuracy": 0.41358024691358025
  },
  "ensemble": {
    "mae": 0.03325872203290586,
    "directional_accuracy": 0.3904320987654321
  }
}