{
  "xgboost": {
    "mae": 0.05283137529047701,
    "directional_accuracy": 0.28773584905660377
  },
  "rf": {
    "mae": 0.08213549695311904,
    "directional_accuracy": 0.2468553459119497
  },
  "ridge": {
    "mae": 0.05781346212480812,
    "directional_accuracy": 0.28773584905660377
  },
  "ensemble": {
    "mae": 0.06296116519406392,
    "directional_accuracy": 0.2672955974842767
  }
}