{
  "xgboost": {
    "mae": 0.013030774862789593,
    "directional_accuracy": 0.4367283950617284
  },
  "rf": {
    "mae": 0.007875883171038748,
    "directional_accuracy": 0.45987654320987653
  },
  "ridge": {
    "mae": 0.006908253159634945,
    "directional_accuracy": 0.5092592592592593
  },
  "ensemble": {
    "mae": 0.00869212672050055,
    "directional_accuracy": 0.4382716049382716
  }
}