{
  "xgboost": {
    "mae": 0.010503674428732979,
    "directional_accuracy": 0.4591194968553459
  },
  "rf": {
    "mae": 0.012589027063576886,
    "directional_accuracy": 0.5220125786163522
  },
  "ridge": {
    "mae": 0.006941223869995508,
    "directional_accuracy": 0.4779874213836478
  },
  "ensemble": {
    "mae": 0.007689534615775131,
    "directional_accuracy": 0.5110062893081762
  }
}