{
  "xgboost": {
    "mae": 0.034065557980543414,
    "directional_accuracy": 0.39473684210526316
  },
  "rf": {
    "mae": 0.0455878587447754,
    "directional_accuracy": 0.3746130030959752
  },
  "ridge": {
    "mae": 0.017861661878342934,
    "directional_accuracy": 0.4102167182662539
  },
  "ensemble": {
    "mae": 0.0300745370871994,
    "directional_accuracy": 0.38854489164086686
  }
}