{
  "xgboost": {
    "mae": 0.013292227809926005,
    "directional_accuracy": 0.44875776397515527
  },
  "rf": {
    "mae": 0.013048477572593765,
    "directional_accuracy": 0.5201863354037267
  },
  "ridge": {
    "mae": 0.006758739546141201,
    "directional_accuracy": 0.5139751552795031
  },
  "ensemble": {
    "mae": 0.007625592885892451,
    "directional_accuracy": 0.5077639751552795
  }
}