{
  "xgboost": {
    "mae": 0.059557219760529675,
    "directional_accuracy": 0.2893081761006289
  },
  "rf": {
    "mae": 0.08223886897966984,
    "directional_accuracy": 0.23113207547169812
  },
  "ridge": {
    "mae": 0.06049147077491907,
    "directional_accuracy": 0.2861635220125786
  },
  "ensemble": {
    "mae": 0.06631450049622795,
    "directional_accuracy": 0.2578616352201258
  }
}