{
  "xgboost": {
    "mae": 0.035963543213617874,
    "directional_accuracy": 0.37267080745341613
  },
  "rf": {
    "mae": 0.04282849400648417,
    "directional_accuracy": 0.36645962732919257
  },
  "ridge": {
    "mae": 0.017816770990970558,
    "directional_accuracy": 0.4161490683229814
  },
  "ensemble": {
    "mae": 0.030262776411425406,
    "directional_accuracy": 0.37267080745341613
  }
}