{
  "xgboost": {
    "mae": 0.0665655160100894,
    "directional_accuracy": 0.29037267080745344
  },
  "rf": {
    "mae": 0.08250971926029235,
    "directional_accuracy": 0.26242236024844723
  },
  "ridge": {
    "mae": 0.04689670118710175,
    "directional_accuracy": 0.2950310559006211
  },
  "ensemble": {
    "mae": 0.06335382115749533,
    "directional_accuracy": 0.296583850931677
  }
}