{
  "xgboost": {
    "mae": 0.010383328856639574,
    "directional_accuracy": 0.49297971918876754
  },
  "rf": {
    "mae": 0.01335269290803272,
    "directional_accuracy": 0.5195007800312013
  },
  "ridge": {
    "mae": 0.006712056309454533,
    "directional_accuracy": 0.5132605304212169
  },
  "ensemble": {
    "mae": 0.008044661310782558,
    "directional_accuracy": 0.5241809672386896
  }
}