{
  "xgboost": {
    "mae": 0.011686417631708312,
    "directional_accuracy": 0.48503937007874015
  },
  "rf": {
    "mae": 0.01247369211444151,
    "directional_accuracy": 0.5307086614173229
  },
  "ridge": {
    "mae": 0.0070980253524061164,
    "directional_accuracy": 0.45511811023622045
  },
  "ensemble": {
    "mae": 0.00815897945381332,
    "directional_accuracy": 0.510236220472441
  }
}