{
  "xgboost": {
    "mae": 0.04107081422527719,
    "directional_accuracy": 0.36018957345971564
  },
  "rf": {
    "mae": 0.04372841857618621,
    "directional_accuracy": 0.36808846761453395
  },
  "ridge": {
    "mae": 0.021381385585906465,
    "directional_accuracy": 0.3665086887835703
  },
  "ensemble": {
    "mae": 0.03454743426403535,
    "directional_accuracy": 0.3617693522906793
  }
}