{
  "xgboost": {
    "mae": 0.06975712579170985,
    "directional_accuracy": 0.27217125382262997
  },
  "rf": {
    "mae": 0.08599369465110822,
    "directional_accuracy": 0.27217125382262997
  },
  "ridge": {
    "mae": 0.053617434631081415,
    "directional_accuracy": 0.3012232415902141
  },
  "ensemble": {
    "mae": 0.06822239922043952,
    "directional_accuracy": 0.27370030581039756
  }
}