{
  "xgboost": {
    "mae": 0.013192918425196836,
    "directional_accuracy": 0.4657320872274143
  },
  "rf": {
    "mae": 0.013725696880201234,
    "directional_accuracy": 0.5155763239875389
  },
  "ridge": {
    "mae": 0.006720759556382471,
    "directional_accuracy": 0.5233644859813084
  },
  "ensemble": {
    "mae": 0.008829156552401313,
    "directional_accuracy": 0.5093457943925234
  }
}