{
  "xgboost": {
    "mae": 0.06651602089183495,
    "directional_accuracy": 0.2668759811616955
  },
  "rf": {
    "mae": 0.08333607097279315,
    "directional_accuracy": 0.2370486656200942
  },
  "ridge": {
    "mae": 0.05142088073244847,
    "directional_accuracy": 0.3029827315541601
  },
  "ensemble": {
    "mae": 0.0659161656032194,
    "directional_accuracy": 0.271585557299843
  }
}