{
  "xgboost": {
    "mae": 0.011331549735702657,
    "directional_accuracy": 0.44976816074188564
  },
  "rf": {
    "mae": 0.007160395851824021,
    "directional_accuracy": 0.4667697063369397
  },
  "ridge": {
    "mae": 0.006862681266429308,
    "directional_accuracy": 0.5131375579598145
  },
  "ensemble": {
    "mae": 0.007844930365197263,
    "directional_accuracy": 0.4420401854714065
  }
}