{
  "xgboost": {
    "mae": 0.011362055539269039,
    "directional_accuracy": 0.4382716049382716
  },
  "rf": {
    "mae": 0.007873204183752926,
    "directional_accuracy": 0.45987654320987653
  },
  "ridge": {
    "mae": 0.006908253186670227,
    "directional_accuracy": 0.5092592592592593
  },
  "ensemble": {
    "mae": 0.008251716650392866,
    "directional_accuracy": 0.4444444444444444
  }
}