{
  "xgboost": {
    "mae": 0.06209376987642789,
    "directional_accuracy": 0.27414330218068533
  },
  "rf": {
    "mae": 0.08275872175816491,
    "directional_accuracy": 0.2538940809968847
  },
  "ridge": {
    "mae": 0.04700308669434388,
    "directional_accuracy": 0.29906542056074764
  },
  "ensemble": {
    "mae": 0.06242457913699004,
    "directional_accuracy": 0.278816199376947
  }
}