{
  "xgboost": {
    "mae": 0.010148314495327588,
    "directional_accuracy": 0.46153846153846156
  },
  "rf": {
    "mae": 0.012657343354979797,
    "directional_accuracy": 0.5243328100470958
  },
  "ridge": {
    "mae": 0.006937872428754492,
    "directional_accuracy": 0.4772370486656201
  },
  "ensemble": {
    "mae": 0.007873291259555142,
    "directional_accuracy": 0.4772370486656201
  }
}