{
  "xgboost": {
    "mae": 0.011286492170190073,
    "directional_accuracy": 0.45839874411302983
  },
  "rf": {
    "mae": 0.01252010979160089,
    "directional_accuracy": 0.5227629513343799
  },
  "ridge": {
    "mae": 0.0069356905298568125,
    "directional_accuracy": 0.478806907378336
  },
  "ensemble": {
    "mae": 0.0080593422139051,
    "directional_accuracy": 0.4772370486656201
  }
}