{
  "xgboost": {
    "mae": 0.03965589510752532,
    "directional_accuracy": 0.3744075829383886
  },
  "rf": {
    "mae": 0.04398761386977576,
    "directional_accuracy": 0.36808846761453395
  },
  "ridge": {
    "mae": 0.021757490452630732,
    "directional_accuracy": 0.3665086887835703
  },
  "ensemble": {
    "mae": 0.03428667175232272,
    "directional_accuracy": 0.3712480252764613
  }
}