{
  "xgboost": {
    "mae": 0.01378092612065714,
    "directional_accuracy": 0.4518633540372671
  },
  "rf": {
    "mae": 0.013056404770320145,
    "directional_accuracy": 0.5201863354037267
  },
  "ridge": {
    "mae": 0.0067587403228386135,
    "directional_accuracy": 0.5139751552795031
  },
  "ensemble": {
    "mae": 0.007672036734110123,
    "directional_accuracy": 0.5031055900621118
  }
}