{
  "xgboost": {
    "mae": 0.07663616109056129,
    "directional_accuracy": 0.28217054263565894
  },
  "rf": {
    "mae": 0.08391910108295857,
    "directional_accuracy": 0.25736434108527134
  },
  "ridge": {
    "mae": 0.04637431254197731,
    "directional_accuracy": 0.29767441860465116
  },
  "ensemble": {
    "mae": 0.06693365081200942,
    "directional_accuracy": 0.28527131782945736
  }
}