{
  "xgboost": {
    "mae": 0.046710205181126556,
    "directional_accuracy": 0.37347560975609756
  },
  "rf": {
    "mae": 0.0485165280481337,
    "directional_accuracy": 0.36585365853658536
  },
  "ridge": {
    "mae": 0.0186322188932841,
    "directional_accuracy": 0.41615853658536583
  },
  "ensemble": {
    "mae": 0.03586193221968298,
    "directional_accuracy": 0.37347560975609756
  }
}