{
  "xgboost": {
    "mae": 0.05353199055445034,
    "directional_accuracy": 0.3723076923076923
  },
  "rf": {
    "mae": 0.042018254904633,
    "directional_accuracy": 0.3707692307692308
  },
  "ridge": {
    "mae": 0.018501239312190193,
    "directional_accuracy": 0.4123076923076923
  },
  "ensemble": {
    "mae": 0.035936134659498985,
    "directional_accuracy": 0.37538461538461537
  }
}