{
  "xgboost": {
    "mae": 0.06364260467427524,
    "directional_accuracy": 0.2868217054263566
  },
  "rf": {
    "mae": 0.08377024501129707,
    "directional_accuracy": 0.26046511627906976
  },
  "ridge": {
    "mae": 0.04640321520382858,
    "directional_accuracy": 0.2961240310077519
  },
  "ensemble": {
    "mae": 0.06256943097661298,
    "directional_accuracy": 0.2837209302325581
  }
}