{
  "xgboost": {
    "mae": 0.06931303273190846,
    "directional_accuracy": 0.2650231124807396
  },
  "rf": {
    "mae": 0.08328683155267796,
    "directional_accuracy": 0.2588597842835131
  },
  "ridge": {
    "mae": 0.05165299893498796,
    "directional_accuracy": 0.3066255778120185
  },
  "ensemble": {
    "mae": 0.0665813403989174,
    "directional_accuracy": 0.26040061633281975
  }
}