{
  "xgboost": {
    "mae": 0.053259322533805796,
    "directional_accuracy": 0.3713405238828968
  },
  "rf": {
    "mae": 0.04187905768033558,
    "directional_accuracy": 0.3713405238828968
  },
  "ridge": {
    "mae": 0.01848375411457106,
    "directional_accuracy": 0.41294298921417566
  },
  "ensemble": {
    "mae": 0.03580968182236669,
    "directional_accuracy": 0.37442218798151
  }
}