{
  "xgboost": {
    "mae": 0.011029553101678552,
    "directional_accuracy": 0.4558359621451104
  },
  "rf": {
    "mae": 0.012587209767271046,
    "directional_accuracy": 0.5283911671924291
  },
  "ridge": {
    "mae": 0.007249222041069612,
    "directional_accuracy": 0.444794952681388
  },
  "ensemble": {
    "mae": 0.008065761178842548,
    "directional_accuracy": 0.4968454258675079
  }
}