{
  "xgboost": {
    "mae": 0.07461941184930669,
    "directional_accuracy": 0.2684049079754601
  },
  "rf": {
    "mae": 0.07998592387425137,
    "directional_accuracy": 0.25153374233128833
  },
  "ridge": {
    "mae": 0.05441516835727005,
    "directional_accuracy": 0.29754601226993865
  },
  "ensemble": {
    "mae": 0.06839858770255404,
    "directional_accuracy": 0.27300613496932513
  }
}