{
  "xgboost": {
    "mae": 0.010911333943639134,
    "directional_accuracy": 0.44637223974763407
  },
  "rf": {
    "mae": 0.01248022526661857,
    "directional_accuracy": 0.5283911671924291
  },
  "ridge": {
    "mae": 0.007080984539323639,
    "directional_accuracy": 0.45741324921135645
  },
  "ensemble": {
    "mae": 0.007639846445215493,
    "directional_accuracy": 0.5047318611987381
  }
}