{
  "xgboost": {
    "mae": 0.011072521788933736,
    "directional_accuracy": 0.4765625
  },
  "rf": {
    "mae": 0.013113769219099092,
    "directional_accuracy": 0.521875
  },
  "ridge": {
    "mae": 0.006718391131996837,
    "directional_accuracy": 0.5109375
  },
  "ensemble": {
    "mae": 0.00801902548134468,
    "directional_accuracy": 0.496875
  }
}