{
  "xgboost": {
    "mae": 0.06794999796194798,
    "directional_accuracy": 0.2919254658385093
  },
  "rf": {
    "mae": 0.08225555378121219,
    "directional_accuracy": 0.2639751552795031
  },
  "ridge": {
    "mae": 0.04689610490091703,
    "directional_accuracy": 0.2981366459627329
  },
  "ensemble": {
    "mae": 0.06387639434201207,
    "directional_accuracy": 0.29037267080745344
  }
}