{
  "xgboost": {
    "mae": 0.06526625075578597,
    "directional_accuracy": 0.2854938271604938
  },
  "rf": {
    "mae": 0.08369327909586521,
    "directional_accuracy": 0.2654320987654321
  },
  "ridge": {
    "mae": 0.05013794886786409,
    "directional_accuracy": 0.32098765432098764
  },
  "ensemble": {
    "mae": 0.06473828906578735,
    "directional_accuracy": 0.2808641975308642
  }
}