{
  "xgboost": {
    "mae": 0.06950458655163182,
    "directional_accuracy": 0.2806201550387597
  },
  "rf": {
    "mae": 0.08423386179892269,
    "directional_accuracy": 0.2589147286821705
  },
  "ridge": {
    "mae": 0.04632553869272386,
    "directional_accuracy": 0.2961240310077519
  },
  "ensemble": {
    "mae": 0.06464860009358821,
    "directional_accuracy": 0.2806201550387597
  }
}