{
  "xgboost": {
    "mae": 0.01125861049292542,
    "directional_accuracy": 0.4432515337423313
  },
  "rf": {
    "mae": 0.008697876504557738,
    "directional_accuracy": 0.4432515337423313
  },
  "ridge": {
    "mae": 0.007007554602302514,
    "directional_accuracy": 0.4938650306748466
  },
  "ensemble": {
    "mae": 0.00856400526869081,
    "directional_accuracy": 0.4386503067484663
  }
}