{
  "xgboost": {
    "mae": 0.041042183294921514,
    "directional_accuracy": 0.3516483516483517
  },
  "rf": {
    "mae": 0.04366589650516174,
    "directional_accuracy": 0.3516483516483517
  },
  "ridge": {
    "mae": 0.018505910912614013,
    "directional_accuracy": 0.3924646781789639
  },
  "ensemble": {
    "mae": 0.033065752323623625,
    "directional_accuracy": 0.35478806907378335
  }
}