{
  "xgboost": {
    "mae": 0.011939184635517214,
    "directional_accuracy": 0.43902439024390244
  },
  "rf": {
    "mae": 0.008556999462814796,
    "directional_accuracy": 0.4420731707317073
  },
  "ridge": {
    "mae": 0.007089053030230729,
    "directional_accuracy": 0.48628048780487804
  },
  "ensemble": {
    "mae": 0.008795327164378058,
    "directional_accuracy": 0.43902439024390244
  }
}