{
  "xgboost": {
    "mae": 0.04175570490334438,
    "directional_accuracy": 0.3673780487804878
  },
  "rf": {
    "mae": 0.04708468351471814,
    "directional_accuracy": 0.3628048780487805
  },
  "ridge": {
    "mae": 0.01887914132457345,
    "directional_accuracy": 0.4054878048780488
  },
  "ensemble": {
    "mae": 0.03407727054505083,
    "directional_accuracy": 0.36585365853658536
  }
}