{
  "xgboost": {
    "mae": 0.011338506678002657,
    "directional_accuracy": 0.47335423197492166
  },
  "rf": {
    "mae": 0.012925043670409527,
    "directional_accuracy": 0.5250783699059561
  },
  "ridge": {
    "mae": 0.006809507295083311,
    "directional_accuracy": 0.48119122257053293
  },
  "ensemble": {
    "mae": 0.008277903485126352,
    "directional_accuracy": 0.5015673981191222
  }
}