{
  "xgboost": {
    "mae": 0.0730571800155341,
    "directional_accuracy": 0.27633587786259545
  },
  "rf": {
    "mae": 0.08542050195897027,
    "directional_accuracy": 0.26259541984732826
  },
  "ridge": {
    "mae": 0.05177530476431014,
    "directional_accuracy": 0.2885496183206107
  },
  "ensemble": {
    "mae": 0.06832883907405461,
    "directional_accuracy": 0.26717557251908397
  }
}