{
  "xgboost": {
    "mae": 0.012039074109089696,
    "directional_accuracy": 0.44025157232704404
  },
  "rf": {
    "mae": 0.01283155064998293,
    "directional_accuracy": 0.5188679245283019
  },
  "ridge": {
    "mae": 0.006901304388261123,
    "directional_accuracy": 0.4811320754716981
  },
  "ensemble": {
    "mae": 0.008290383269271053,
    "directional_accuracy": 0.4889937106918239
  }
}