{
  "xgboost": {
    "mae": 0.010773394250271415,
    "directional_accuracy": 0.47131782945736433
  },
  "rf": {
    "mae": 0.007195710849472962,
    "directional_accuracy": 0.5147286821705427
  },
  "ridge": {
    "mae": 0.006807778817128051,
    "directional_accuracy": 0.5054263565891473
  },
  "ensemble": {
    "mae": 0.0075038875327848534,
    "directional_accuracy": 0.4790697674418605
  }
}