{
  "xgboost": {
    "mae": 0.012890057176492803,
    "directional_accuracy": 0.45131375579598143
  },
  "rf": {
    "mae": 0.007184147475495423,
    "directional_accuracy": 0.4945904173106646
  },
  "ridge": {
    "mae": 0.006867164600570661,
    "directional_accuracy": 0.5115919629057187
  },
  "ensemble": {
    "mae": 0.008300624095728031,
    "directional_accuracy": 0.4435857805255023
  }
}