{
  "xgboost": {
    "mae": 0.03958643264615054,
    "directional_accuracy": 0.36349453978159124
  },
  "rf": {
    "mae": 0.04304543019179785,
    "directional_accuracy": 0.35569422776911075
  },
  "ridge": {
    "mae": 0.017448925733653385,
    "directional_accuracy": 0.43213728549141966
  },
  "ensemble": {
    "mae": 0.03143163843076599,
    "directional_accuracy": 0.36973478939157567
  }
}