{
  "xgboost": {
    "mae": 0.044578454217063475,
    "directional_accuracy": 0.3660030627871363
  },
  "rf": {
    "mae": 0.04136102801934196,
    "directional_accuracy": 0.36294027565084225
  },
  "ridge": {
    "mae": 0.019205073225744315,
    "directional_accuracy": 0.3996937212863706
  },
  "ensemble": {
    "mae": 0.033490272304693,
    "directional_accuracy": 0.3675344563552833
  }
}