{
  "xgboost": {
    "mae": 0.011574484287005844,
    "directional_accuracy": 0.45339652448657186
  },
  "rf": {
    "mae": 0.012312065006529743,
    "directional_accuracy": 0.5339652448657188
  },
  "ridge": {
    "mae": 0.007477970713952634,
    "directional_accuracy": 0.43601895734597157
  },
  "ensemble": {
    "mae": 0.008087275148302837,
    "directional_accuracy": 0.4976303317535545
  }
}