{
  "xgboost": {
    "mae": 0.03932679790121193,
    "directional_accuracy": 0.375
  },
  "rf": {
    "mae": 0.045408861128953024,
    "directional_accuracy": 0.365625
  },
  "ridge": {
    "mae": 0.017480168000110104,
    "directional_accuracy": 0.4234375
  },
  "ensemble": {
    "mae": 0.032134221199160914,
    "directional_accuracy": 0.3671875
  }
}