{
  "xgboost": {
    "mae": 0.010238074908981331,
    "directional_accuracy": 0.47335423197492166
  },
  "rf": {
    "mae": 0.012710828518797708,
    "directional_accuracy": 0.5203761755485894
  },
  "ridge": {
    "mae": 0.006850155104474624,
    "directional_accuracy": 0.4827586206896552
  },
  "ensemble": {
    "mae": 0.007739418766613343,
    "directional_accuracy": 0.5015673981191222
  }
}